dataset_type,model_name,outer_fold,config_id,inner_fold,roc_auc,train_end,train_target_end,valid_start,valid_end,mean_auc
base,logistic_regression,1,0,1,0.5345096072635136,2017-03-10,2017-03-13,2017-03-14,2019-05-22,
base,logistic_regression,1,0,2,0.5182670070982662,2019-05-21,2019-05-22,2019-05-23,2021-07-30,
base,logistic_regression,1,0,3,0.48335486565138525,2021-07-29,2021-07-30,2021-08-02,2023-10-12,0.5120438266710551
base,logistic_regression,1,1,1,0.5341928842905405,2017-03-10,2017-03-13,2017-03-14,2019-05-22,
base,logistic_regression,1,1,2,0.5288809870734023,2019-05-21,2019-05-22,2019-05-23,2021-07-30,
base,logistic_regression,1,1,3,0.48023594200629005,2021-07-29,2021-07-30,2021-08-02,2023-10-12,0.5144366044567442
base,random_forest,1,0,1,0.5059715477195946,2017-03-10,2017-03-13,2017-03-14,2019-05-22,
base,random_forest,1,0,2,0.5214819468766292,2019-05-21,2019-05-22,2019-05-23,2021-07-30,
base,random_forest,1,0,3,0.4936969032611675,2021-07-29,2021-07-30,2021-08-02,2023-10-12,0.5070501326191305
base,random_forest,1,1,1,0.4997228673986487,2017-03-10,2017-03-13,2017-03-14,2019-05-22,
base,random_forest,1,1,2,0.5238948226770221,2019-05-21,2019-05-22,2019-05-23,2021-07-30,
base,random_forest,1,1,3,0.47921805060747236,2021-07-29,2021-07-30,2021-08-02,2023-10-12,0.500945246894381
base,hist_gradient_boosting,1,0,1,0.49249102618243246,2017-03-10,2017-03-13,2017-03-14,2019-05-22,
base,hist_gradient_boosting,1,0,2,0.5325504297726149,2019-05-21,2019-05-22,2019-05-23,2021-07-30,
base,hist_gradient_boosting,1,0,3,0.4635581829333542,2021-07-29,2021-07-30,2021-08-02,2023-10-12,0.49619987962946716
base,hist_gradient_boosting,1,1,1,0.49013539907094594,2017-03-10,2017-03-13,2017-03-14,2019-05-22,
base,hist_gradient_boosting,1,1,2,0.5344553317202936,2019-05-21,2019-05-22,2019-05-23,2021-07-30,
base,hist_gradient_boosting,1,1,3,0.47518563468138697,2021-07-29,2021-07-30,2021-08-02,2023-10-12,0.4999254551575421
base,xgboost,1,0,1,0.49367873733108103,2017-03-10,2017-03-13,2017-03-14,2019-05-22,
base,xgboost,1,0,2,0.5339339901346131,2019-05-21,2019-05-22,2019-05-23,2021-07-30,
base,xgboost,1,0,3,0.46779287215023035,2021-07-29,2021-07-30,2021-08-02,2023-10-12,0.4984685332053081
base,xgboost,1,1,1,0.49848236908783783,2017-03-10,2017-03-13,2017-03-14,2019-05-22,
base,xgboost,1,1,2,0.5281724972261954,2019-05-21,2019-05-22,2019-05-23,2021-07-30,
base,xgboost,1,1,3,0.48169752965587437,2021-07-29,2021-07-30,2021-08-02,2023-10-12,0.5027841319899692
base,lightgbm,1,0,1,0.48907305743243246,2017-03-10,2017-03-13,2017-03-14,2019-05-22,
base,lightgbm,1,0,2,0.5431644097477509,2019-05-21,2019-05-22,2019-05-23,2021-07-30,
base,lightgbm,1,0,3,0.4625402915345365,2021-07-29,2021-07-30,2021-08-02,2023-10-12,0.4982592529049066
base,lightgbm,1,1,1,0.5155260240709459,2017-03-10,2017-03-13,2017-03-14,2019-05-22,
base,lightgbm,1,1,2,0.5357653695509779,2019-05-21,2019-05-22,2019-05-23,2021-07-30,
base,lightgbm,1,1,3,0.48019679233710477,2021-07-29,2021-07-30,2021-08-02,2023-10-12,0.5104960619863429
hybrid,logistic_regression,1,0,1,0.5322529560810811,2017-03-10,2017-03-13,2017-03-14,2019-05-22,
hybrid,logistic_regression,1,0,2,0.48750785354311765,2019-05-21,2019-05-22,2019-05-23,2021-07-30,
hybrid,logistic_regression,1,0,3,0.478330658105939,2021-07-29,2021-07-30,2021-08-02,2023-10-12,0.4993638225767126
hybrid,logistic_regression,1,1,1,0.5293232685810811,2017-03-10,2017-03-13,2017-03-14,2019-05-22,
hybrid,logistic_regression,1,1,2,0.5084818265670326,2019-05-21,2019-05-22,2019-05-23,2021-07-30,
hybrid,logistic_regression,1,1,3,0.47530308368894286,2021-07-29,2021-07-30,2021-08-02,2023-10-12,0.5043693929456855
hybrid,random_forest,1,0,1,0.502758129222973,2017-03-10,2017-03-13,2017-03-14,2019-05-22,
hybrid,random_forest,1,0,2,0.51406953894689,2019-05-21,2019-05-22,2019-05-23,2021-07-30,
hybrid,random_forest,1,0,3,0.5042346892168761,2021-07-29,2021-07-30,2021-08-02,2023-10-12,0.5070207857955797
hybrid,random_forest,1,1,1,0.4938832875844595,2017-03-10,2017-03-13,2017-03-14,2019-05-22,
hybrid,random_forest,1,1,2,0.5239482936088868,2019-05-21,2019-05-22,2019-05-23,2021-07-30,
hybrid,random_forest,1,1,3,0.49144579728301296,2021-07-29,2021-07-30,2021-08-02,2023-10-12,0.5030924594921197
hybrid,hist_gradient_boosting,1,0,1,0.5070668813344595,2017-03-10,2017-03-13,2017-03-14,2019-05-22,
hybrid,hist_gradient_boosting,1,0,2,0.5301308701057388,2019-05-21,2019-05-22,2019-05-23,2021-07-30,
hybrid,hist_gradient_boosting,1,0,3,0.4706573229456211,2021-07-29,2021-07-30,2021-08-02,2023-10-12,0.5026183581286064
hybrid,hist_gradient_boosting,1,1,1,0.4847445101351352,2017-03-10,2017-03-13,2017-03-14,2019-05-22,
hybrid,hist_gradient_boosting,1,1,2,0.5293889609261165,2019-05-21,2019-05-22,2019-05-23,2021-07-30,
hybrid,hist_gradient_boosting,1,1,3,0.49054535489175116,2021-07-29,2021-07-30,2021-08-02,2023-10-12,0.5015596086510009
hybrid,xgboost,1,0,1,0.5018343538851351,2017-03-10,2017-03-13,2017-03-14,2019-05-22,
hybrid,xgboost,1,0,2,0.5293822770596335,2019-05-21,2019-05-22,2019-05-23,2021-07-30,
hybrid,xgboost,1,0,3,0.4842096334285975,2021-07-29,2021-07-30,2021-08-02,2023-10-12,0.5051420881244554
hybrid,xgboost,1,1,1,0.5060441300675675,2017-03-10,2017-03-13,2017-03-14,2019-05-22,
hybrid,xgboost,1,1,2,0.5170772788642773,2019-05-21,2019-05-22,2019-05-23,2021-07-30,
hybrid,xgboost,1,1,3,0.4956804864998891,2021-07-29,2021-07-30,2021-08-02,2023-10-12,0.5062672984772447
hybrid,lightgbm,1,0,1,0.493969066722973,2017-03-10,2017-03-13,2017-03-14,2019-05-22,
hybrid,lightgbm,1,0,2,0.5401700375633296,2019-05-21,2019-05-22,2019-05-23,2021-07-30,
hybrid,lightgbm,1,0,3,0.49048010544310905,2021-07-29,2021-07-30,2021-08-02,2023-10-12,0.5082064032431372
hybrid,lightgbm,1,1,1,0.5070866765202703,2017-03-10,2017-03-13,2017-03-14,2019-05-22,
hybrid,lightgbm,1,1,2,0.5304583795634099,2019-05-21,2019-05-22,2019-05-23,2021-07-30,
hybrid,lightgbm,1,1,3,0.515144397029845,2021-07-29,2021-07-30,2021-08-02,2023-10-12,0.5175631510378417
lag_1,logistic_regression,1,0,1,0.5049883868243243,2017-03-10,2017-03-13,2017-03-14,2019-05-22,
lag_1,logistic_regression,1,0,2,0.4785514724557862,2019-05-21,2019-05-22,2019-05-23,2021-07-30,
lag_1,logistic_regression,1,0,3,0.47736496626603503,2021-07-29,2021-07-30,2021-08-02,2023-10-12,0.48696827518204855
lag_1,logistic_regression,1,1,1,0.5046188766891893,2017-03-10,2017-03-13,2017-03-14,2019-05-22,
lag_1,logistic_regression,1,1,2,0.50828131057254,2019-05-21,2019-05-22,2019-05-23,2021-07-30,
lag_1,logistic_regression,1,1,3,0.47406334416474183,2021-07-29,2021-07-30,2021-08-02,2023-10-12,0.49565451047549036
lag_1,random_forest,1,0,1,0.4832004856418919,2017-03-10,2017-03-13,2017-03-14,2019-05-22,
lag_1,random_forest,1,0,2,0.5125389335222639,2019-05-21,2019-05-22,2019-05-23,2021-07-30,
lag_1,random_forest,1,0,3,0.49640475537981704,2021-07-29,2021-07-30,2021-08-02,2023-10-12,0.4973813915146576
lag_1,random_forest,1,1,1,0.48284417229729726,2017-03-10,2017-03-13,2017-03-14,2019-05-22,
lag_1,random_forest,1,1,2,0.5145240418677397,2019-05-21,2019-05-22,2019-05-23,2021-07-30,
lag_1,random_forest,1,1,3,0.48197157734017143,2021-07-29,2021-07-30,2021-08-02,2023-10-12,0.4931132638350695
lag_1,hist_gradient_boosting,1,0,1,0.48263962204391897,2017-03-10,2017-03-13,2017-03-14,2019-05-22,
lag_1,hist_gradient_boosting,1,0,2,0.5199045543866215,2019-05-21,2019-05-22,2019-05-23,2021-07-30,
lag_1,hist_gradient_boosting,1,0,3,0.4798966448733508,2021-07-29,2021-07-30,2021-08-02,2023-10-12,0.4941469404346304
lag_1,hist_gradient_boosting,1,1,1,0.47226694467905406,2017-03-10,2017-03-13,2017-03-14,2019-05-22,
lag_1,hist_gradient_boosting,1,1,2,0.527898458700389,2019-05-21,2019-05-22,2019-05-23,2021-07-30,
lag_1,hist_gradient_boosting,1,1,3,0.4809797857208107,2021-07-29,2021-07-30,2021-08-02,2023-10-12,0.49371506303341794
lag_1,xgboost,1,0,1,0.5029890730574325,2017-03-10,2017-03-13,2017-03-14,2019-05-22,
lag_1,xgboost,1,0,2,0.5246567834560938,2019-05-21,2019-05-22,2019-05-23,2021-07-30,
lag_1,xgboost,1,0,3,0.4799553693771288,2021-07-29,2021-07-30,2021-08-02,2023-10-12,0.5025337419635517
lag_1,xgboost,1,1,1,0.5007984058277027,2017-03-10,2017-03-13,2017-03-14,2019-05-22,
lag_1,xgboost,1,1,2,0.5177189300466534,2019-05-21,2019-05-22,2019-05-23,2021-07-30,
lag_1,xgboost,1,1,3,0.4878831773871511,2021-07-29,2021-07-30,2021-08-02,2023-10-12,0.5021335044205023
lag_1,lightgbm,1,0,1,0.4762589738175676,2017-03-10,2017-03-13,2017-03-14,2019-05-22,
lag_1,lightgbm,1,0,2,0.5296964187843384,2019-05-21,2019-05-22,2019-05-23,2021-07-30,
lag_1,lightgbm,1,0,3,0.4773453914314424,2021-07-29,2021-07-30,2021-08-02,2023-10-12,0.49443359467778275
lag_1,lightgbm,1,1,1,0.49769056165540543,2017-03-10,2017-03-13,2017-03-14,2019-05-22,
lag_1,lightgbm,1,1,2,0.5223107463205314,2019-05-21,2019-05-22,2019-05-23,2021-07-30,
lag_1,lightgbm,1,1,3,0.48817027496117654,2021-07-29,2021-07-30,2021-08-02,2023-10-12,0.5027238609790378
base,logistic_regression,2,0,1,0.5225783283957268,2017-05-16,2017-05-17,2017-05-18,2019-10-02,
base,logistic_regression,2,0,2,0.5344315972577509,2019-10-01,2019-10-02,2019-10-03,2022-02-15,
base,logistic_regression,2,0,3,0.4878883094887908,2022-02-14,2022-02-15,2022-02-16,2024-07-10,0.5149660783807563
base,logistic_regression,2,1,1,0.5078665050722686,2017-05-16,2017-05-17,2017-05-18,2019-10-02,
base,logistic_regression,2,1,2,0.5341814750389394,2019-10-01,2019-10-02,2019-10-03,2022-02-15,
base,logistic_regression,2,1,3,0.48919195970940854,2022-02-14,2022-02-15,2022-02-16,2024-07-10,0.5104133132735388
base,random_forest,2,0,1,0.5121308016877637,2017-05-16,2017-05-17,2017-05-18,2019-10-02,
base,random_forest,2,0,2,0.5353411325988836,2019-10-01,2019-10-02,2019-10-03,2022-02-15,
base,random_forest,2,0,3,0.4728684761777421,2022-02-14,2022-02-15,2022-02-16,2024-07-10,0.5067801368214632
base,random_forest,2,1,1,0.5065254960050275,2017-05-16,2017-05-17,2017-05-18,2019-10-02,
base,random_forest,2,1,2,0.5466591630001023,2019-10-01,2019-10-02,2019-10-03,2022-02-15,
base,random_forest,2,1,3,0.47110799126442926,2022-02-14,2022-02-15,2022-02-16,2024-07-10,0.508097550089853
base,hist_gradient_boosting,2,0,1,0.5153009695663884,2017-05-16,2017-05-17,2017-05-18,2019-10-02,
base,hist_gradient_boosting,2,0,2,0.5414804961515286,2019-10-01,2019-10-02,2019-10-03,2022-02-15,
base,hist_gradient_boosting,2,0,3,0.4699380487587467,2022-02-14,2022-02-15,2022-02-16,2024-07-10,0.5089065048255547
base,hist_gradient_boosting,2,1,1,0.5279086991650956,2017-05-16,2017-05-17,2017-05-18,2019-10-02,
base,hist_gradient_boosting,2,1,2,0.5309867321532111,2019-10-01,2019-10-02,2019-10-03,2022-02-15,
base,hist_gradient_boosting,2,1,3,0.4601606721041137,2022-02-14,2022-02-15,2022-02-16,2024-07-10,0.5063520344741401
base,xgboost,2,0,1,0.5061158990932759,2017-05-16,2017-05-17,2017-05-18,2019-10-02,
base,xgboost,2,0,2,0.5475971213206453,2019-10-01,2019-10-02,2019-10-03,2022-02-15,
base,xgboost,2,0,3,0.4519933591834916,2022-02-14,2022-02-15,2022-02-16,2024-07-10,0.501902126532471
base,xgboost,2,1,1,0.500768695574109,2017-05-16,2017-05-17,2017-05-18,2019-10-02,
base,xgboost,2,1,2,0.5554930250008527,2019-10-01,2019-10-02,2019-10-03,2022-02-15,
base,xgboost,2,1,3,0.4612804742166956,2022-02-14,2022-02-15,2022-02-16,2024-07-10,0.5058473982638857
base,lightgbm,2,0,1,0.4914882395188078,2017-05-16,2017-05-17,2017-05-18,2019-10-02,
base,lightgbm,2,0,2,0.5393828802710415,2019-10-01,2019-10-02,2019-10-03,2022-02-15,
base,lightgbm,2,0,3,0.4604782279270847,2022-02-14,2022-02-15,2022-02-16,2024-07-10,0.4971164492389781
base,lightgbm,2,1,1,0.5021209264745488,2017-05-16,2017-05-17,2017-05-18,2019-10-02,
base,lightgbm,2,1,2,0.5334311083825052,2019-10-01,2019-10-02,2019-10-03,2022-02-15,
base,lightgbm,2,1,3,0.46314681107099875,2022-02-14,2022-02-15,2022-02-16,2024-07-10,0.49956628197601755
hybrid,logistic_regression,2,0,1,0.5127480025136907,2017-05-16,2017-05-17,2017-05-18,2019-10-02,
hybrid,logistic_regression,2,0,2,0.5150357561080983,2019-10-01,2019-10-02,2019-10-03,2022-02-15,
hybrid,logistic_regression,2,0,3,0.48340910103846324,2022-02-14,2022-02-15,2022-02-16,2024-07-10,0.5037309532200841
hybrid,logistic_regression,2,1,1,0.5158901158093187,2017-05-16,2017-05-17,2017-05-18,2019-10-02,
hybrid,logistic_regression,2,1,2,0.5155473697374854,2019-10-01,2019-10-02,2019-10-03,2022-02-15,
hybrid,logistic_regression,2,1,3,0.4921780986762936,2022-02-14,2022-02-15,2022-02-16,2024-07-10,0.5078718614076992
hybrid,random_forest,2,0,1,0.4976378041116797,2017-05-16,2017-05-17,2017-05-18,2019-10-02,
hybrid,random_forest,2,0,2,0.5237729799788533,2019-10-01,2019-10-02,2019-10-03,2022-02-15,
hybrid,random_forest,2,0,3,0.48215002005615726,2022-02-14,2022-02-15,2022-02-16,2024-07-10,0.5011869347155634
hybrid,random_forest,2,1,1,0.497458254780501,2017-05-16,2017-05-17,2017-05-18,2019-10-02,
hybrid,random_forest,2,1,2,0.5254726741475949,2019-10-01,2019-10-02,2019-10-03,2022-02-15,
hybrid,random_forest,2,1,3,0.4931251949904176,2022-02-14,2022-02-15,2022-02-16,2024-07-10,0.5053520413061712
hybrid,hist_gradient_boosting,2,0,1,0.5134661998384056,2017-05-16,2017-05-17,2017-05-18,2019-10-02,
hybrid,hist_gradient_boosting,2,0,2,0.5583353229418921,2019-10-01,2019-10-02,2019-10-03,2022-02-15,
hybrid,hist_gradient_boosting,2,0,3,0.4846291839372465,2022-02-14,2022-02-15,2022-02-16,2024-07-10,0.5188102355725147
hybrid,hist_gradient_boosting,2,1,1,0.5219499057366012,2017-05-16,2017-05-17,2017-05-18,2019-10-02,
hybrid,hist_gradient_boosting,2,1,2,0.5519174141910252,2019-10-01,2019-10-02,2019-10-03,2022-02-15,
hybrid,hist_gradient_boosting,2,1,3,0.4750356553906494,2022-02-14,2022-02-15,2022-02-16,2024-07-10,0.5163009917727587
hybrid,xgboost,2,0,1,0.4914152976030164,2017-05-16,2017-05-17,2017-05-18,2019-10-02,
hybrid,xgboost,2,0,2,0.5259786031810998,2019-10-01,2019-10-02,2019-10-03,2022-02-15,
hybrid,xgboost,2,0,3,0.4616091723492446,2022-02-14,2022-02-15,2022-02-16,2024-07-10,0.4930010243777869
hybrid,xgboost,2,1,1,0.5061495645928719,2017-05-16,2017-05-17,2017-05-18,2019-10-02,
hybrid,xgboost,2,1,2,0.5169685187080051,2019-10-01,2019-10-02,2019-10-03,2022-02-15,
hybrid,xgboost,2,1,3,0.46772630030752776,2022-02-14,2022-02-15,2022-02-16,2024-07-10,0.4969481278694683
hybrid,lightgbm,2,0,1,0.4954663793877368,2017-05-16,2017-05-17,2017-05-18,2019-10-02,
hybrid,lightgbm,2,0,2,0.5405652762145139,2019-10-01,2019-10-02,2019-10-03,2022-02-15,
hybrid,lightgbm,2,0,3,0.463102241832687,2022-02-14,2022-02-15,2022-02-16,2024-07-10,0.4997112991449792
hybrid,lightgbm,2,1,1,0.5030635604632372,2017-05-16,2017-05-17,2017-05-18,2019-10-02,
hybrid,lightgbm,2,1,2,0.5436974885455392,2019-10-01,2019-10-02,2019-10-03,2022-02-15,
hybrid,lightgbm,2,1,3,0.4671636136738423,2022-02-14,2022-02-15,2022-02-16,2024-07-10,0.5046415542275396
lag_1,logistic_regression,2,0,1,0.49510728072537935,2017-05-16,2017-05-17,2017-05-18,2019-10-02,
lag_1,logistic_regression,2,0,2,0.5110906465659356,2019-10-01,2019-10-02,2019-10-03,2022-02-15,
lag_1,logistic_regression,2,0,3,0.4816820430538842,2022-02-14,2022-02-15,2022-02-16,2024-07-10,0.4959599901150664
lag_1,logistic_regression,2,1,1,0.5019525989765687,2017-05-16,2017-05-17,2017-05-18,2019-10-02,
lag_1,logistic_regression,2,1,2,0.5135804995622861,2019-10-01,2019-10-02,2019-10-03,2022-02-15,
lag_1,logistic_regression,2,1,3,0.4899496367607077,2022-02-14,2022-02-15,2022-02-16,2024-07-10,0.5018275784331875
lag_1,random_forest,2,0,1,0.5027830146332705,2017-05-16,2017-05-17,2017-05-18,2019-10-02,
lag_1,random_forest,2,0,2,0.5293381993474083,2019-10-01,2019-10-02,2019-10-03,2022-02-15,
lag_1,random_forest,2,0,3,0.4798324196639479,2022-02-14,2022-02-15,2022-02-16,2024-07-10,0.5039845445482088
lag_1,random_forest,2,1,1,0.4983560014363947,2017-05-16,2017-05-17,2017-05-18,2019-10-02,
lag_1,random_forest,2,1,2,0.5164227975033255,2019-10-01,2019-10-02,2019-10-03,2022-02-15,
lag_1,random_forest,2,1,3,0.47921959263716185,2022-02-14,2022-02-15,2022-02-16,2024-07-10,0.4979994638589607
lag_1,hist_gradient_boosting,2,0,1,0.4923410988419068,2017-05-16,2017-05-17,2017-05-18,2019-10-02,
lag_1,hist_gradient_boosting,2,0,2,0.554213990927385,2019-10-01,2019-10-02,2019-10-03,2022-02-15,
lag_1,hist_gradient_boosting,2,0,3,0.4731526050719793,2022-02-14,2022-02-15,2022-02-16,2024-07-10,0.506569231613757
lag_1,hist_gradient_boosting,2,1,1,0.5243738217075141,2017-05-16,2017-05-17,2017-05-18,2019-10-02,
lag_1,hist_gradient_boosting,2,1,2,0.5379333083211114,2019-10-01,2019-10-02,2019-10-03,2022-02-15,
lag_1,hist_gradient_boosting,2,1,3,0.47350915897847307,2022-02-14,2022-02-15,2022-02-16,2024-07-10,0.5119387630023662
lag_1,xgboost,2,0,1,0.5086352006463776,2017-05-16,2017-05-17,2017-05-18,2019-10-02,
lag_1,xgboost,2,0,2,0.5363075138988369,2019-10-01,2019-10-02,2019-10-03,2022-02-15,
lag_1,xgboost,2,0,3,0.4611969068948612,2022-02-14,2022-02-15,2022-02-16,2024-07-10,0.5020465404800252
lag_1,xgboost,2,1,1,0.5123608492683365,2017-05-16,2017-05-17,2017-05-18,2019-10-02,
lag_1,xgboost,2,1,2,0.5406278067692167,2019-10-01,2019-10-02,2019-10-03,2022-02-15,
lag_1,xgboost,2,1,3,0.4619155858626376,2022-02-14,2022-02-15,2022-02-16,2024-07-10,0.5049680806333969
lag_1,lightgbm,2,0,1,0.5002188257473741,2017-05-16,2017-05-17,2017-05-18,2019-10-02,
lag_1,lightgbm,2,0,2,0.5388201052787157,2019-10-01,2019-10-02,2019-10-03,2022-02-15,
lag_1,lightgbm,2,0,3,0.4637763515621518,2022-02-14,2022-02-15,2022-02-16,2024-07-10,0.5009384275294139
lag_1,lightgbm,2,1,1,0.5029625639644493,2017-05-16,2017-05-17,2017-05-18,2019-10-02,
lag_1,lightgbm,2,1,2,0.5291562922791819,2019-10-01,2019-10-02,2019-10-03,2022-02-15,
lag_1,lightgbm,2,1,3,0.4640214823728662,2022-02-14,2022-02-15,2022-02-16,2024-07-10,0.4987134462054992
base,logistic_regression,3,0,1,0.5101252680503401,2017-07-21,2017-07-24,2017-07-25,2020-02-13,
base,logistic_regression,3,0,2,0.5128580145869454,2020-02-12,2020-02-13,2020-02-14,2022-09-02,
base,logistic_regression,3,0,3,0.5235867258344588,2022-09-01,2022-09-02,2022-09-06,2025-04-03,0.5155233361572481
base,logistic_regression,3,1,1,0.5103969570828361,2017-07-21,2017-07-24,2017-07-25,2020-02-13,
base,logistic_regression,3,1,2,0.5147370766056779,2020-02-12,2020-02-13,2020-02-14,2022-09-02,
base,logistic_regression,3,1,3,0.5144703839475208,2022-09-01,2022-09-02,2022-09-06,2025-04-03,0.513201472545345
base,random_forest,3,0,1,0.49578881999631275,2017-07-21,2017-07-24,2017-07-25,2020-02-13,
base,random_forest,3,0,2,0.5063636275582848,2020-02-12,2020-02-13,2020-02-14,2022-09-02,
base,random_forest,3,0,3,0.5186523249083542,2022-09-01,2022-09-02,2022-09-06,2025-04-03,0.5069349241543173
base,random_forest,3,1,1,0.494668102737267,2017-07-21,2017-07-24,2017-07-25,2020-02-13,
base,random_forest,3,1,2,0.48149511347016266,2020-02-12,2020-02-13,2020-02-14,2022-09-02,
base,random_forest,3,1,3,0.5234468454562994,2022-09-01,2022-09-02,2022-09-06,2025-04-03,0.4998700205545763
base,hist_gradient_boosting,3,0,1,0.5086940490398704,2017-07-21,2017-07-24,2017-07-25,2020-02-13,
base,hist_gradient_boosting,3,0,2,0.5192264850885775,2020-02-12,2020-02-13,2020-02-14,2022-09-02,
base,hist_gradient_boosting,3,0,3,0.5123818251977619,2022-09-01,2022-09-02,2022-09-06,2025-04-03,0.5134341197754032
base,hist_gradient_boosting,3,1,1,0.5019551907159977,2017-07-21,2017-07-24,2017-07-25,2020-02-13,
base,hist_gradient_boosting,3,1,2,0.5246796392975795,2020-02-12,2020-02-13,2020-02-14,2022-09-02,
base,hist_gradient_boosting,3,1,3,0.4925284584217635,2022-09-01,2022-09-02,2022-09-06,2025-04-03,0.5063877628117802
base,xgboost,3,0,1,0.4903016718578678,2017-07-21,2017-07-24,2017-07-25,2020-02-13,
base,xgboost,3,0,2,0.5009201592359772,2020-02-12,2020-02-13,2020-02-14,2022-09-02,
base,xgboost,3,0,3,0.509690333783523,2022-09-01,2022-09-02,2022-09-06,2025-04-03,0.5003040549591227
base,xgboost,3,1,1,0.4985978905287263,2017-07-21,2017-07-24,2017-07-25,2020-02-13,
base,xgboost,3,1,2,0.49876989238979885,2020-02-12,2020-02-13,2020-02-14,2022-09-02,
base,xgboost,3,1,3,0.5151746092996334,2022-09-01,2022-09-02,2022-09-06,2025-04-03,0.5041807974060529
base,lightgbm,3,0,1,0.5009169504846739,2017-07-21,2017-07-24,2017-07-25,2020-02-13,
base,lightgbm,3,0,2,0.5108336642677954,2020-02-12,2020-02-13,2020-02-14,2022-09-02,
base,lightgbm,3,0,3,0.5017702103029134,2022-09-01,2022-09-02,2022-09-06,2025-04-03,0.5045069416851276
base,lightgbm,3,1,1,0.4988938375105522,2017-07-21,2017-07-24,2017-07-25,2020-02-13,
base,lightgbm,3,1,2,0.5152649574305279,2020-02-12,2020-02-13,2020-02-14,2022-09-02,
base,lightgbm,3,1,3,0.5061016785645379,2022-09-01,2022-09-02,2022-09-06,2025-04-03,0.5067534911685394
hybrid,logistic_regression,3,0,1,0.49758875983659845,2017-07-21,2017-07-24,2017-07-25,2020-02-13,
hybrid,logistic_regression,3,0,2,0.4958205398913243,2020-02-12,2020-02-13,2020-02-14,2022-09-02,
hybrid,logistic_regression,3,0,3,0.5152131969901601,2022-09-01,2022-09-02,2022-09-06,2025-04-03,0.5028741655726943
hybrid,logistic_regression,3,1,1,0.5063410279548608,2017-07-21,2017-07-24,2017-07-25,2020-02-13,
hybrid,logistic_regression,3,1,2,0.49873599178636807,2020-02-12,2020-02-13,2020-02-14,2022-09-02,
hybrid,logistic_regression,3,1,3,0.5128497009453984,2022-09-01,2022-09-02,2022-09-06,2025-04-03,0.5059755735622091
hybrid,random_forest,3,0,1,0.473641312258027,2017-07-21,2017-07-24,2017-07-25,2020-02-13,
hybrid,random_forest,3,0,2,0.47459876214368046,2020-02-12,2020-02-13,2020-02-14,2022-09-02,
hybrid,random_forest,3,0,3,0.510775612579587,2022-09-01,2022-09-02,2022-09-06,2025-04-03,0.48633856232709816
hybrid,random_forest,3,1,1,0.4851977993188368,2017-07-21,2017-07-24,2017-07-25,2020-02-13,
hybrid,random_forest,3,1,2,0.4867545499452748,2020-02-12,2020-02-13,2020-02-14,2022-09-02,
hybrid,random_forest,3,1,3,0.5298475786224195,2022-09-01,2022-09-02,2022-09-06,2025-04-03,0.500599975962177
hybrid,hist_gradient_boosting,3,0,1,0.4897582937928759,2017-07-21,2017-07-24,2017-07-25,2020-02-13,
hybrid,hist_gradient_boosting,3,0,2,0.523987098398923,2020-02-12,2020-02-13,2020-02-14,2022-09-02,
hybrid,hist_gradient_boosting,3,0,3,0.5430156280146633,2022-09-01,2022-09-02,2022-09-06,2025-04-03,0.5189203400688207
hybrid,hist_gradient_boosting,3,1,1,0.4866144635597085,2017-07-21,2017-07-24,2017-07-25,2020-02-13,
hybrid,hist_gradient_boosting,3,1,2,0.5251397189155681,2020-02-12,2020-02-13,2020-02-14,2022-09-02,
hybrid,hist_gradient_boosting,3,1,3,0.5066853173837546,2022-09-01,2022-09-02,2022-09-06,2025-04-03,0.5061464999530103
hybrid,xgboost,3,0,1,0.4827380432567753,2017-07-21,2017-07-24,2017-07-25,2020-02-13,
hybrid,xgboost,3,0,2,0.4845800683823601,2020-02-12,2020-02-13,2020-02-14,2022-09-02,
hybrid,xgboost,3,0,3,0.5133802816901408,2022-09-01,2022-09-02,2022-09-06,2025-04-03,0.4935661311097587
hybrid,xgboost,3,1,1,0.4956869366091268,2017-07-21,2017-07-24,2017-07-25,2020-02-13,
hybrid,xgboost,3,1,2,0.47998895808916825,2020-02-12,2020-02-13,2020-02-14,2022-09-02,
hybrid,xgboost,3,1,3,0.5263216284005402,2022-09-01,2022-09-02,2022-09-06,2025-04-03,0.5006658410329451
hybrid,lightgbm,3,0,1,0.47746921666230024,2017-07-21,2017-07-24,2017-07-25,2020-02-13,
hybrid,lightgbm,3,0,2,0.5127514698333059,2020-02-12,2020-02-13,2020-02-14,2022-09-02,
hybrid,lightgbm,3,0,3,0.4991944819602546,2022-09-01,2022-09-02,2022-09-06,2025-04-03,0.49647172281862023
hybrid,lightgbm,3,1,1,0.489481753170514,2017-07-21,2017-07-24,2017-07-25,2020-02-13,
hybrid,lightgbm,3,1,2,0.5098166461648732,2020-02-12,2020-02-13,2020-02-14,2022-09-02,
hybrid,lightgbm,3,1,3,0.5114219563959097,2022-09-01,2022-09-02,2022-09-06,2025-04-03,0.5035734519104323
lag_1,logistic_regression,3,0,1,0.478522011663222,2017-07-21,2017-07-24,2017-07-25,2020-02-13,
lag_1,logistic_regression,3,0,2,0.49889096597348004,2020-02-12,2020-02-13,2020-02-14,2022-09-02,
lag_1,logistic_regression,3,0,3,0.5176345745707119,2022-09-01,2022-09-02,2022-09-06,2025-04-03,0.49834918406913803
lag_1,logistic_regression,3,1,1,0.49054425135116775,2017-07-21,2017-07-24,2017-07-25,2020-02-13,
lag_1,logistic_regression,3,1,2,0.49908468370737,2020-02-12,2020-02-13,2020-02-14,2022-09-02,
lag_1,logistic_regression,3,1,3,0.5159945977233262,2022-09-01,2022-09-02,2022-09-06,2025-04-03,0.501874510927288
lag_1,random_forest,3,0,1,0.47557224502469464,2017-07-21,2017-07-24,2017-07-25,2020-02-13,
lag_1,random_forest,3,0,2,0.46796392975794965,2020-02-12,2020-02-13,2020-02-14,2022-09-02,
lag_1,random_forest,3,0,3,0.5130426393980321,2022-09-01,2022-09-02,2022-09-06,2025-04-03,0.4855262713935588
lag_1,random_forest,3,1,1,0.4730251603450451,2017-07-21,2017-07-24,2017-07-25,2020-02-13,
lag_1,random_forest,3,1,2,0.4666757068275815,2020-02-12,2020-02-13,2020-02-14,2022-09-02,
lag_1,random_forest,3,1,3,0.5148852016206831,2022-09-01,2022-09-02,2022-09-06,2025-04-03,0.4848620229311032
lag_1,hist_gradient_boosting,3,0,1,0.48629911021841854,2017-07-21,2017-07-24,2017-07-25,2020-02-13,
lag_1,hist_gradient_boosting,3,0,2,0.5198851253838033,2020-02-12,2020-02-13,2020-02-14,2022-09-02,
lag_1,hist_gradient_boosting,3,0,3,0.5431362145475593,2022-09-01,2022-09-02,2022-09-06,2025-04-03,0.516440150049927
lag_1,hist_gradient_boosting,3,1,1,0.49547831824488886,2017-07-21,2017-07-24,2017-07-25,2020-02-13,
lag_1,hist_gradient_boosting,3,1,2,0.520640624545974,2020-02-12,2020-02-13,2020-02-14,2022-09-02,
lag_1,hist_gradient_boosting,3,1,3,0.5300983986108432,2022-09-01,2022-09-02,2022-09-06,2025-04-03,0.5154057804672353
lag_1,xgboost,3,0,1,0.47672207182293636,2017-07-21,2017-07-24,2017-07-25,2020-02-13,
lag_1,xgboost,3,0,2,0.48366475208973003,2020-02-12,2020-02-13,2020-02-14,2022-09-02,
lag_1,xgboost,3,0,3,0.5155363688983214,2022-09-01,2022-09-02,2022-09-06,2025-04-03,0.4919743976036626
lag_1,xgboost,3,1,1,0.48315527998525115,2017-07-21,2017-07-24,2017-07-25,2020-02-13,
lag_1,xgboost,3,1,2,0.4919364993268308,2020-02-12,2020-02-13,2020-02-14,2022-09-02,
lag_1,xgboost,3,1,3,0.5067142581516496,2022-09-01,2022-09-02,2022-09-06,2025-04-03,0.4939353458212438
lag_1,lightgbm,3,0,1,0.49067039268768375,2017-07-21,2017-07-24,2017-07-25,2020-02-13,
lag_1,lightgbm,3,0,2,0.5098602326549985,2020-02-12,2020-02-13,2020-02-14,2022-09-02,
lag_1,lightgbm,3,0,3,0.5316129654640169,2022-09-01,2022-09-02,2022-09-06,2025-04-03,0.5107145302688997
lag_1,lightgbm,3,1,1,0.48923917367721403,2017-07-21,2017-07-24,2017-07-25,2020-02-13,
lag_1,lightgbm,3,1,2,0.4930794339567816,2020-02-12,2020-02-13,2020-02-14,2022-09-02,
lag_1,lightgbm,3,1,3,0.5219660428323365,2022-09-01,2022-09-02,2022-09-06,2025-04-03,0.5014282168221107
