news_id,group_id,partition,ticker,published_at,multi_company
5ad35cf097c2a1c70f5fc9431fb7d969af60b57feb7a02e9e00954ef4a264078,70e2c0362868595426bc8558ccb26f66b5c25da9b49fae48619f140b576d7365,development,AAPL,2023-07-19 22:53:14,False
442f49f6a00e33bf82cc9814fc86285c9b3ec011901aac5e0771e5f2b87dff01,cd3bfdabef25863b0a712683d07d10cbd4a19d79da4aab82529ed39070a8371b,development,AAPL,2023-02-21 03:48:27,False
bbc2702d100c92c10beea575e1a9e10bb6cd1314380dc833bd3f78aa517d4480,7baa7be8d738e5ffbcda97944e9e2b9e2fb63997573088e96374f394b8645b65,development,AAPL,2022-03-28 10:43:00,False
0c0b847a74421eecb03c71a9606efff5f9526036e21e729ad0b01c4824a48524,6bf1a09a09db497041e6fc8b863c5f07a4b95b0299ac602980cc8ef5ec62cbd4,development,AAPL,2022-11-23 00:28:00,False
131a1d4c394047da501e472743790115aa58b5f2608b3c13307ed96628670070,9e57185b9ba23df7630b0ab6570a207b304085a46b0289009f9fab1ec61b0ab9,development,AAPL,2023-04-12 01:31:39,False
a8ac28b05320e5172c679fe56dd666f3486fc74525f6b419fc075620a1e55778,51938c6b49442ad32b65dcc96c269f303da17761016c48f24a459f737f18b180,development,AAPL,2021-11-10 14:30:00,False
f7050e14c756afb2f8698e8a85539ee824c22cd7c5670d6173eb830f6a7084fb,9de1a6c9cc456e2a5953588af0372b31ca76baa7e67dccc179be1efd17e72c8c,development,AAPL,2017-01-16 09:40:25,True
b10c7c2e07ad0eb71e2f9a37fd88effd77393299e31af2828953b508b0002e17,c1b136daabd205b879f503df0ec6d2e3a8caf70e86a5b285ab1f11ad87b2cee4,development,AAPL,2021-01-07 01:27:59,True
2e9236bed2ccf95273320503ceb1a318c96e919bde10a12443d82b529f19e4dd,f6bb078442007439e1c4648fca6d327420a5bff98528943ce8911e120e09086e,development,AAPL,2021-06-08 21:08:11,False
c15f8822bded30d97de568c6d1cd5a99e81585dc6594c100e5e7f7744c6a2021,fa8ace151dacd3385120b7a54915413043c781e65847506c4910b08db3225893,development,AAPL,2019-06-03 01:36:15,True
f5e8b7f9315b520a3b5499a58c11ef8753679da23e06984da0d2ab6fbf73e506,acf23219682b6d883478b89f1cfb50330d1bfce984b14c69bb730b29c787aa02,development,AAPL,2022-01-26 22:44:00,False
1aa48143bb166cbe96053f88b867855d51b6a3efcd27f463b00ee1e8ee7ed343,a37196ca55bf779558c54a7c5b9720ea2d53beeeb726c60b00eb33c7f36c89f4,development,AAPL,2019-12-02 23:41:23,True
d0f677063cbd696e013d5ca3f8b90ae2690872341fac092b34be71200d779b87,745dfbf633344f0ed35ae2163746e12129e51c80733de80c5bf858c404888c70,development,AAPL,2021-01-26 01:58:17,False
9aa5de62ce9319668847603002a28300a4fc80b44e20625fa1e7a0291971f4ed,b85c1ba58ec722dbee00b2c75655cf4c80adbfb5571ae7f29131e19324ba1a76,development,AAPL,2020-02-01 13:21:00,False
a0c9f32595fc7bb92d0dbe866bce14bbbd4354138911da80bac45ffb29092341,ea4db2923a55c8a7912f32d8da2157508b49c9054d3ae68ea8addd0ac41a26f2,development,AAPL,2021-09-18 08:00:00,False
fb5cfb1e1660d3874ec58e25ae029296cc4c8edd53e0809f95d5f6e04d00263f,30be3407282501943f35f6bd0d31f1298ca1cdefdcd1833a11377eced142b7eb,development,AAPL,2015-09-21 10:27:00,False
86f06d47c187136800e4b498867a6215ab6065b8038b3e4d4ea7e852e8e16f3d,0dad8f2cef92f4b5392cf70c0823bdc3969547ff668ae355ac722d2defed8f96,development,AAPL,2021-07-01 21:01:04,True
a37e268ed4a84de0618150822c0c91c111e10fe3c84cbe4e858b15cccb10bd03,b4649c32f7374516c71df1900a799c1c262c34818fae3140673a012826d462dd,development,AAPL,2021-04-01 07:23:00,False
2604855175d1e558e7432b9de87ea2743f56f991822cb9d7fcd8ecdd4ef1d62f,28e127971b9b0284f742506e7ae4b9c93a820f8fcde4fe828e21f397b749e722,development,AAPL,2017-02-21 04:22:08,True
7f832332b7214caf8cd36e6baff9d207dd27c51d16d95c4dfffe7cce6ce1e920,d73050f41c6212c4636c7444d935cc3cab0d3225c50ef12d1357ec98bff96297,development,AAPL,2022-12-27 19:06:23,True
5a5a7f8fa9ffa917a6df435543377f9300ecdfe868fdd45d8690297e0679906c,a337292ff67350f5e7fd26c419bfa2d015cdc284be5da5758d155084b6c64ff8,development,AAPL,2020-12-09 12:25:00,True
7618d1a6bfe23c3d9af950d2561ade8aab054f60f311faf9bb8d328cccb440b1,99bafa32cb5419772dbdbef59c9c9ba7d4f8baf21faae4cccf01c4da4822f3eb,development,AAPL,2023-01-10 04:24:59,False
9e938be1aaccf6ef355932c82a7ab23b7f763483b90a33c087da1e06a901e253,fc7592976055d8942b44fd561cc785c4f52ae4370fd6ad9fcde0cf7993143d80,development,AAPL,2021-06-29 21:08:11,True
65c9dc186d6a389c76f1606a170f03018f8df713a07972dc0b029687c504c8f9,248feea80f73ddd55a09a8d2b6b70f8119a23efcb96a42415deca553ebb9afa7,development,AAPL,2022-01-13 05:35:00,False
f925885a42edaa65d4a869137952da18b4455b16bd3e51e1eb8f31a1deb849f3,bd9ed5153e4e731b03a09699ca39d40ceed8f5920cb7776b396ecfe4922bf527,development,AAPL,2022-07-26 05:00:33,False
877046ea4f9433388ba0f08d5ce3fdadf3a70cff4d761af27f725cb6fd84731d,a837702e0c731750e5c87ec789e2dfb554330e4b434d5e97d782aa45d2b2cbfc,development,AAPL,2020-07-23 22:36:20,True
71ba4998e3571be35e45023d84a069b5a9cefbac1e829b81eb82b1099b856f48,3e3034ec4d24e3cc8a9f742f83fbfce2b1bfd10e438547ad9c1c81bfd1d46c82,development,AAPL,2021-09-02 20:47:00,False
2be00708e73b486f5bbdd61fd47ba0d605ae53f41aef670470cf5925d2ef3d78,c00046224379fe2ff086cf2cd9fe44f9f7ac66a7e0e4e4e458b94b012adb4c62,development,AAPL,2019-07-09 23:41:24,False
49fd6ec81c56456ea267d1464787f029b82d66d3e12bd0e5037a2205d1338711,eccbe6a2a67635090247f3d041592c35b1f59a93a493ed0d6e4ac416f82185fc,development,AAPL,2023-01-12 04:32:34,True
06edf3cb1beafcc64426b86dd8e8e70f9fd7b6347fb6baffc108e90b0e29e1c4,08fee79c3384d66254e7c49acf1b82ddfaba4009bb85b9c83b33345a84fb2593,development,AAPL,2016-02-16 05:51:34,False
45cfa49829571ff4d15cb5b1722e333cc6e4b49460c0ad2347e28df530d1d24a,f08b4ee40168e55d384f1ac559c525db382cf3c230498526a9ca447552315651,development,AAPL,2022-02-02 16:55:47,True
9dd9238aaf24810fcda8b2969d01d7affafd1f09db902e091887324f3f3fbd80,39b1f4acf247f8f80f2ff3352d55caff73c1704fd3496dd932063492c357f3f5,development,AAPL,2022-09-20 17:09:52,False
27bbd1c00a9499fb8fb0c99c98ce2b0492b6014965d69ef813241eb6183eee7c,037a753123e621b86220a06bcacb3947922155cf3bcacd1f7020ff93b786da65,development,AAPL,2019-09-11 19:29:00,False
811af698023ac87a73929299f0237d936a10b3ea8976d96d9cd6986c3dde96c8,d0a322a44ccb5038578aa80bea5722bc8aea2fe5b558deb3ac72028c00b285e8,development,AAPL,2021-08-17 19:53:27,False
6fa0c4da3fc4920c1bcef894cebbc89f9bd910112c0db0a164d76993c645ed7a,7a3baf338601ca2557e6b81bc8f5c90c27ec3511b6f55554b8142153590efd9a,development,AAPL,2016-10-27 17:27:00,False
c26646cb2ed9b5cf0c75992685c1d86ebec846cd6228e542186cfc143c3e9561,dba9e047b327b6ac40e497d36fd2c387644cdb8c6461f1cdf6952f1fe20f49ad,development,AAPL,2023-07-24 10:46:00,False
862fe6f47c3221cd363cc0295019a66e9a751b9662d13081ae9569f5172e222d,3ad0b210e37e2373ba2eb63ea3e3d272610dddabfd83089c99f41cf129df86c1,development,AAPL,2021-06-23 18:09:21,True
5578d85d43a0bdc4071f56a53031181319e52cbf94d8d2095cfd9fb89ad42fa4,2b7525867c6108b9d0ffc470dd0e6ae04559d048a2195f251a8416556e92a3e2,development,AAPL,2022-05-10 15:04:00,False
b020e61cfd6cbfe32abc9afa75eaa1747fb2ee7e72c99cef1f501ec28440b7c8,e6bdb1c359414c37a2e3d5c459ee4b8ba02cd34b6dc7ad79be050c3bee98a519,development,AAPL,2017-02-15 06:21:00,False
fd987c322ca85e85e605f2d73ce7185475af139f59c40774584e05dee535396b,b9a31cf8c93edaa6b622a1fff2d885bbe30fd9fd4ae4390cab70a8db38a1c6b2,development,AAPL,2020-10-09 04:03:36,False
ca043f2d3e266b81ba1b51e77f762d5ae5eaff0d4337a8d64631d66a7adc1cb5,0579927d88aca762b4041992924ebbab64b73dc9468d60c7ec93c920995693fd,development,AAPL,2018-05-18 03:26:06,False
11e8f8aec47f34a9ed91721288f11e2a143e0cba21ba0bd4d4b735586fcf3aac,5ce95b46e7f8efa2a018305d8ec7919855a3c396a377cb0a50202e0c3b1190c7,development,AAPL,2022-08-11 09:23:33,True
c08dc248ba40fd58d0edb282cee010b9b272b1ca51ce7167ee7b020a6cafdc6a,869a16b7223f82cc1aebbb5dc520acdc82734fda0724ed7a0fd2c0f0d1da0bdf,development,AAPL,2019-01-02 00:56:36,False
ca93b4198e76348701d42750504ae8f74bde75cdfaf111139f7b50cdebf24f1f,8f758c842cc290e07337f2f3722f91833f9978fe8d87ad43d6a3ad8097e98b1d,development,AAPL,2021-08-05 21:06:12,False
438a786e35b1505f1a59b76925a4b1c870e56bff7c2cf7091a879e6111d50920,1e510c81060f0afbad22395e90879e39b90841266fa88cf29ac2a0edeff418c8,development,AAPL,2015-07-09 08:37:00,True
7d60b404eb10d1c57395c40e8b848cb26e4f3778328de657dbe6573d6ddf457e,a628f724adf692e68ed31fcbdd336ef9f47f07df21e03a610fc5e65142c8c0f3,development,AAPL,2017-03-13 13:59:00,True
135d8e6b1d62c6f7db24c0a2eecfe46a9eba9a3c8c7fd1375909a78898301974,1037a148a79b12fbfbdbc494b39aa2c2ca07cbdbaab75e0905bf2a3db6e71904,development,AAPL,2022-09-07 15:10:00,False
efb3c9144fa6f6d1f06ced3683fe2341ba24df1a75dc6b65ad10964903c08393,e51a5f10f54eac4475a8bbe6001d6277768509c7c065284cec53fd19554acf15,development,AAPL,2021-05-31 22:28:35,False
7b1b4f0b720648fe34386b883409edf0cdb9e93111c38989bbfec3ec78104e73,57982722159155d0a4393b827fd17388b71193e48e34c896d45a236e4d3ce40f,development,AAPL,2022-12-21 17:06:20,False
109aade7ab14dfe0ca8331facb28ec442f9ed3f0c3dc1b73f4d31b62c961fff6,0c8afb0e00e751557535d9eb462ebc8ef4a9b97e9964be68313beef50fd96e1e,development,AAPL,2020-02-18 22:36:44,True
f38dcee69d4306dc1dd0c70f1a95837169055f0ae6e84ce36dbb598c4844e1eb,8174ad1bdea76b10a2aaa530ccd5011c230ed47ac89ad77fd88ee04c138cd357,development,MSFT,2022-04-22 13:12:12,False
c021a59320da021b8d6db7b9deae338975597c377f2b7d73d052401536959e77,b473472cf6034610680a9d1a03401eb6123c1cf53473a50505851432d664c8de,development,MSFT,2023-07-26 23:23:41,False
14bc4039be147fc9ffb33b9e508e534dbae62aea975387b86c17cb7374bf06b0,8f4dbf8a961b7ca539873f824d19be52d859557079ea6f896a64990e6971c142,development,MSFT,2016-09-29 05:00:00,False
9a6b7442ffb9a5be3f388c7eaa37e96a18cd7d4e23924ea29a57eaf3e86f38a9,a09851e5b05dd9eac641c682ab690e866b1960906212916d0a47898cb40e9f57,development,MSFT,2021-09-01 08:58:00,False
7e63a583009954a96470884e148050e5f93d2408d2caaccded81a36d88502b85,eebdaa7c9bfdd35d2e4b3e69f830117bdd347b6025e8ab582a51846317204404,development,MSFT,2022-03-19 02:19:00,False
7ad181ebbb22250a3f449d8d65277a6edef04745d0ac2bec4df1fa38c472c0d9,b0d9594dbfacc9dda3f58dc136a314d15421d5cc76f16bcc92ffe7223f16295c,development,MSFT,2016-11-09 07:01:44,False
8149a76b6f89d06bd9ed4fff3c399e0215e55bed9c2176077bc6d3c07ecc9344,7ed828db91a052f9e4ef5a560b5e41c5b2148846fc40b98c84931a2ae90666bd,development,MSFT,2020-12-10 22:11:27,False
aaa1f7f4d140402948520a66b5600e2ac850e8ad66300a82f377d5e3b3339148,c641434d18611457a98d23012ca02490129a6fa35fb827d3c890645ca04912c6,development,MSFT,2016-10-21 15:07:00,False
3753e27356ecd637680f9749fd835eb3fc29d056d6443f4785727e4f077be3c6,44afaac42914345d066ad76891c6093b79fb8c95b6cbb525db8b75d44f718a96,development,MSFT,2018-11-15 02:07:31,False
70b666980839817d94d62d37ef08a3df46713c312955bbab4f20dc5c049c92c8,b417f87a5e8dbb4912fba5c32fcc736b37a3cee56fa277f4b39b042c3d2f1577,development,MSFT,2023-01-26 04:45:14,False
13f5ba93a86c014c8a8631031683ae34855057df50a3c029d7aca04a6cce19d5,90cf51e143c449946c8a55dbcc05999b38aa1af0c101f29e9ad8caf53f85b3ca,development,MSFT,2023-01-04 04:01:13,False
dc4c85a7e7e01217154c41c71a0f1ccfcfd62b9067a37acd4f580d679da930eb,5c2a0c08ac1e395857e7bc219aed33367d112c144a54e3b75e0d8399e547722d,development,MSFT,2016-06-14 07:01:44,False
24c68cc5f88f16ad7722419900dd9c3e34ac4395571b36fec394b1b5f7d3385a,f67f90791bc880f47440c3da9db35457d30855064662860bce79badca47aa77f,development,MSFT,2019-10-12 12:30:00,True
2f7e854a8845e9c849a656ba16eaf324e42ceb10824613e35b4069e224d84ed4,8edc595313c3c1723a898899ac0a0f26e08feba9779e12a78e2c6403ba090a47,development,MSFT,2020-09-14 10:20:00,False
9f0c311f8f24e49c107c09ac9d906b36683eee1b3da8f271b047124314061d3e,f8fd8d89069c72ed3913bf7186772f2012006587ff84af6f04ae467eadc37402,development,MSFT,2023-02-07 14:19:00,False
7158cf6523f13f67317da577e7728b093933643a8cf2bde62eabf104500fb78c,9e70b2b1daf10225ac67064ac18f71ccd57d697597d864063cdd1990d7e0ed14,development,MSFT,2019-04-15 15:08:00,False
e2d85ab5cf85eba837597a93dadb5ba5646b444f8c55599ec63584dad97cf485,27527eac6e66cc3fd6f279ecdb827f8f7330408dac0091cde9fde93fd3035d95,development,MSFT,2021-11-30 17:00:53,False
54e08c2e46acd63b45446920f08ca0034bde718049d4f938293f45d3739bcd6c,8114ce089497edc504d657d54c78fda229f70da4d9a2a12ca2b18cd435270a30,development,MSFT,2023-07-28 14:45:51,False
ad22a81f54c111d33aa59aa6aa428d885e3e4b9072cea4dd48ac9bf468b4dfa9,5e974a692add49676552f19b63be9b2f21ff4fa601231d2f02db394861afb047,development,MSFT,2022-05-02 12:24:26,False
aaa073a7bd25a62b48a79ee7baee327cc1e37da58987616a7497ffc813d32dfc,e41744b53259f5501472c8f8081b4d2a8a131e7c8269ec4dc981633177b8976b,development,MSFT,2018-04-12 02:41:26,True
98ab1e5347da927b7cf74440309f221bf5d4c106b75665a19c91667ccf71d314,f020326a33b54a620c3a87aa7d0638de846cb48c940a64246168e24da2a2ec8c,development,MSFT,2023-09-11 21:17:22,False
0afb543c448b0814cd84d3fe2325968fdd98020228a9ed06fb21b52f7eee83bc,1630cf8bec3bfef16ba123e77c225657fcb75f10d87d0306253448fc8cc21312,development,MSFT,2021-10-29 18:15:08,True
577f21c8e3fe12d70ade9165f98084c9c930245805447daa912aed532a6af519,eab6a60d8858b7b39f45e8eca09811ba8163a2ebf9cd3e5dca9d75f5a439bff6,development,MSFT,2022-03-25 13:39:08,False
df82c0c75454715b1efb41acb389d16a083466476d168ab7105e9795217aaf90,a27e95f5bab4b7b51d0c8b04557a2adb3bc7077226472a23e6e94b465d1d4b05,development,MSFT,2019-06-01 12:37:00,False
ea43a5d9a21a31aca6809639479ff1444f9aec8ae92df443780243f3700ffb90,e916cdb0036bd542cd42c1aaa64a0f62aecc6016470858bddb2b77de3b910319,development,MSFT,2021-04-26 17:30:50,False
2aea1e26a17609d7af5604db92dad556cb2084d6577f654280173162902fd3b6,03a77ca5fc2e71e6e5b0db837a3dd4b8f803d1114f657becf42f2aedb37d03d5,development,MSFT,2019-07-17 01:26:56,False
0a68abd3440347879d43d2a23a9cf85ce23f1784bb5363e06f0edd34979ddc7d,8a91926dd59282ffb80ca8bab12473cc5bb070522b391c7488656443761faf89,development,MSFT,2022-12-05 18:26:41,False
48449cd4d21151022fd53db22ac4d6ce4ffc7d7d1a4a9c66430b736ee06401f5,f995c21d4e58b5ab7f86e29be6c29a51b6002fa8c82cec7049e520e653ae61fc,development,MSFT,2015-04-22 09:32:06,True
66636b2b5515eb55609730703295fa60ff51f4ead96443aa59ab3a243464586e,9f9441a514000b942b5f37e1fb9067fb8dbbc3cd649e951786fa0a0ce7a9c106,development,MSFT,2022-06-13 10:52:29,True
0f7c0c75bde92735b7852f78c9aa61ac6c5fde29400da3b9166674b3603ac91c,e650704f3fa10c0b13fff781221039ad5864443f64446142a87b8cf33346e308,development,MSFT,2020-03-03 08:09:00,True
07fcc1abca6255665b7bec14bd279d9b4f6c4c2fb08810124475c3b816679243,1d7733afab81aa3dba33dd185fd45c80ee84d0abbf6d218abd118cfb29bfd1b1,development,MSFT,2019-03-11 00:52:35,False
c6b9c7dfe7d53751a306ab17d1c69bdef6ce97ef7bd3bfe288706dd4a3f71ef2,32d8b621fbdba06b7fa7369ed50c83c8a88f4225877ee8d5a29534272b8f9bd6,development,MSFT,2021-08-11 19:34:52,False
6e7539ed3a21c509eded29397a168e68211df6d724d3f75404cd03e5195a7276,d674c43afa6908c136476a146f05eff381a9d8ca127f2b1cfd96322bcea852a6,development,MSFT,2021-11-26 14:03:00,False
27839bbc00308c957fedf09d2841ff4fd53c7bf6b8364a010c872e0e4e241b8a,7a7d66a48b9575ec2fde555381fcfc3d6f8d6418cb015bcf3505b0fd357bfe9f,development,MSFT,2021-01-29 02:06:51,False
2082217b5c8357ff436498a70175a144707e6712e427a7a28a4890789ee27487,dbb5fdf4f1b434f2d100aac09785520568e7597aaf9e8e29c08bb840258fc568,development,MSFT,2022-12-08 16:37:00,False
f42addb856c799f4ee8b587209e764230d9801a0b7adfb76fafd2f5520478b9a,90f8dc344493c75091e2382296477a1c4656d39ddadb736f1dfa423f1aba2a88,development,MSFT,2022-11-30 06:18:55,False
240949a0e813e40cceac3ce3af94207df03183fcda31adf0a89e7a112c0a713d,30405301dc024c98a0639b6690c409e968946f36836c78a25d25f63ed612c0d7,development,MSFT,2017-12-05 04:57:44,False
b708136617293fab08fe46434bd5f5dba72c985822d0fafef49dcd5d3ae9c6a3,11f38196d4be8f5f2c2e3307c806739f46d0883f4f349d1814907ef65b8df252,development,MSFT,2022-11-18 06:17:11,False
464ad4f88526ccb6608ad0f19dc23ae58cdc64353e346bc25ff1c39912f1b216,269639c83a0564f295e0106160f1eac8cb5e037f9a2bfa5b01d69332aec3a970,development,MSFT,2022-12-07 05:23:05,False
d26e598fa06798d49df4066d6da62b341d20f1877faa0f48cb6b65354ca2713d,9c630aa4c63c27dadd95e3d357e2e15f21380ab39e4e9010d993fa0c130e84bd,development,MSFT,2015-03-25 09:06:51,False
9ad687bf0d1f557ebf277b4f2f5921e0cca64f9ee4a6edad39f6ffc169c6c4db,6832fee82a00fa713fdf4dfa7e58aedebae4138923bb12066a1ac2f739376231,development,MSFT,2015-07-30 09:26:42,False
8caf71233a1c26a55d49d8f7aee03981a4394c69bae2dc6ddfcfb3773132845e,d653fead58ad582cfb7f688fc6e3272d7904e47d78740047806364b468f8a9c2,development,MSFT,2023-07-20 15:06:12,True
838e5a955d0a8e2cd46927a8e93747b9bab2a6be658aac88ad2b2824fc6bd79a,760e3525ebe419210b8137890d5442086c7ecafcb972ec26ef91d03aadf4ab40,development,MSFT,2022-07-22 10:24:41,False
c4fead634cdd92b659302a5b03265cf00249ca2f3fc92456b179ae372d64d0f1,3dc0a6369d852a2fe403876897e3fb9bd6fe61ff123de73b9dca6f652a153972,development,MSFT,2023-01-26 04:45:14,False
8ee8a1fc9b11f89e575319061f57e7101054ae19f611a45382cba109c2e0fd56,d30634d869edb2209fe452241886a1361af22540d5480236e05b572e8b375713,development,MSFT,2016-12-28 03:00:00,True
cee25203d51aaaa76899e0937d193bb6428cca20e4b5808ecf490875831d9e26,caf79a91b79d44b863371c06cd333dd1bf3f623cef94862e230a3119ef534e37,development,MSFT,2020-10-01 04:28:58,False
56245d373474a2ee88520b74cd5aa12cd485af6f253c06db0cacee692b900f46,d7043b0cde11d4b4ebe26bac13e88407e1d9ecf23ad88245499737133fe1797f,development,MSFT,2019-05-26 00:32:04,False
cb1d4b4c90511c81e340fbfd0c7b9a81c621b690633230825da0da401bfc88a1,f4e908aaf81733e6d25be143204f534d77b9e0e123f39b025ea02955e7a6e60f,development,MSFT,2021-01-05 10:40:00,False
36c5ffed79f510f1636fcc096b6905acdf3e930ccd9e0c822aee9fc7d401d85e,527ad653020dc167f3bc6e568d065bd44216872653ba616fb5e8c3e4bf085267,development,MSFT,2020-06-04 04:25:00,False
3048c316b52cb9fa6ecfc06160d9c08983540f7506389cf3a317ed2cdca17796,64e6f0dc731dc7e69260a823ae77131c47dc08ca12a7fc43e98ae9f4882aa406,development,MSFT,2020-11-09 03:15:19,False
9d7105870a8ceac659fa44aea777ec4ea8730f68c91fda1b407f0776514e69e7,16ca26848ceb31389917d1b0f38f019160ea5377488f98d028191b70a6475a2f,development,NVDA,2020-10-05 04:39:55,True
034359b7bb7fa11409ca4d7f7c50dbdf6d98b090e53068b8e2f039358de7e3e2,d94c3bed7bccede7faa3cacd8a550b9058b64519a1d8f07a36f04c2cd865c20e,development,NVDA,2022-02-16 14:28:00,True
1034233b8afc835301e98f67c815c5c3755f5ce86f3a765521f7841d4715435d,a80c10f44c8c84307c6337a33e7c4cb2c18e98e93d97c7cd09f2fb19193a3459,development,NVDA,2021-08-04 20:42:52,False
89dcceeaf9a39e0f40010f8e5cf4eb68a6ca15b58ce10eca8074d6c648cb0c8e,351db2973b676970da42c5d87cd48389d1129c800ed2926b697519649e944890,development,NVDA,2021-02-02 01:01:41,False
b08007e7cdeff7285c93396d57ec80b7d5dd7ec877594a25013a8424e2dd995a,77d8b71fe89c0b7cdce2b51dad2401db3c99ba93ab09091e09aec06208e82dc5,development,NVDA,2023-07-17 09:12:00,False
fb9a4daa4ee85f8e9ef504c0313956a147cecf65ae214c95256cf30911c1ec30,784d32e11ce8b804cc9d571cecc1e83e9e6176afbe2ea977714f9cb6c14c2bd6,development,NVDA,2017-10-19 16:42:00,False
a28add73711acd59a99a149c4ebeb792c44b767259eb3dc4a2b8e312426997b8,73e18ef2ecfd249376fd79255c0f4a048b08b89f7c4c2d43208f86b2dd554da4,development,NVDA,2022-02-14 14:16:24,False
e35fbc96e53ced055de323b7510857f5780dc4c131ea19a65ad28257cdae48a4,c0c270f6ec038013a6d004f412e640ac71147ff7131d4ff5f1f662a3408b2d3a,development,NVDA,2020-12-03 02:45:18,False
d5534374d187ffa8e7f01389636296700eebc8ed0d64bc7febdeb23727a21b1c,51dd73595aa322d154b5ca6384fb3ba645133da348bc4de664cf3e14c8f61649,development,NVDA,2021-12-06 07:07:00,False
e7c967c96dba0c76b747dbe9e8eab211c086ce9a602cac36b20e9b5b1e221b59,5c10f982423cad0bb7d1d7f4e24185862b5e1da2affa97a42a4c95f0a262a619,development,NVDA,2022-07-28 10:05:19,False
3c66fec82b0e9768e3aa7bf4ee4812c1a1233f5e633d66a8ffb1e1e884593b95,7097bb5d014471c7fd8c4204f0db25db91465c568eb729436552aff43afb48e1,development,NVDA,2022-08-30 12:07:00,False
1b7495135ba633328ae736f402ed20cceea8c50bced53cb09af4cd9110f81249,e3b384af20464b866b547609650416c3e13b000c2b7e78652acdded1f01ab523,development,NVDA,2022-06-17 18:57:32,False
f5b61d49a713fe3aa9a4f6ee84e4ff9a71fbce116208338987beb21b674f5e80,fec329385f5e49b59c04036ab4ecda3a5c2c1f2348f0f64ce9405cebdebdf220,development,NVDA,2022-12-29 19:39:00,False
f0765888bb3a7f4969b1800eaa853ff7468bd1ba77a100377caac64c1f5aae94,0b625f950eb523b531c158046902a6228284050978399e5962eab40d052578f4,development,NVDA,2017-01-04 13:51:27,True
d3509acf3e1305f83cf463b63eaea603b491416e8c726e96f1f176da9e7f6480,9194cd8f514255054dd49aeef2cb549bc71774e01b1eeb51687319f7ba319408,development,NVDA,2021-04-20 23:30:42,False
9fe4d501420d746ba55d0718687b353b0e67ce408d55f8bb73f138bc0caf442d,812c574558bf729ea25cc76f8cb1358b57c089a70675d09608eca681808dd1c4,development,NVDA,2021-01-14 13:40:00,True
2bb920e0f1103298005deaca723c146dc02a28e876e3aa27d31b3519d08ad5a0,f00dfb02f3e12c70c359d21a02853951c4316e01906107660366e0f602c8312a,development,NVDA,2020-01-27 12:00:00,False
220da5a3576bc97af205d23201f539cd2fa41da5824ff02d81122de4f9b88f96,ab2c0cc2f6ac214a2dfacb415280beeae9f90c43beaf671c1da582dea934977a,development,NVDA,2021-01-21 01:21:33,True
556cb9cb212023b095e1b7fbba578cacd6409afa141a00eb51ed3acb8f417fbd,a19a09cce3c3ee049453259e823408399cbacbcdc12ef46c5c4db01dda165d11,development,NVDA,2023-01-04 04:36:46,True
14a80b86c36cb3c4cfa526de051198f2a3e501d5c1397ac8321d762c846fec6c,c874c09ce13f6e54ea2bacb079e5bfe60481e12a3b2149ea2c220e2cdfe58ad1,development,NVDA,2018-08-29 22:10:00,False
63c44a070ee79f2c6436820c269a5331fb7e450f7976ace3ef74f819e3d53a87,02994c5b86eb30b17489ff81264f1860eb6e949b201283bd9ca151b492eb6c70,development,NVDA,2020-10-17 09:18:00,False
6f4684506406ab3504f152a3a0b72ba70d008be2e6b62e9d95701369150c1401,b38fbee127ad9f87b11691aa7df85e8b274e3c510c1c5d941e9a75a801bc9222,development,NVDA,2021-07-06 20:21:09,False
7c4732b130743e1b3062dcb01c1930903a92fda930ed41f881828b17f728123a,e6a9354d096f94e7643b04dbf4ed792a65586853c3eb89ae89f7ecf003690979,development,NVDA,2022-08-08 22:52:00,False
5188215334b725662fe31bf99834de715f87ea5ce9210a44926b2a98ed903d71,4bd9dd03f5eff1f84065ef2666b1941139835657bc3f5b95e33acf8fd987e6d7,development,NVDA,2023-01-03 04:47:01,False
0ceac8d85fff410db4ae880b32a9d9d32cb263efac0fd863c7034d8a376ccdee,b4ef3daef62a17b48fb436d6043c11266c91a60f4afd8be3ede91f8d98580f58,development,NVDA,2023-01-10 07:31:00,False
fb1058a8be74ed805ee7d7ef6101f362a48970de26d1dd118d9566ce39d8cafc,b6c10c9c64f7f0b00d2d5db05287e1a7dfbfee20d4bf75a60bb6f8eeab651352,development,NVDA,2023-07-08 05:39:15,True
699cf95a2bda30b42b8d83c4dee7b2698ca63b74c7beeedfdf08eae897e4691f,5fd1791cc224a3ea829927964092302253e630b2473c240d55f346b9b7365d8f,development,NVDA,2021-07-12 20:49:51,False
45bde04abdeb04cc92a9461bb38aed242d55e12a8c622abd14506aade520a2d2,81e29a38da730c8e3dd7f227fb110bbee25b8b81ed61ac7b126279f0d1117f7b,development,NVDA,2021-08-16 12:23:00,False
a3e29fb0b17340ded3ba829e023e14569e2d0ab715968c41b53547d049b25e5d,e39509f2d1ca9519ca56b8cc323db1eb84e7a413a5d8a85bd399fd04abdaef5d,development,NVDA,2022-01-27 15:15:34,False
ba22364216a37e51f6b006477f586ce0b3ddd2328410d5b9500d561dbd124473,cecb2db917ad67043dc20eec8cbe6349a8f232b25fd532420c8d22304b07c5ba,development,NVDA,2022-08-02 09:32:09,False
0f961415e3e6bf39e4994a506a06c8d1c9d571f865381f7d5f32acc63de02bd5,83c2ae18c115547ef086474237194616d8928d4bc0f93386cd46c2009aa63ecb,development,NVDA,2019-09-04 01:01:26,False
82f59e5454e5818d647144e824b9fbee90965769cd86ef2402f863152de5028f,ab097126d4604085922499694e959b2b396e2a1a5e080e8d45977c24ca1ecee1,development,NVDA,2023-08-25 22:07:38,False
6c4e9ed2e01b45aaff92a03f0c25839ca36746bf79f1acc6c38b4cc6b4213eb7,3542bb593e3f09fbee5e69f5281dcf2051b995349f3cd44651b428e6cbc362d0,development,NVDA,2023-02-23 17:01:00,False
b7e9a6e011397db86eee63f2ebf6a71fddc268252bf0fd0be7486d8c5158ddad,21d7d3b76d24dd56f6fe05846feb4cbe74fce0dd203390937e718191fe8c458e,development,NVDA,2021-12-03 16:45:51,False
fbdff14c57f5073d6af2a2f12cf9f5b4a3559b1e004c6a9e4a742e5f21e35c65,30533e232b41ee5c9915f0e6cc01e1b5c8ff5d011a5eb4ebeef5673babb2545d,development,NVDA,2023-04-04 11:10:02,False
7e2dc4e184ab9d6d1686935b530956510322026fb08003f029d38ef2a946eab1,69d0205d4d396fd72f748133c9226f12b0336cf32016411b6a873d3df4e92420,development,NVDA,2023-10-05 21:14:04,True
799ed9f8ddf01fdda46f8a885521c1b3d618d51f84d244b4f7f1fd0eb6973b56,580a65f92e95febe5e63878b7217d7549479eb3ee702a15759cafd950b265f1e,development,NVDA,2022-10-07 22:39:37,False
dad5be5c6e1dce449651f25e702885d8e8f8207460693d960809746f8f80b92b,aba991dd931d4818376730456e65aeb04a98802de0147aafeea475e22ecd9ffc,development,NVDA,2023-05-24 01:01:07,False
cad7c43572db1181c062b5b7ebddd3d2fd83f65602d04896c2fe1074b65e8057,23baf8c43f92a73bca14897a8ecec049385b20a361d5dd7800447ca53783eee7,development,NVDA,2021-08-23 19:59:17,False
c889c5a4dfc30c66556207e6e259503bed8b6a7d7a1d7f4d993bfbc441e30a76,5000a071f90ca23c0fb897adf7e9741ad2201fb59c5cb4d2a8df72783259f37d,development,NVDA,2020-09-01 05:42:40,True
bc104ae93b1041ddb0519afc8578d791da3f34caa6ce75b3592076cf97104db7,d796f040a93adde5fb84ab12512fbe45f8ff748cf6fad901a6c9080d0647db4d,development,NVDA,2019-03-11 10:26:00,True
0d355bc1143b47c10c6b7f0e2fb2ff37e6b5e0640ebd59dcec41b3d284308c80,7f1db2611496eb1f525881b3b99c4a48a6afd839e97e0a9ce1a3fbc631998adc,development,NVDA,2022-07-11 18:55:54,False
c2fd1eb007853cececddd0f5479d01d17b9020016ebb24a4d44e39cff03b7625,8b6cdc71ec224ef7b2299019b782c334976c7a8e495931790bfca8d73d39b8c4,development,NVDA,2021-10-13 16:36:00,False
7735c559995fcf10d585e3a9d79f5e0595c7177e672eade1cf2754dd04a8fcb5,7bc541e206e925f44ec0f1fac6653cb3a00847c53d85fd33408dcbc226b589a2,development,NVDA,2023-04-25 01:54:29,False
14975b8757c9c1f77e9d10f6819d3b32a7c87509aeef79b935021708ac335227,b51db6cd2556a8a95c7cf737110d8876bd74f5af131cf0927d51101638df6a41,development,NVDA,2021-08-24 21:16:41,False
967bc53016225f46f3b4e6f6a1bf766bf0e633c9158f2113626751ea59b89eb4,46c20a773d1a73fadcc291d630eb6fe665bd66a756d007920c4ef87489cbaf57,development,NVDA,2020-08-19 06:42:56,False
062eb302dea0245cd7f0544917a535581cd104d22c0dddba1f5e7343edf3fc82,1845c49ee41d6c6e3645f36a3243d4d49450e6f8d1060c72d59e4522d8694a5d,development,NVDA,2023-04-04 23:52:08,True
be16ccba648c8718b6d3763f275b4734949a210b2286a298437881338dd784d9,49dc8618e4cd1686b50d7db85aa6786f878c64870eeae71925929284589201be,development,NVDA,2023-02-22 03:04:32,False
f262c5208ec058683eada38f4d69773c8e207566b2e40a58d4a34224aac36ffb,03111098017582bc46526c91d0c5a2e7a95899fbc76a8d2a9cb5f3adae137bd0,development,NVDA,2021-12-21 16:20:42,False
1f1c954f075c7305993a11072753b765b94d2a7b04cb1c64fababb198b8463ab,5b46d03b3c0cced683acee41b2e6c7caa1766523828b0ab5303822fd57d67e66,development,NVDA,2021-05-31 22:33:25,False
0e88b727e0d782f4717e28258c257d152e958a2f96acb32b9d63bb0d8b099a63,4f7de58f1bb83a3dea414d891c8debf9d8ae765b80d9c6e87265a2fc0fa83c69,development,TSLA,2022-01-17 15:52:32,False
c100eb701788a72d18b552a7d3e9a69549d0875cbff5a9dac2cfa76ff4f0f17c,df750053edcbf5a8f009f6e86e0c164171646646e9a1f85e35cb7a554cc5c5b9,development,TSLA,2022-01-07 15:17:00,False
3eee0aeefe34c9c7126a1a6de8533418d851a7ae3ad198e47c5dfd5b794e1dc0,419edcc2abc4b071487832089ddf2afda139c7c47caa4f6173d41dd63d9f87f9,development,TSLA,2021-10-17 17:51:29,False
28b6beb214dfdd40dafda4058bf5158c89669d468158d130121370a5bbf2bc45,d1dfea49d5c0d3049c3b5d756c4cd2a0b78ae8acf4b7dfeeae5d12330ceeeb0f,development,TSLA,2021-02-03 12:32:00,False
fc3a250f4596c0d3230ab79d0e03e83c2f478cb0ae51fcf1ad080323ebe2996c,2c90d96ce4b8d8c46a5860a626c65d8b0ea6a9d6ab44b9837076011b96926b91,development,TSLA,2023-06-02 08:00:00,False
5709183b1f3a393fc67d6a554d2f8a4a23dab736694335ad56b7c3bf935892b1,03dfb4277b5aaf99e45a1436713c4fcb1dd721575fd50642065ca114fb66b748,development,TSLA,2022-06-15 10:27:00,False
665bad60a2a03ba0ffa84ac5bccfda427bb6fbbff45b0e1407c0c32913234ba1,201a61cb4c4898d51428edcbefb56a4bb1532aa8138971469aba7bd6debaae14,development,TSLA,2021-12-30 03:30:00,False
64f014525433cdc968a5d360c50f1f0f7e3a8fe3ad553dc80bb066dfe519d5df,32d8c518c5b5589266287f34a0f925127412157aabbefa4a0b9fdd8a972d5896,development,TSLA,2022-11-30 06:04:00,False
e9929781d88f53c0e0f1f073786397ec7da9beb2d09e636f01d41779eb9712a9,e93b00857e03c4f206316bf9939ccdcee5428fe7022e25ffde6d0fa46cc3f472,development,TSLA,2020-11-11 23:27:05,False
91c223e0dd251d88e365e2cdb9b9d52812e1ff9a0cf39f72835b7cec51c3da99,f03e2b04ef69d70250a4c3a4e6a1407387034cc3ddbf449f91b06ea97a4976bc,development,TSLA,2017-03-15 04:51:19,False
46f7054aeab9fd698c0842acb556d2f08dbcf70370201155b5e5cf7f7e181d0b,79fb10790b5ad60f9242406a5f3f5695893a6722178baebd580a22d310622e80,development,TSLA,2021-05-25 22:35:12,False
a13983dc96de986f74bed663bb20cea52b56b2710d06775cdec5d7554c7b9fed,7ce3b953505ca948fb7690bca21cb8d7502df042179b98fb39a26d8bf2344306,development,TSLA,2020-12-08 23:27:06,False
14df19b1c0c5fc6aa1055face1b50d885a291e24cb377d545589b0fe992fa60f,10e929980ac43ec84c8fa3dcead872c469edee697ef664adbe5e39c89436e4d5,development,TSLA,2021-12-10 20:22:06,False
2af6576ff87445d060a9089e7bc63f8b19a44752728794291c6e637b9190b02b,6284f275e5e05ff15db071e5c548061e304dcf567fee6fda7425ca965d772593,development,TSLA,2021-02-10 14:09:00,False
cc6463a9597633c47928b8e3abb1e81dddc75037c065e9f0b40852f376bf3a70,428039fb10c1628ba8652ecf36863894c857f9bfc1b40db82468a48f36fda0e9,development,TSLA,2022-04-12 12:50:17,False
ae4541e5ba36d3ab8d00c57eceec1a2d9f792767e0c9e630862eae0d06845149,1d1fe1fa44c4f24286b4b5a13d6c31f4026006e49c45f6040bd5b79f5430fd6d,development,TSLA,2022-05-06 14:27:00,False
eff233c8f24b97c2fe93117c823b32914a45467911f0d02a7538d813b3c11b18,ed61492255a35be83d2b9c434d1c919bc34f5db992aa1b555e580eee1d93dab6,development,TSLA,2021-10-08 18:30:42,False
552b62ad7bd83801daeabf6ca22c2e5a34fa2b88d61495afab5f8358d122e9ac,c10765d373ea88452a9bab10749880e3b01c15600dbf8c6572bfd5814373df00,development,TSLA,2015-02-27 09:42:33,False
8f0ff13732efa863b09f19a1e82179d8b53fee21c809ead12d1e7cac474050df,9a96110237254bb6f95e78d335734e7c369ccb1c546af576ca93c900ca52422c,development,TSLA,2022-08-29 09:44:10,False
182952e479171823a1f102cd6ba53469605c85310919ebe63d0ea620f6e453a9,04785d94306e4a62962a3b884d3da16fa5f555e3a1512e6ab2bfd99958a27139,development,TSLA,2022-09-13 14:11:00,False
e5d4a64576b5ee945c075ba19972afdc4321935bc232cffe2c8d118b199a0ab4,f8bda9abbb625ea107cfe92de4282193d7d3ee79af3fb4748999e55c56c115db,development,TSLA,2018-09-12 02:12:12,False
26443aa976e503a019a1db33f0e2f93f7e6629d025b55d7b001facc53c508e31,5fd7686af4fde14302828ba6f2662aa7105fc93fe690fcca69f4078d0cea3b0f,development,TSLA,2021-03-31 23:42:18,False
612002595b8d5c2fd4fbd0c6715a9522a074d5bf5404946b949efc9f917726a0,aef8d4773569c35da30b826888de6e7431e29f9b1251e7de4b2e051f15b26b1a,development,TSLA,2021-04-16 19:58:05,False
20c61ff257ba7414e88eeb82d716caf0711e21919813f7c160ba9d4e3c296841,00792a700eae4e479abe276d2ccbf3a4145910a6ebe6cf1397e01371493ba725,development,TSLA,2021-03-16 00:20:11,False
10b01757809dd88c2600e6e7dfca0329f4d6a9a195eca81b65baef245cfb5e6c,f706e43942cff5efd37f06837e395708b3888304b55a5d2fe19390b1f47caf4a,development,TSLA,2022-11-16 06:04:00,False
c6cb3f345426478dc1dda4536144020e073c964cd96ab3f855fcfdbe03ae463c,cce4aaf859d79ac2f6329f6a3c4f39cd2585e6a4505d9051fdd39c521739bd57,development,TSLA,2020-07-06 23:11:45,False
bce91082a6a34b2ebc7972934233c268abb4ed748fa3acde83e7f3a5ef39e03c,628f60270a55dbc15cce075f108092b654878d8c6d96cb0ee5eb6640398e993d,development,TSLA,2022-10-04 13:01:00,True
9205f92e56f7597604dbecb3412e4cb157082409b7d691e291ac95d63e924044,f6401f5fa42d38932bd121a886427bee74a82b190dc8f0cdc847be909d269df8,development,TSLA,2018-08-25 10:15:00,False
fc66d0e66dfd5d286d1b18ea962bbd7efabc8b7bbc2b0caa78ac5cd57ea48064,339724ffd07049fe5e75ffcfc43f91901151bce1b2f75a72bf223b89d7eb2e99,development,TSLA,2021-01-19 10:58:38,False
428409bbce417363ce9d3d6f7c8ee5dcc533c9c830ec94181a151a458f2df04a,4ecde36249772b08a2b649d3ec26d835b646363c98681d1d38b1f9362ae19183,development,TSLA,2015-01-13 08:51:46,False
f9a8ed8d0ab37102286f091daa95196d1bdbc9ddfdb8b5733b2d4f21e190ce82,8567c921be4665bb3f7930a67b12b83f19967ebbeb5554fe2e70e118500c39e7,development,TSLA,2022-11-27 02:09:34,False
d27e90b04b46b03b11837a96c5879bfc0801fb727ee5d4dd8c45d750868c120d,897f1de253901dfd5646708d4ad892fec73d7c626147faf3333d7510f72f6374,development,TSLA,2023-03-15 02:32:46,False
4d574b3fcdd3a6b933e884560acd0ea55160e94ce6775c3c96829d1bc2a88422,d91e7aaa0093f4e5dfe8711882d8f36fe458cbca26ee8938a3abb75bcce689a7,development,TSLA,2017-01-03 12:39:05,True
6bd7e2ea88b43572f7b307c94774676713342e23f4c5aecf69be506d8571e4dc,7867aaa232e004da52234d7b8f43746e0a5fee7b94718f66e22fee02ca1015bc,development,TSLA,2022-04-05 06:57:00,False
161e94e3599fafae4d1d035222cad5c214608e930d02546c745ad99552eabaa3,eda0810af4658d54b785a84c18d3770b6500f26e01218b025ae2ba237daa7423,development,TSLA,2018-06-25 03:42:19,False
8465920bbd990b06060dfe8ba3fcfcfe4c2588949c1afe37117195703cef747d,6494290d64d6e583f11834463c5b528008e3b194337590a43242988a7de3ec8a,development,TSLA,2021-12-21 20:37:31,False
3d343ee15f94f9f538c4b920134a0729da2a0effb7a1d2ff9b99a77df5856a94,29c21b3e43ae02d187cbf7f006ee7bab57483f13a61a8fc72bd0fabc8f005aa3,development,TSLA,2022-12-30 12:46:00,False
784101b7b74f5883c53288393670ac5c9fc14bf6440e2a74d8bc264314f35756,9483b32709510900fcb240d87ffbb42ece0faf6d6385b9d8f7e80abfcf8c9a7e,development,TSLA,2017-01-24 04:06:23,False
a1f40711144c6d3b3d4bb191009810cb8737c486a34085a4b10f052c9a080301,9a4dfefea412dec58d53fcccf7c88a277d322267254c48dc4f8d91081d00f970,development,TSLA,2017-10-02 12:01:00,False
08a700894dc31b9df4722ffdcdc7bdb82328a2d36a3de231f40753d94cd26ca7,b12b3a0f53eaa075ccb457820041d7b34624fe6003e24903fcf00d3b7d165581,development,TSLA,2022-02-04 17:06:07,False
e94d059d603ee11a3128bd530d011a88db479c139c7e2513d493c0089a6b46d9,e1c9dee800615c3afe0f21e5bc2a1a340fe979957bf246e33ab4c6ab84f74ccc,development,TSLA,2022-07-08 10:45:30,False
73d64f85502640d0ed287d1ba95c6dff978333fe8bcb76ae91c78eed086bf5e9,099b00c2eb0ba1e617bb12cda6104bb792eaee3c29b67ef2f91aab3eb97e849e,development,TSLA,2022-01-04 19:25:00,False
c91b351d35d0ce5ac7bf901fd2d8b5ee02721fc3eef9c06b96dd068fc83afcc1,38401e4ebd3bf54ba1e6c31825e61ea8c48509141275c1a47706e2baf75dfda4,development,TSLA,2023-08-10 11:13:00,False
d4fcfce1e19e3d133071d7edf840b06ac9fec464e9eba906fb180f732deb06a4,7fc71118b5d5c1086f75ef62ed8743adf255c1f56c9e64c06c313e42abb1afbe,development,TSLA,2018-03-15 02:21:26,False
424b8e15a3d5362539d61e0f1d0e27ad2e5973759f4dde9ccae26bf9f4e3dff6,8966aec2930972c90b10519b2289e4df25e6009047b0b756be1276b146492430,development,TSLA,2020-01-27 14:04:00,False
0c5c97e22d8b8f6767cafa0f0c3e373be1e902f2bd127e4721654a3942e1ca58,b0e428f4cffedad037a414f068f8c67ef5d3a9fc1d7a88a9c1223185d02b956c,development,TSLA,2020-11-13 12:03:00,False
0ed7685d4fb02f382a9c558320986b090a41d9d9bd2770c63dd452f3a9246964,4b229f0dfd9d16f5b0867198e38792dc08572f79ca00cdf7dfc20e95af77c12b,development,TSLA,2020-07-11 03:36:00,False
56372b9f8599e2e32f74b913811aa493fb0309d6142674b567580cafdee71d2f,a8b0fa5a51ff5f61cd7aff3dea2e61214a8aa7a0666f6cabc1fc51dc90c00b49,development,TSLA,2022-01-14 06:51:00,False
e8c19539ad717df04540d62ffee2a348d360dda911a35cf5125c4702117e19ee,0fa04f0be8ba71f7d0f970200b92c567c1d4f83973b73fe9b00194f34871e13a,development,TSLA,2022-10-11 06:58:00,False
88abc559db756fe9bdc2d098816051a4f8d5464551dab6e941c333f1dbf29508,d7ff09d4d29faf53f7dd8aaa7ed1cbd5a4ed9344ba0d47714a848940c4205102,development,TSLA,2020-04-30 07:24:00,False
c0859e7912eb1c9be4581e0ccc256c97daeacb0aaf843c53931dc68832371cbb,1e22af7006c31db59cd6052bc81d861187fb30b15b1c617a469f5f1e7ffd571e,evaluation,AAPL,2025-12-15 13:09:26,True
f0d7fc4539f745d6ca403d5b53465c6934ebc95cfa7701b9891bbb7114f46113,f5074012539894d026cfeadc2e561232d7ae93328c93c87b8a5b582d63114f9f,evaluation,AAPL,2025-10-14 09:08:16,True
5bfcd8545e710795ae37ba13bd1a01466258134c607a78edae815b27779407e7,16b4359b68e9906717fae68f6ccee89bc8efb2abbbd9a2b9b21ab48a9d4fa921,evaluation,AAPL,2024-05-09 00:00:00,True
6baebc5dc0f9edd659e4ca7cd2fea4442940314af46c721be8bd8445b3d9effb,ffc71b2416e9e4d6b55d3a1c63ce757e4cb5140a5148e6186e3a405f92ee6256,evaluation,AAPL,2025-01-29 06:07:09,False
a645fc35c35bed835c11720d3979afcb6471042b2d361b32af840baf3177caad,1c8e1f97c516ed1648b45723e341f9c25734c02662c2e4c5342225708045415c,evaluation,AAPL,2025-10-13 22:59:14,False
7df727778eea80adfe94f01bf8f590c457ced2cfd12d114c78646047230cdf77,ab51f65e2de70f4a2f670a017453d03069162971b77d8391d6475c020ee451d9,evaluation,AAPL,2025-03-27 03:11:55,True
560c1f5001b1f676d5ce9ff3c76cb1daef9f4950b7ea445bbfeabe3242d2ef8d,e15f01a46ec65902bc156a686b43ceb8c4e44718ac10d1edd3240a7926102118,evaluation,AAPL,2025-10-14 19:31:58,True
46c69aa9e69e1485f1f5466122388581a74a3eb961f9d59c2319bdb734e192a2,aed25e811cbfee1dded1d6f4613fda548d0d88147c70314cf6529af2c1e64933,evaluation,AAPL,2025-12-30 05:07:31,True
52f27f4b4946d6975b8efc4fdb8f625afd3e2b26c6da0571711db9ca3f119f75,097294dc9696795ea97e050dbc0d2ddee455e8e1d09b68b8e1f0bb29458db1bc,evaluation,AAPL,2025-10-15 20:49:31,False
fe1b1623b5fc8359b7a2538d3f008df46f3639dbc19761e96a593a751f1b46b8,83adb78ff28df4e17c7547bafbf09a7989110c41ea7f7c1f8552b2ab6de77af0,evaluation,AAPL,2025-04-04 16:50:00,True
b0e3d2729345c4be0cf4e952915fffabdc59c56b2fa1c2bf7201c181fd135ec5,bed648fb6d03eba3d6d1422875811ed527241dd5d6e232dd80c66511a36df2cc,evaluation,AAPL,2025-10-12 07:13:46,False
c26181a84061f535c975c47d5eed515ac9923f0805b4a2116b212388a24dc0b8,fd529f2216b0ac49eb8e62c301b5bbaefa4959782cba278e75eaef083f3c92a9,evaluation,AAPL,2025-11-03 08:20:00,False
4730c91a7733fca61ba26d569fc7abf3b015ff9090dd6fd3f106940e9f276890,4d1456afcddc6cddd1ddda3c188c60e4df2475e850d4260f8e9222f5dbcd4b42,evaluation,AAPL,2025-10-17 17:34:00,False
a1b390bd5ba078f8b66d563a832719b196996f5f2ffb2d9d4cc1b4cbc1f40521,2826e4daa4d25f26de8326304e5d056e878e986835f83ee5f85a4f2e191b27af,evaluation,AAPL,2023-12-16 03:32:00,False
bceec130d1f4b116a764395fcd9cc521601cadf35aa6d80991575b780fa59f88,13a30a6253c1c151719b41c8bd07d67ad9b1322961c6a448b2f89a726b822ae1,evaluation,AAPL,2025-10-16 16:50:04,True
374c7295f92e46c707cae323b95b385d1a63d6f09b6dc2af73c7de00b70239b9,82c5baab2dfb668ed67dfb2c75921d738ffe4de978f8892faf0b5303815c0ecb,evaluation,AAPL,2025-10-19 13:56:24,True
4d156961f51a7c83b4b92db87219c8c8999b77ef4e4aae14ede14626e88bec39,4167d86a360cc4af32f23bd908343d38bb994533d19f2081450cebb6a647e591,evaluation,AAPL,2025-12-13 01:09:53,False
c8f1f291bde4fe3b9015c11b3fc6f2892b528c5bad3dd760e23a3d694489fe0e,ee94d9d8b73f2963dc4ed05c1512efb5d3ee1420374c9e5dfef58c5584a7d150,evaluation,AAPL,2025-09-25 02:52:52,False
d5679b1e2cd8c42a71a32eda16e27623b39fe44db4b350743728c7e45f295963,3e14274e7b74137180ffeb6875b4500412bac23f6ce837757fdb1b1cf348bf6f,evaluation,AAPL,2025-06-19 13:30:00,True
414f43958c0d5b4d1b5e6f5391762039f189d03a65f791c2bf52313e933b3e8c,4c669dc4ab9831ebf9d6547661d3d3e3afb97e9b1729b568facb64455d97e49b,evaluation,AAPL,2025-12-03 23:21:00,True
19f74157f154c9c75bbaee587a3fcdaf1941db29aff4c7ab5f9cbf0f4d91c4d8,c5398dd0363798c215889d152b687f293a7b5480ea8bc1be73fa686d8b870866,evaluation,AAPL,2024-03-14 07:41:00,False
18588bc196ac0f0c82ce584fa4f4d6de92323b24c842e4fe314cf1cf22fec965,e502181ef8a7b22042a9c707a49b294b24d965b950bf0adab03af80037f9551b,evaluation,AAPL,2025-10-17 08:25:03,True
3ee1439ace5262689b61cf28d9ebf31a42e3ea1695cc68ab625b663dd4dddd53,ff5fc58841d65c90cbcbc355d38f24a92b53ff32b8d6c414cbb85fb44eb8f767,evaluation,AAPL,2024-10-08 22:08:44,True
6a2d3252ed616a6a6c69d229c6c941767077f93237f58390b6b7aca616740286,b9576db9141e6be25bbd40ea8882c11b19664565e168e8c8e6a46b05a0292edb,evaluation,AAPL,2024-09-04 12:10:14,True
fe0f17f290b1537ba7dcff996a513842d9275fa0234c9aef8bf7f0c0e1c712fe,479c5b26fac3b9795f0c5cf275799837bdfc1f362f8c248d05bd6748c2f97dc4,evaluation,AAPL,2025-10-15 00:37:16,False
f05f78966ed4f1e9d372093d7153eafe3399780dbf8098c22baed39b699f61ca,8ba0f93da8047a0c3e74248617caa925d06e8adad2f694b3c9345cbfcc4493f9,evaluation,AAPL,2024-03-27 15:42:25,False
8c1b751aaf31277f6eb3176df37a6fd8e6b8b3d1da56f89f43ce4cc38ef9895f,5a382cd5102e4322ab735414b18112e04a8bcf853f77ec0a2f6c5febb3e3cd23,evaluation,AAPL,2023-11-10 19:58:46,False
62ad48fe916598d62a16267a13df98c486d5871e212ad687039914785688204f,b3ae2a0edc32e262ac1554a27ace1bd7584c06c9d61ba53b862af8f17aec8356,evaluation,AAPL,2025-10-23 09:32:03,False
450757186ce50b8a01e385335fb7597640ff01f85db0be159d33a8380efb32c6,546db3e8ddc708c439ada8587be0b30afa91dc6e951940e3e745bc004b93ce44,evaluation,AAPL,2025-10-13 21:54:46,True
d430fa5e00255af0a60e72a985ea558c658bfd0831f5fcefe11245c17272ed2e,d9a0de02d4a163490dd0e90fd8c902fdf5be698a9e6ae1014416e3fb0acd74fc,evaluation,AAPL,2025-08-01 18:38:32,True
5bd50ade0c75f93937cc8cd67a2e7511cddb84bf724bbca6f8e22bf4a0024222,34fc368209aa8611fe864507dabb60b77b1e080bad407ff01e1bfe4786bf70ed,evaluation,AAPL,2025-12-24 09:06:10,False
ab7649a259028e4489cb9ee235239d2dcd4de1089f5ab53cb23ea3a4fecec75f,a8bb7c90f34cdfba5651fdda11b340c160b9bc15f45bfec3aeee56663436e038,evaluation,AAPL,2025-10-15 13:38:00,False
cae78aabe8d3598f53cb7dae6e8b0af020c6f199f5c0be7064c5d20468bcdb95,6546cc44a6c48e00d8e20b1552711b48c2f4855f7ddc48bc8705574918885314,evaluation,AAPL,2025-07-08 04:52:47,True
29fb5df0b3153508fae03a5f73aa7bed99f573ef61b81041e0a3c1e50d770b0d,fe32f4d834c2ed34c42aa89aad9b28602b1256f8f04978bd65ff87fdd28e5550,evaluation,AAPL,2025-10-17 18:00:00,False
a828fc47a9303e9636bb482fd403f0d6e949525cb18eee0687f2a8c91e4d3147,460125764794da16320cb3c20f2819bbd58daf4b630ac1b7b8e4ed86b41645a1,evaluation,AAPL,2025-10-18 07:12:52,False
54cc832af0e3c342b9d7c0fae39a44acc927a4c8fa1dda40b158bfb428bee4d7,0a2aef4bfdf93918b8d634e343e182775aa16f10178682f3d3aa844aabaf6dd8,evaluation,AAPL,2025-12-29 09:44:00,True
76e998e93b7eccbdfd84fe956d7fe949ead5f4b4798740dd7b50da6a72d40f56,2d38bceeeddd00b59b343aa0476be834b94677f60a967b4d8e9297c02b7861ad,evaluation,AAPL,2025-08-06 22:08:26,False
941a4f54acccf50a1b24991ca001851405e262b1bf663950567fbb1dda9598cb,041c49056465c1a62155206245313ec314ed13b196388fdb197ef6dc1256651c,evaluation,AAPL,2024-05-06 13:36:30,False
51e29a69d393a72df11bf565a291beae2bbc8f6d763544d2a27d563036c49b0c,f7440770dd081461d980682aac29c2ea6e8d0854dd95524d68c3f4bd8ae10856,evaluation,AAPL,2025-10-16 15:00:59,False
ea005a38ee4e205aba065c925f86a25c86f2ae3206a147656845ee10e4508bc7,b46e5c316f1127cc18eaf0ba880296d854a8d5df733538c36016426fe233b16e,evaluation,AAPL,2025-12-09 20:08:20,True
82a1503b8c6506c23eb2ed57cde43faca3178a8e5e0b04d3e1030d27bca1e458,4096bde9723d405833a7fae246f65be170170d8be53ae083bea42ceda8b7fdce,evaluation,AAPL,2025-10-03 07:30:00,True
efdae85c58294198588699ad9b0fd88050731bed3468a45b12f5704d5497f528,66105aed7cfed4aa34db14d249298c1bec79bb19f047b77945ae8b64869572d6,evaluation,AAPL,2025-12-03 17:07:53,True
ce5e2902d6a537cdc0a1470462baf5b096921650619d9d4047ce7fa480bf5226,a1e5ff0009deb64c0f35985aef261a27751a1032e790421f2f1ff80ae443b3fe,evaluation,AAPL,2024-08-16 23:39:47,True
f8e6090e4380e5174c8a37e7f7fbef23cef2b9c54c178e1f2fda19a9554b3141,4b54561628aea70aad8e13c033686db3953d61a07b7330af8f0eec4fe284fea6,evaluation,AAPL,2025-10-15 16:58:51,False
a680ad1ada6fd6b07deeee7c60700dda63a7840e7395949a11c5a7927390b0c5,685d9f07255c96d676f2896eb77e0ee07321929ee2df13cbc1ac4636116f4566,evaluation,AAPL,2025-11-05 09:10:00,True
13f1de3a790b50e9ff60291b9e0373a6be863ebd83de751e6a5ee5734243308f,2e8c961e5b987f5c1969c6fd426fd457480399df81aec05048e38d61bc9f13f9,evaluation,AAPL,2025-10-15 10:40:00,False
4ccd990fd6063f2855c565bd9e644549972caf7f17d56968b724bd6e72bbdc24,b9e4ab1d84cd5fa094ad7654989254eae434b4a16a99d85a88df9de63d1ec817,evaluation,AAPL,2025-09-21 09:41:08,True
58636004bf809d36ff4c3df1c0c0ca166c8f2440a17b7fb31209cde1d416f992,2d233b2385cbb69a1b61ed3e46aea3dbe528fba69b4bc6bd08e05d53c9bfecd8,evaluation,AAPL,2025-04-23 08:11:00,True
1f3efe6536c5c3164581ce013cb477be8fa071353b68bf72aa2811925a91f3a4,10ef74911b00bd7bf279f7004491e24df236a6f772f72277071beef0fa963f1e,evaluation,AAPL,2025-12-30 12:53:54,False
ac33937082c2da2a784b21ec5daa3b38e55b61a0c9a4682e1f2cde28ad094412,5e85a2d5d0d30c03aaf5037b0d70c806da1cbe15fb6807b7187107444ea96f80,evaluation,AAPL,2025-10-14 19:41:00,False
5d2a9c77c4137455dffc431edfbd1a2cc1ff0ad20545db4e9192d17d2fe00707,0f2e07f3d417b3f374e93925c7c20731b0e16241e94bb67fac645efdb4b50dac,evaluation,MSFT,2024-03-15 00:00:00,True
210ae1e061abab3492ccfc389c099aa585613866efe4ac010e89d80f7dfccdc9,cf132abb68d4b9fe85878be0e2177274642ad6a6f7f114127561266d49fa250d,evaluation,MSFT,2025-08-24 19:40:40,False
bef3a00214580743475b2e8eb0e9df0a7ad215a58313cf13240f51bc062ce89e,8d402b0bfeabb2f338028ffb82577ad1ae6db089e72d999da86233d83eb9591b,evaluation,MSFT,2025-12-24 02:09:37,False
97af2fdf399f7d10217813ea1a0d00bff6da6e970c25c2d9332713232b59a772,63d4e2b76bce03f85a634d67b23aec0c60f200623ed7b2eb93d314151f74e182,evaluation,MSFT,2024-09-06 00:00:00,False
86bca3174847362fea438ae9df090f6b28c714472ce8c6c60e3482568c75f4b1,84d6097f83816b12c85aa08641fbd4b193bc851a9f3a1b4d0ab25fa6e39e0e1b,evaluation,MSFT,2025-10-14 12:54:27,False
55f95d0bb3562e2d657c53030e0faa6f725cce7e01afe32a137daa57397cd398,742e48430dbba83fae24408d9c70e35281fdbefe0280437b8fb725f5ce1ad0ef,evaluation,MSFT,2025-12-22 21:04:24,True
5b6dfd9700dd16aee3b0d1076ec2510df7f744ffc73f24ade2883c39d4297bb1,06af877afc95f83dce0ee8d9492cb2f946a8875307fd9ea48548ca899be7f401,evaluation,MSFT,2025-11-06 18:40:00,True
4fec78153a90d92dd6e07f1500e9b717796fd0a3d7ceb95f6c04df69b9220f01,dc0379564fcfa6ab7887b6ca22299fe6dfffbfc44861695234746d4ae44c61fc,evaluation,MSFT,2025-10-14 11:30:00,True
28edc2a17b24c8e573fb04856f68af9513aac09b335e70e369cf3a5528e386eb,c36fe33266e581cc54ec0c2addee226b30729b7d2097060f85b6b3a564f50338,evaluation,MSFT,2025-10-28 08:53:41,False
6ea62923d3f5b8608d07f0208d45a019615b1b4332246c5d0bc56b6c9952d189,72c54df352d81220b13fbb6fe4222109cb68a201a5451e361c491b2c1074b471,evaluation,MSFT,2025-10-14 18:00:46,False
96ecbf3b861700333bb03e3168aac0a0c2b1787c1a6e2144b3e05e47b3a3bde7,11afb5878dbe2ce07309116ecfedac068f363845bf8817e8e3764537d3fb5bf7,evaluation,MSFT,2025-12-05 10:24:15,False
4316c784b19f3079c95181776b67ccffc68da8c0c168c809b4bcc666ca53c35d,c7ccb8b02945469fb6019a43744c5a368b04e8c57838f5ca5fc681582341a260,evaluation,MSFT,2025-10-13 13:07:58,False
ee04dcfbaffb9ba6142acecc8e6fa31e883a749cf3d5937fd98114ee6b114d13,777abf1cd4312984a5c770b93974fda9195944b9b54f72f508c39004bdf2ef05,evaluation,MSFT,2025-07-30 07:10:00,False
78d438e1afd53cfac91c7de0d3139a1ea28e8f3370cec2f864d4a05835a62477,34286db67c6576e527630fef7c66220e1993d72b22dc9fb1a6e8a6114284fc64,evaluation,MSFT,2025-10-15 16:01:11,True
784a3b9902829dfe8f7af91315a0f1b047f05ba6e8aa4f9b55f3f7d81613e67d,985d53936d3c6b71d7a4af274b9641f3017d5b368bc08f35c077613d32324785,evaluation,MSFT,2025-08-18 20:12:09,False
e1134f375e502391295e72b8a7c8642eefe75d1ca4bc56a39f712948d629a868,406e44763abfa3eadf9188779c45d4265a110bc051879c792698174539ceaf04,evaluation,MSFT,2025-11-12 21:37:00,False
10cb73d4ad306be72d5ffc2cc3ead0e0db5219b203a49c911aae4d9610dbf68d,cb89e341da674882bffed1576ae7b03d712e00500b6b4527930b42a0353aef0f,evaluation,MSFT,2025-10-16 08:00:00,False
350df036a8e8f4815bd88509087a2a50de2b851fd2eedcc39e7a3c2661c66d9c,21e18f3d0bf132866c018c8d82ac82e8add26a5fece7797b99804f7a62b20936,evaluation,MSFT,2024-11-15 07:00:00,False
f71459b5bedbab096aa13fc487f60c9ea3c7d407f62bd1cf39f6b590074c8f4b,eb9e6e8f8d7a3da47698a22d1a9b26c223d1776008e3fe76b7feefb02b9c847a,evaluation,MSFT,2025-10-14 11:55:00,False
c279fab2c1309b9a1743d95d8ef27fe59afe85f26236d009fac0f83d407d9cad,d1a4ea169f257fe903435fe1ff6017c6a8d70057bd7e3df516a7eaab92889eb1,evaluation,MSFT,2024-07-10 00:00:00,False
43fafc672b1f14a1946d0b91b8ceb8677b9ae482f9301530b83fbda43b6f9c4c,2d79f5ca6da6c0502cf0e1197eb6fd6efdd771a7d32821885b577aebcab2d766,evaluation,MSFT,2025-12-21 15:07:33,False
71f375bbdd5cddd0cbff688d045a544760887e41411290da7a6947949f68ab88,471d812ab4cbedaa3eb37b4e6f804b6e2df2df6f98b095e024946b02b1b19b94,evaluation,MSFT,2025-07-28 16:49:00,True
0d30b850625511c93c530305ee9ff0b17169a3f911d2c907e9442c48bce05cab,2334ec98650d81c404afbb64bbbca320d725c2bb79a8492e1c92722052b0f7fc,evaluation,MSFT,2025-09-30 18:11:00,False
c21a338f884dbd612a7acae78dddb85465d2f6c8f63b954b5dad711853bc0262,25287236bd8f7427cd5b9b5c32040d120aa7870b5e38d8b92c0b8f5e9264fa33,evaluation,MSFT,2025-10-13 17:36:45,False
8f892b93e6ca6a22f31208e2ac6b86b43c6395e6ea0d32d17f89f889dd69b94e,6204f2982b15dbad2769ddaefc51cb7f3400f5a77f99aa6f9a4758ab5f4cd10e,evaluation,MSFT,2025-10-17 08:00:00,False
2c591185790f5d7da5012d9e4859b02638af56930fd4d3786acb310ce1eff66b,ea32f081cf1816acda0cdd9b27d20c35ee787af348cc29ba7adb9ecfa329f87f,evaluation,MSFT,2025-12-17 14:27:05,False
756264888c843ecd2a4502f87f1aa2e05351694d3e87dce79816109777576b50,000dbf463c9a1e163df3394375becc8aec225deeea27a271abcccd05943b6389,evaluation,MSFT,2025-11-23 01:30:00,False
c5d59689bde3eed8a02be2bdf69c7de50216b6d841155027be3ebe18b4d66bbd,f4153c6cdb14df331d6ff3552bbea1429221ef20125968fc0225b65642554b34,evaluation,MSFT,2025-09-16 14:29:00,True
28fc346bab4bc3970bda2c964c258eb303e2cb871d1898cdcbc03e7df46fc085,c0a8164b06c92b2300e0d920f8dad70b308415673d349d38168ec814a08b32c1,evaluation,MSFT,2025-12-10 11:04:35,True
e5828f2509b48d895b8334e454b786effc8015ad82bd2d459e1da9faf75e6bbd,5407575d9b5231273b296edd4a174e8f38dabf57c362f2553ca0dad15b0f4cb0,evaluation,MSFT,2025-09-17 13:06:00,False
2aa40363c09a79b5aed9d7890a368d6fe9c3eadb8b10b228080940a4a4cc02c4,f6b3cc35fd469f13676e232f1d3360cba9843b77a6ba99fca6bdd5caaad21073,evaluation,MSFT,2025-10-16 19:27:26,True
4e3809c2e74b01e07c5d178a45f7ab8e29a76b5810371b091f6b46507cadf626,1ad24929f6bbc80d692c3376b60a784ee3926eeaa22a944bcecb9666a287ed4d,evaluation,MSFT,2025-10-13 10:45:46,True
1ff39ee2af8f191ebbe0d8532c1c25764751023434a6f5085a8d223f36d5be35,726332113decf658a16197426d1f446a72251a40197183fdf70a754ef89393af,evaluation,MSFT,2024-01-22 00:00:00,True
2e5e6445cb5e290a3c1742f5e6b88b6adcfcb8b517e7c452de80f3cd2c5e4e07,392baf11e0178c759ff9ca2432719d65fa39bdf4448b6dbbe376edc76f988676,evaluation,MSFT,2025-12-23 22:14:42,True
b75bbd9fff8385be95039dbf3e442278d386a9620b9aa0134831180444466744,b641d8dd89260bb97b4cf43666dbc3c0f192570d0421c5a9c80241b4ae016b88,evaluation,MSFT,2025-10-15 15:13:01,False
20dd1203aedaecaa792caf5080416920db47f0946b3043675ece37d2ed5ec2a0,46e455485ba13928f37a4e65b6bb6e04c83e8b0a62faa8975b4602f69da486d6,evaluation,MSFT,2025-10-15 09:23:00,False
4ca6620b165e4af7737d52bc89dd594e54c0dbd8fdfb367b7349c1cf80e5368d,00241c538473b3d415ac8570487ff23817299edc1fea9ff1834a12a32dedca56,evaluation,MSFT,2025-04-27 21:10:04,False
b201d21b015605a543b3c043391251084f72cd917b3a55388b65831adece7394,3c70d8974d6dc34d4ffac36cf694036a2a3d7fef09ae275b0a2bec86cd343203,evaluation,MSFT,2025-12-08 17:08:14,False
091e3956286ba7cb1fc976b1d65d3f466de30c22ac347c8d989dbb72305d1173,76fbd953579b832f656dc1fe95eb957c6f9380ca4fe951d0022d6d1bdeaf84c6,evaluation,MSFT,2023-12-13 00:28:16,True
7436dce0eaae719fe87fec545562630ad8f600e008fa657f5dd1473cf50b5a97,0328c9df634c58df90f0472a4cba134877f8c1057c78937b71539e2808878bec,evaluation,MSFT,2025-12-31 16:19:00,True
ba978aa1c5d731737dab246403eeb35a677a1666f2fff973bdf40cb458037706,169bc5255a625a9d7dbe4a57c008c584d9db23c0158b1961b0c9e9de5605012a,evaluation,MSFT,2024-10-28 09:31:25,False
1c227892983f9940876466daeb5264c5d71c599fb21b5cf69af968210150ba85,818e9df9cf75404f58ff64caf470d4580567cf168ad6ae091aa87668d86b5719,evaluation,MSFT,2025-10-19 08:00:47,False
aff142621a5fc4f7c875d9793c8d064f35a8efc953ac5725e50f37a7deb91056,30e7507657f17578fde14b1a7fed465b822e41a7acee285e0e70e6eb440e9586,evaluation,MSFT,2025-12-22 10:34:00,False
28b17ab5b372f5589f457893cdd9600c1715ce3716e5e39faa5349a42de780b3,68af635a6808559daf118ad352a0ba02d73062deef6d8130c04cba757847f939,evaluation,MSFT,2025-12-03 15:25:00,False
583052ad9dc7380d1b2c761c4c1f8b9653899c841b1659baab9270430d3afa5a,ad6820611552c551bb3dfcb3c07e39723a6adaf3b2a4c8c5f77d9dd9379d7490,evaluation,MSFT,2024-04-22 00:00:00,True
8300df6ab492d51355b2283966a0a1d003e71c14909ecf378cc4cd5fff8c587c,53e5af8cb97d25dcd5affddf6bd97414f2094245fb5b249ecea2af04861368ce,evaluation,MSFT,2024-12-05 00:00:00,False
0b3f977fe41601b6b4554f1da2b326c73346a5b3594e870f3f83818d8b4fa976,513a900e731e1a7b49d3d798a92249437b797320fb8baaf63a0a5a86636274fc,evaluation,MSFT,2024-12-20 13:12:11,False
f4adb0169d9efc42d8e820860a8ad1f8bfc144a40868751fcc8b612c2c82f258,b33acddd79d0e9ba8e60c7ff11554284bac230e21d383d5c737f55d86d8855c8,evaluation,MSFT,2025-10-16 15:23:45,False
dcb62abcf9d4e60ed83a5a413a446bbcf85595e59f430ee86206e282b6b2f64c,84e98fc7d63baa774f67651d6760bf17c1afc61e77954897860b2f3bac690378,evaluation,MSFT,2024-06-26 00:00:00,False
184d965182012b33cb09dbc6da2d0940a2a9dde980f0ccfdb354ae53d1adb911,23b15b6184557c93134a3151bb23aa9179e7aea0aa3fe62bff7b3e5a50f3341e,evaluation,MSFT,2025-10-13 04:07:27,True
385e197e8c1397943f7faadb951ebb61691b83c9056487f4b803703c23062374,6e04037e2f4b9c653194f72e81974ddc5aec187e24882eb5e9bb5e568383d0a9,evaluation,NVDA,2025-10-17 15:02:00,False
0edddedfa7d77f5d6b5e75697fd259d8f49d9d6a89a5de237cb2876c9d4d7e00,eb61939d9c101d3e31ae8ba23dd2aeabb7fd3c5f482e69f557d79b2564516750,evaluation,NVDA,2025-12-22 12:10:08,True
e83ff2951e92c26f91bb9c7294ffa3efe53cdb57f256800ddb5c32d470225c7b,70366e4027e886832a98c88c6e7385d12221c8a9a813a75d4160bb003f3ec7ab,evaluation,NVDA,2025-10-16 17:28:38,True
94a730053744f3ee32251618a2c434a17260993deacc041a4e18813dc22db72f,8316aba27de63f276e703aa3892ba2a1f42ab1a1eaa9907267c5d3856dfd2070,evaluation,NVDA,2025-11-02 12:00:00,True
195151521bb8a730e1564f5ca97ba65bd6bdc7108176742d3542e11b34cb9b9b,da5b5481f0c1ca21b34a824ebd7df9ebc82c9764f7bf7fe1c68d8b18b68e726e,evaluation,NVDA,2025-09-17 11:38:00,False
e8638dbc16ae4fd18bf462b6d96b5e21ce77eb3857b79336db4544cfe0499d03,3c614a204190ca65cc2c9124247d217e705280ba6dc0189499553b4e1a28421d,evaluation,NVDA,2025-12-07 11:13:57,True
74ed00fbd3dd36fcf52d248710bf473e0b62c0958093d4b0c2a909a6ffdf80a8,f23ad2a827b704aa178fed463de69339e6a3cbc7229eadcaa32e44b1afa5a3f2,evaluation,NVDA,2025-11-17 10:52:00,False
2328f6aa99e223e7ec0cee05385388312eb7efd847df51be30e675d3a9a720e7,8520c9aa1d003c130ea0b2999066d92179ccedd61ecd4b6c6c0d177a4c75bf1c,evaluation,NVDA,2025-10-16 08:23:00,True
337486d8f68c118162622fd456f12ca80a4baa8a913f6eb18ace4da0903f3204,ce356f3bc21d8512760d804bfb0fc0a60c9f22a3cc12120be67010b6b832787f,evaluation,NVDA,2025-11-30 13:51:09,True
fd2568e7e7efa3b6442245f9150e18352b0193b49766570e3fbdc41604d3f264,6286780938373f7e56121219519cd3507ba89f978b08a8c8334d30c260137522,evaluation,NVDA,2025-12-08 13:08:48,False
6750b159d1c3d7d743aa5fad75913ee740b7d0e1c72f40bfe3311862427690ae,c4458f11c5739f3900d198ee5825fa81f3425f3b13e91ff808d53fe44eb54ca1,evaluation,NVDA,2025-11-07 14:04:00,False
4fa1f6c2162f39fde81a570adbb85142953b2f16015d85459d7a50c1c144e09b,37f0d39a7d738642877b678679ee6c083dd05148b485c80858a9c0e2b57fa14d,evaluation,NVDA,2025-12-24 09:30:00,False
dd6854d1343c5c6c5527296838760de410b016310a2cad1bb7764600c79a8dfd,788a738138350d7ec7c4f3cba5ed3265fea71c38d94ebe49b57cda86863aa373,evaluation,NVDA,2025-10-19 10:52:29,True
de4c799a1d31de1a3a68e039bd7d19e848434259c51d87dab70f00c9a1e20e52,30333a433b255234b95baf2c59887e5cdd6758f4be9201d67f3c12d98a567667,evaluation,NVDA,2023-12-08 18:45:26,True
4489b7635ad9255fc5f346af42652ffde4d34a43f38f97659a8916aeede49432,881b752dc2c0b7cab3a9ea833581af8fb5a772d4fa8aec0cd2d70a1274330f6e,evaluation,NVDA,2025-11-24 17:46:00,False
025abae13f283fe77026e566dc8f97b86b140945ee8b49a5e130917c58884277,d984004f72b8ad7d660ac43c13a44ff27aa71371e6ad5540359b6539de4e4722,evaluation,NVDA,2025-12-03 12:21:34,False
320a4a50f52bdb4d17bdc2cb10c18c899e81dc8fd9f2bcafe4df4d44d255cfac,3d185d7e6890c6d8c1067e90ceff5defde8b4699ad8334aa15494f4996786559,evaluation,NVDA,2025-07-29 15:44:05,True
1d9b2a7a86dab497a58089c5550358206d5418ea7ddbdd411843e2d4c420bc10,e5b5d5579cf9ccdab0fffc519c65e01f36cc847529147857d0ac212692444f91,evaluation,NVDA,2025-10-14 08:30:00,True
2b15ee85330bfdd1109a7a403aa7afb5d28c79a8dee59d14409871df3ee7fefb,647d2f5244d3de8f6f4eb2f6711291a837b159c3ee7c1408d2c72b9316816248,evaluation,NVDA,2025-12-22 23:01:00,False
3a56c793e66eee10a892db112098b60ffd518a5e77e6fdb56cbf396dfb6cda1b,5bf547122d177643c7f0ce5ee54973d15a4e89ccceafc819537b7bf03ea4b7f6,evaluation,NVDA,2025-03-19 03:36:01,False
80e5a6d2287b543cf80805f86e2b2294188e87e62b2dc159802b22df07523e6b,8a2c32c89d31d3ebf7421341582ed70ba6cfde6e5578aebf0a3cf192652415f3,evaluation,NVDA,2025-09-03 17:31:00,True
63a36c2bba080491a53305b33e6c3d8d330d3a2e2a8c1b982678a526cf9186ad,f432066680b2ef68295ed88fcb294f8df192a8e48d643734c4fd27737711dd89,evaluation,NVDA,2025-12-04 10:11:34,False
448e4fa110cd44f23d9c9484f65b3992f405184f209a950d4dcaab999a95a9a2,4d2e6d4a9b62885a92873209e8febe8a5fa455ee615a213f95a9198283e7f27c,evaluation,NVDA,2025-07-28 08:39:00,False
3ddb74649dc8caabe02f2bd35e22e0f9aba9a37e28d1d93ffb0bc6fed2439108,a709224d274351c16122a677c78ad07719405f45e991d4589150b4137d1e889b,evaluation,NVDA,2025-11-03 12:21:50,True
35cadb964f6e0e8fb084bde331409a7366b938e941b626fe7ab64120cee773af,ac4a94fec923c2fe50aa5010ce8a26531451cb8ba3af6104340449c3c6c441c3,evaluation,NVDA,2025-10-15 11:00:00,False
eebde7b704d741f6cdd30999b9ae1fac0182c68fc562ea3652d2fab344c03508,05ab6201508fa24752d926e73841c553f378e40b0e9d35010bd27f67f9889e1c,evaluation,NVDA,2025-09-18 05:01:13,False
822c10fe0d1c9c7030a9f315730054707824b8a6fbff18161925d32eb5b68b32,4d3279d650cc4f6b6fb8c65f828655a23e0e291a5be0b2c56dca036837f78a6c,evaluation,NVDA,2025-12-25 13:08:52,True
e5fcd7679fd65015865c25fca957686ba7bce6e6af55539fc9a0d959638c6b18,b564cdb76f6e910325c07ae1d52687645e763d3a756dc19e193271af1e9b355f,evaluation,NVDA,2025-10-15 14:30:59,False
0350e34e9add5ec3d22c6a6d000fe53e6bd919b644b1512b0b6d4b0c6f1a85bd,8ea40b1a5a6b767ffba86c91f943eed91a43f5b022e44ef8827aa908563339cf,evaluation,NVDA,2025-10-30 00:00:00,False
3bd30195cc2d5e03aa327d664eb03f5c8c7a8c62689845a07f09ead73b9b6b59,03095247981c8797a02bface8ac6309908af3aed7a2f68e6de6160bb96f9fcc8,evaluation,NVDA,2025-10-16 06:15:27,True
7af52fc1f8321e2a63b63d22dc34067cd1cca2fddbd3a926d32b8016c301b6f6,2a8a8d9fe16c61ffe28150460ab3ada4a138f0177b4cd1c45b1f37a265319694,evaluation,NVDA,2024-06-20 16:41:00,False
8bfb5c27fd380241a10e50317c6df68c05f30517009161bba443ad2f40ec50d4,556be18bef2beaed2050f6056c01ceb6418d6702dfe0f10ccacf574ee46c3019,evaluation,NVDA,2025-10-18 02:47:00,False
268423146b4b75711633759ec3d316c0cc230529a23ae0a2e79e5bb10bda6264,7372785a5d47fbe9e8705fa43b85b30649acb55426a4795084d1d17f003b5935,evaluation,NVDA,2025-10-28 17:52:27,True
8a956d24575826fe15edd40a126cc28f71d330aa64db3effa9d0afb6e3b8ecc0,47cbf8b9775b9e2f73058bb57986b28ed79b92f2880fc8d81ebb5d6ad2e62258,evaluation,NVDA,2024-04-09 15:16:29,False
d7100f26ec51afbb24f286d09fd1576f69e3ba7824b3e16652f6d00a8f65651d,45df782d47318e6b221662101c7f374dcac1336f839a7935478a1112ff74950e,evaluation,NVDA,2025-10-15 14:00:32,True
1ae4c422dd9f8e4e026431fca57c2bb15b159c96f06f1e23864bac65ad8b89c5,31aed41fbe2e1775d90b1691afc5aad3cc04f54e6b404d141f3ef5cbfd8925ec,evaluation,NVDA,2025-12-12 16:56:57,False
9e855ce6a7dd8db029c37993676115b750298e0c9bae97d61245307bc420d7fc,837cb93bc78ae15fa3ae3e49a39c6b4cae5c03010c1bf1c75ad1c89ab028a922,evaluation,NVDA,2025-10-15 20:56:00,True
04cbdc42358359c68e8fc5c4de0cb3e26264735dd2696d6b617e7305958cee5c,469468a54f70286d77c933e9047b1389103fbda5d577a62b5f0b570f33b61174,evaluation,NVDA,2025-10-14 08:00:00,False
b8cb21598328945cb29fe04bdb382f8b8aad74c10c10feafc0a4ca3f16675c83,22f68cc9a53e946d0786e25cacd61020cfa1c33d3a45ff9406838231a1996025,evaluation,NVDA,2025-11-20 16:55:00,False
f25728aca4575cf3dbc884c5ac0562cc8d1c286dea5bb411c78016d26533fed8,d03383b681d48e1ffa6ff0312d10be03bff8ffb22321093f6046a3ac4fea6f64,evaluation,NVDA,2025-10-26 14:02:02,True
6b1d3bba960a3b3d2da072becc678799f1357fe4920cacddd8168890e7b3236b,0663ec89da770b1f219c1a4b6f943ef13f263fc8fee41bfa980aaafd559f91cd,evaluation,NVDA,2025-07-16 00:00:00,True
539cb6ea40e567893f44c4864834f894b8b40a231d9c4dc2f91d3bca9fa7f2cd,df8e6a0ce2e4beb057d6a393ab695ad424dac34caf2562f09d742b8e6c4a0428,evaluation,NVDA,2025-10-15 15:58:28,True
424e938f7694dca2c96fc337641202bf8e323ea844b468347195e5965ff3c200,63b92e0b50b76ad9be0d6706167f7b6165c8d64487224ad4854d2f95f218b143,evaluation,NVDA,2025-12-06 17:08:35,True
8d1e1c48b181089e7b05aab4af973bc28a57e307114d09ee77ef757508f3cc09,6b72ede26035a8d58061a1b140dd72696ee3e2fddf83cb6348d28d46525d44d1,evaluation,NVDA,2025-12-29 17:40:00,True
7ea11da9b6e5713d3065a06dc113bcb3a40bee13c737068abfddc6c04a825b6a,2a51d5d3df7d036715139f6741f336fb18366ea9072f493ce8fbc3da28d11bb0,evaluation,NVDA,2025-02-11 04:19:30,False
ca384566d328678961fead492c37a58d1b9e2634186b55e4e2474f4cb07da549,6426114f05b7598db27bbaefaf3ebce602a2e6b279e6953bc1eea61da7090632,evaluation,NVDA,2025-10-16 06:35:03,False
7805511c3d02ad838731ccd5bfc9553d202b94eeb195025daa808ab5b710ee4a,d31e3008aa3ca7de8df1e88be522839cc4e253ca305d4415e325ce3b9de560cc,evaluation,NVDA,2025-10-13 12:54:44,False
53843c2d388912d5a60e575e26025036351987773ccc8b79592721cd4078cdc2,3fe19a563e693e74c2b015722bf447793fdf104389778c3135a8ef82e10026f6,evaluation,NVDA,2025-11-12 05:47:20,False
17f40d5cbe82e7904e2404417e898ff64376530c86662a4d55738dac41ea8c10,d4bc1bf70480174895679976e2a52381140e8bbd4a75a44749537b4c99629dba,evaluation,NVDA,2025-12-01 23:40:42,False
44e9d48929c52c066901c2df230cc50caf05f7f7a93342672c2e43f65a95def3,8f043bd2a965a8fea18de7795a77876137bfa880a990ff8af17cde0a4fc22a68,evaluation,NVDA,2025-08-14 12:53:03,False
a206717c12da36bfe7cc5be73b90f1baa20b25420a35df263e88dfb7c4617128,8f604db70464cad19be1d4402a2613ac155a3b66168830804b8e51123138d5f2,evaluation,TSLA,2025-10-13 14:42:41,True
1e674b6064c946926e873f1643b4b19ac685834bb93ac42eae52b0fa9a62cfb1,3bc3f7fee3e246631b23a5260dc32dad662ccd0c96f2f7c80e8402ac6386aab3,evaluation,TSLA,2025-11-13 14:54:00,False
c81a387b6f965c10876b9ff6006682f6bbe703e45f7223f361e09565fbf809fc,46b74a7f6b8a4da7c4495c294bd6cd9f74a7e5ac1e590a3608ecbe3edd4b3722,evaluation,TSLA,2025-10-16 06:13:26,False
cc61cc3e4cd4b63b0a05c3596ee94f867644be4636cddd2b1110c09d464ad1c5,37eb64e740c97c05f6fd3252bb9d56a058a63553d366a559621f86c4234fb132,evaluation,TSLA,2025-10-21 22:02:08,False
a7cb4257757e9d8bd28f4444172c5e689d9566287ae70ccd03bdd13e45d5bc1d,408189f198aaac9934023e1f92b39894828571d2ae3229fa3216fe43d1249008,evaluation,TSLA,2024-07-14 14:39:54,True
cfb297484a566b253df46696529e4ed2a5b53eeb9fabf4f03de865dc7394256b,3aabd46e01bd37a4c5dce314b041c622f1754aeed95a3040a8296949919c482d,evaluation,TSLA,2025-10-17 13:13:42,False
d8dd49d58d5de5b53df13cf4fe34616850de4f2c936ef0ca88a2b85f4161d5e0,534d6707290d341282dc87f27d8820757722be008ab99972bbf1611c6f07f926,evaluation,TSLA,2025-06-20 09:53:43,False
ba00bab27bfc8c8a7fdf71085bc19872c75e3d20937809e1f5b86f89aa19d40f,eb6ce5486b27beae4ca6b28d3b2e77213e6b180a88d8da997195afaf5126aad8,evaluation,TSLA,2025-07-31 09:52:44,False
45bc89fed1858b4b8da97e5036b3363045bd7900623eefa8e8c39543170f2f54,2589b2a1b6cc2cb5ad4550bdc77dea0bfb8b3fe9fcee8c062ec4e6b60abe2ae3,evaluation,TSLA,2025-08-16 06:25:30,False
e46f85939ecc83697ddeebd0dffae29770ab88a56beb485d078e63fc06e93cc6,deac14c4af53af28b7a30e1c8eeb76726b1b1b6a3cb4909d528c1284f1772148,evaluation,TSLA,2025-09-30 17:38:00,False
e4138014c8cc4aac3c97fca4b93428dd2f21407a3f2b44a6766a8dd6c02c8793,495b7cd75b6e6d052c030ac501e74f50a17a12cc85c37733a9dddedff4add87a,evaluation,TSLA,2025-11-03 16:31:00,True
5f7ef9808172b2835154c98a72aca483811cecf40279cac1229be8581fad67bf,6f88e4acfded86d45fe690db0b53f44f6d886beebd1174e4e3f8f55a699739ed,evaluation,TSLA,2025-11-21 14:09:03,False
0d978689b6d76fd95803c88b2349a7919acf8829ab12f93f4a43c90b73ac8693,919b3cc1317fb0be632e7bfb0db8a90bf0413678fc3360e8a9dbf597cc3094c0,evaluation,TSLA,2025-03-05 04:11:05,False
34c1a6b88d6f807de9f5f828480e863f4fa0ec389e8310c711a63403a3e08ced,f21b5b67eebcdcca83f53f329e0e3f46c1cf776e09500f7def0f10274bcca36d,evaluation,TSLA,2025-10-19 00:05:34,False
1279e58827217df56a5f35bff9deb07465b4c2db9b75a5e37235db8f3ec406da,cb81011132b7aa5b1d250298a01a078d81a678b40f55c7499dba833516b263aa,evaluation,TSLA,2025-11-08 00:49:00,True
580feffb43198466cf52157766e371f52a1e703659122440ed1e197a5eae2edd,b64c8cbaad0c1dfc7254fe3c00a57e17af6c766f379972f3ec24048722bf99d6,evaluation,TSLA,2025-10-14 06:35:39,False
b192c21a659b8b2642528175d688d3550d294a86c2b150c5727783854e744c29,0976516811ca10e51dfd9e2bf02c3959861b288f61af92bf8e609cf59035dff8,evaluation,TSLA,2025-11-06 20:34:00,False
4bce0cf9c400ec60b46d3bab7c21b24561a51461135738e2ee4e5164f5304cc1,a959deab9ea708a2355befa8c0aa6e0ce04390e24ffda186e133027d156c3d2e,evaluation,TSLA,2025-09-09 18:34:21,False
57fa619a8f334d5b462b21050e0083129fefbd1b061f959c10b8b0fcc61aa431,804fd543ff5d07fb09c69b7c1a2ac4fcbee6217d2ad34b46e467b10c80d8bf33,evaluation,TSLA,2025-03-31 11:39:50,False
75fe8183a289faadb7ea25c12f017575e5a4494047a5cfdf56dd0ce2d1d2c434,9bba5f34f06b3d9bcfe87b25bc982246d31389e3ee52b33f9a4313dc37ce14d7,evaluation,TSLA,2025-12-19 13:10:30,False
9e5e1c68db5450b7f33b22cea162ce45ad48c491b4c5016c5f8a1dedd5dfc48d,af7cf259620cef660f0ac517d5fa407d6479997079deea6b076cf0b36aa2b50c,evaluation,TSLA,2025-11-29 07:51:53,True
339a094e51b348fcda113b67cbfd67d826a949a256a6f1e1540e1e201c0c9bcf,02498338b2b954542ae72c67aba3691109d0f95fce25b1f126aee68be7afdc88,evaluation,TSLA,2025-11-17 14:09:29,True
9f52f72ef5d23310e5d3e00c6eb599fde8791876465d1f36b55caf29caf0bb58,4e42b9207f573de54a80d14adabc175ac305a524af05e010d4b5328a6468d38c,evaluation,TSLA,2025-09-30 00:00:00,False
15f8e854fe578cd27f38331e4eac0835c6608f0fe49336311dda2b3a26f95821,3ea54baa0a6cabfd69eba24afb392a2f099bf1ce4e2c2f741a8d6560881be5ed,evaluation,TSLA,2025-02-11 00:00:00,False
eccd081676370eba62beccf65664f58d3d7959b86b03c7a4c498aa4af99f36a2,6d2540565ab971299c1eff553415ecd292a201f63b211df4b28f9a794fd79c78,evaluation,TSLA,2025-11-17 02:51:00,True
fb80db6af8da74dc8b06d22ee1bd20a1a9f59055a572853cdbc722542497b34e,b8e55e56ed489e08a63914f92612edec71e767ea4d50014a03f22a57926ad017,evaluation,TSLA,2025-11-06 13:51:07,False
e16b2ca6b25bf93a8ad1ec1b2a5db285633f30761ecc6be5b90da708625437d8,2908f500c933e691157a4904c1f7cdf0881fc2229f122917235a13388691ad21,evaluation,TSLA,2025-10-16 11:30:08,True
8ccd2231991fb2796519b57276c6c8610d97c58f048402abd1970975ceb62044,22d7dfd9abf3316da975b5b8b875f375a8467415aec54c7914dceba75b1f8be1,evaluation,TSLA,2025-10-15 14:18:00,True
99a4de5d81f50c99dc1257a1c7c0f2c93ff80c74c86bc0427edc436bce090a4f,cab0748a19fc28aa765e6173414d71be18688ef14e3e559552b811eec6a4d25f,evaluation,TSLA,2024-09-11 00:00:00,False
4d2dd09a35fd221ca05ddebb773cedeade3b1c83759c9d1a7ad497f95301b75a,c9a34cd84d6f15c6028179ab75647c842b54059bf1254b48f1a921d16347da2f,evaluation,TSLA,2024-07-17 08:00:00,False
118de2639f16afbaf0b9435a67800c4d0465bbf8fd064c0c7a4ad26d578ed665,9ad209cb2f6a759a47c494691c7c130446a76990b0182c8036a0c1062d4b93db,evaluation,TSLA,2025-11-07 08:15:00,True
8ca195be2e6b8081e61dfcab42d021ccc3efa8cd7df54d9cd22d761728ce996f,a2f1e961dc215f945d0721f09da9c897a67eedefcd63ca217634cb6d21fd619d,evaluation,TSLA,2025-12-18 04:52:34,False
1211e7b4c4c919f8b62f69cf2d547dcf618ac0bf3f20d999dc51a49a741d0845,7a5131cbe86920163106b0d393d536249c3272fc99d54e5a94774848ddc62c4d,evaluation,TSLA,2025-08-04 19:46:00,True
3a29d4af056a5f4d98e47622e2c93f089225611f1f4577dde8af4ec714e6ed75,acc227e7d3eaf41987369de730d58a9e945c4171bb50a925dab72a79c85f9a30,evaluation,TSLA,2024-06-27 12:38:58,False
5c68814b38020ab808c5e35f0f794bd69406c64e3b9f7155a23adedc57ff6698,59454f8ff4cdf211caaecf5d0ca68a53186391f51a9b22f6a01f4b694630bee1,evaluation,TSLA,2025-11-17 05:03:42,False
64216a0fd7e99ee2d1a89eefa8525046f449cfb0cdbb7401b562f9e6f9d5de5c,42b54f879019fefd3ddb61689184ee9715d5a3085fb8d2317a88332fb9786a1f,evaluation,TSLA,2025-01-31 08:00:00,True
6d1058ed4c80a7e9240c7af11aa9a5fa65d70a6f7bb45bb39dab5835dc9658fb,0dbb5d29b9444e7192145c6ba376e9d450689363b31da3436305f215fa33b092,evaluation,TSLA,2025-12-22 10:14:00,False
35fd8bafb5b6fe7878ed2a0cb7e951ffd585058aa922b54f76bc0281f7577880,bca4c6567a07cfa4e5733c7cf6061a6a71382ba4547c61f386c2c612eb802992,evaluation,TSLA,2025-10-16 10:42:36,False
c1a8734c7cd2ade441eafa422160243692d434e1b8225d094d08b0b224864ed4,8595ab4f84030648cec67712e6d1f73951560093cc9d38846f15a7557d433aeb,evaluation,TSLA,2025-12-17 19:07:57,False
efa071d507c80609e3edf8f9c3707f1926c1522d9075fbf7f83c83ecb354075f,fcc09c3de47e4e57886ffa88b1c1e1c0fbe3a5ea77fc6a5a012876f8a7c83979,evaluation,TSLA,2025-10-13 07:20:13,False
8d4b852ebf45f241fe0cb4c7c557241a92a8cfb0f9b983008cb634fe9e13cee7,a7bc82368284ddf3b2da7a7d13e06f78e8d5153a0a186cd88ad1da1645b153e3,evaluation,TSLA,2025-10-10 10:01:00,False
ad993415e35471bcbaa129bbe4b08f9cc3d374144c4f7ac9087c2f13039bd0c8,af68e6f0e7b8bf3f62801ac13a6e58d3b9cb31b52d9a8a4d316570ac7dc01385,evaluation,TSLA,2025-03-14 14:58:12,False
04f0159d2d860745168cf75d3a539645058fb21def27b6d0b3c3e78dc9a6c05f,2fe6377977275d9f77cc328a07ef3afa1eb8e760f7c95eef1aff95fcb45ce0d1,evaluation,TSLA,2025-04-15 11:40:00,False
8bfb36cb0e6ac9dfcb7b2bc58a53de510f24108d285e638f3d0c50a0e8ae4715,0452ff2e7a0a5ed3811b73afa67ddd406f736a398e1ee4252dc089f59997ebe1,evaluation,TSLA,2025-11-19 09:23:15,False
7e1b7413562bf2c22875cc514e78fe26d2a4f775e9aa8c6ac2f7e22d71d0356c,73e92501e93231ec2ddf83f01940a361b65d692c06a50e98ee435880d5bf35a8,evaluation,TSLA,2025-10-24 00:31:35,False
4d49e16b31d6b52c02c58eabbaf61931b73a75dd199dc5ad85c845388d84a3e9,c471b503b7b9968b5071720975bee484265e86a4dc5873acef5fade51a86906e,evaluation,TSLA,2024-01-19 05:19:00,False
32f4a7ec32dc90687784e157dd9875ae62d2c0793531d5212036f8c304f698b6,dacce80eecadaf3bf9fb56b9b4f1ad531d47d011af0c7d7a4790a0914708c5b1,evaluation,TSLA,2025-12-31 11:09:19,True
1c01c2b6e523cbd4a6e5174515ca4732be541cf2379b60164a41c2b75d669213,a82702081950a8b19fa79853428d41a18ec142e1764aa6c6be971fe6921170ce,evaluation,TSLA,2025-10-17 09:32:20,False
2bda4894091427e7f21a9bab1a08826fe7b7bbf94c0a9b8f7eb7d94ce1b38305,f53e2136cad0571deed2d2c0722fe02e04b3f8ed6dcb7137c27014abfea3931e,evaluation,TSLA,2025-04-06 13:41:38,True
9359a16899dc3071aae0840af61371d5b250a1b17a58fb19fef34e2f23478d2c,35de239b3e44262515000a08c51f895ce7156304ef6d2ae64d49b47f960f0ac5,evaluation,TSLA,2025-11-23 03:36:01,False
