scope,accuracy,precision,recall,f1,balanced_accuracy,f1_macro,mcc,roc_auc,tn,fp,fn,tp,group,mean_outer_auc,std_outer_auc,ticker,dataset_type,model_name,approach
global,0.5443037974683544,0.5443037974683544,1.0,0.7049180327868853,0.5,0.3524590163934426,0.0,0.5,0,252,0,301,,0.5,0.0,AAPL,base,dummy,individual
global,0.5443037974683544,0.5443037974683544,1.0,0.7049180327868853,0.5,0.3524590163934426,0.0,0.5,0,252,0,301,,0.5,0.0,AAPL,base,dummy,joint
global,0.42495479204339964,0.46473029045643155,0.37209302325581395,0.4132841328413284,0.43009413067552604,0.4247271728036429,-0.1404239988831598,0.4512405737488794,123,129,189,112,,0.451232524018256,0.023535668562585432,AAPL,base,hist_gradient_boosting,individual
global,0.5099457504520796,0.5315126050420168,0.840531561461794,0.6512226512226512,0.47780546327057954,0.41375722226786055,-0.06385733049602965,0.46189948847756157,29,223,48,253,,0.4684312645330097,0.0363568809634791,AAPL,base,hist_gradient_boosting,joint
global,0.46473779385171793,0.5094339622641509,0.4485049833887043,0.47703180212014135,0.4663159837578442,0.46444182698599656,-0.06716116193038982,0.4632376206296472,122,130,166,135,,0.4587348760093157,0.030716076833399195,AAPL,base,lightgbm,individual
global,0.5226039783001808,0.5403050108932462,0.8239202657807309,0.6526315789473685,0.49330933923957176,0.4448128993002738,-0.017742395439241908,0.47458208089437326,41,211,53,248,,0.48310046050836525,0.05434716488783676,AAPL,base,lightgbm,joint
global,0.5207956600361664,0.5358565737051793,0.893687707641196,0.6699875466998755,0.48454226651901067,0.39770004397700043,-0.05321356832456631,0.427015767547329,19,233,32,269,,0.42410898883854947,0.052368131691947636,AAPL,base,logistic_regression,individual
global,0.5298372513562387,0.5386064030131826,0.9501661129568106,0.6875,0.4889719453672942,0.3692974452554745,-0.056202265447373355,0.44945420028476507,7,245,15,286,,0.44353777864010363,0.025107245437396872,AAPL,base,logistic_regression,joint
global,0.45750452079566006,0.5015105740181269,0.5514950166112956,0.5253164556962026,0.44836655592469543,0.44620253164556967,-0.1049189955632479,0.44128697990824234,87,165,135,166,,0.43600698913638447,0.0207828711568554,AAPL,base,random_forest,individual
global,0.5533453887884268,0.5503731343283582,0.9800664451827242,0.7048984468339307,0.5118586194167589,0.39334141672551554,0.06842909394315967,0.5291620524178664,11,241,6,295,,0.5325567533871162,0.06978177529930625,AAPL,base,random_forest,joint
global,0.484629294755877,0.525,0.5581395348837209,0.5410628019323671,0.4774824658545589,0.4767169679764928,-0.045423583616003196,0.46634235089384585,100,152,133,168,,0.46261608041816604,0.02604367413041837,AAPL,base,xgboost,individual
global,0.5406871609403255,0.5445920303605313,0.9534883720930233,0.6932367149758454,0.5005537098560354,0.389783825113822,0.0026055762459838883,0.4585970046933502,12,240,14,287,,0.454430116589692,0.04852888917235237,AAPL,base,xgboost,joint
global,0.46835443037974683,0.5117845117845118,0.5049833887043189,0.5083612040133779,0.4647932816537468,0.4648105232665315,-0.07033003806476541,0.47093023255813954,107,145,149,152,,0.4724901508550034,0.0334472276312348,AAPL,hybrid,hist_gradient_boosting,individual
global,0.49005424954792043,0.5230024213075061,0.717607973421927,0.6050420168067226,0.4679309708379476,0.44282713085234093,-0.07346158302829683,0.47070611190212513,55,197,85,216,,0.47585899432382767,0.03718852478037287,AAPL,hybrid,hist_gradient_boosting,joint
global,0.44665461121157324,0.4901185770750988,0.4119601328903654,0.44765342960288806,0.45002768549280175,0.44665280175796573,-0.09991302097153945,0.43551916890787323,123,129,177,124,,0.43517715458853257,0.008201639365079682,AAPL,hybrid,lightgbm,individual
global,0.5298372513562387,0.5486935866983373,0.7674418604651163,0.6398891966759003,0.5067368032484312,0.48140293167128345,0.015741255354282294,0.48727785687918573,62,190,70,231,,0.48995039132193785,0.044991536763514715,AAPL,hybrid,lightgbm,joint
global,0.5045207956600362,0.5358090185676393,0.6710963455149501,0.5958702064896755,0.48832595053525285,0.4778416453009125,-0.02496364706944988,0.4458287190845331,77,175,99,202,,0.4407825157223857,0.010436210156431428,AAPL,hybrid,logistic_regression,individual
global,0.5063291139240507,0.5355329949238579,0.7009966777408638,0.6071942446043166,0.48740310077519383,0.47148033398099043,-0.02772237894963381,0.468781310974002,69,183,90,211,,0.46601914324242727,0.02925148394096966,AAPL,hybrid,logistic_regression,joint
global,0.47739602169981915,0.5174418604651163,0.5913621262458472,0.5519379844961241,0.4663159837578442,0.4625199683868907,-0.06919664171947645,0.4413726731002479,86,166,123,178,,0.43851113886956083,0.02395212092459177,AAPL,hybrid,random_forest,individual
global,0.5244122965641953,0.5435779816513762,0.7873754152823921,0.6431478968792401,0.4988464377999262,0.4652053847539832,-0.0028133149560314345,0.49259083478352583,53,199,64,237,,0.49453960526341234,0.027993034586890706,AAPL,hybrid,random_forest,joint
global,0.4484629294755877,0.4937106918238994,0.521594684385382,0.5072697899838449,0.4413528977482466,0.44049321121368834,-0.1181714545615515,0.4507461899488477,91,161,144,157,,0.4525811178297245,0.01548617790719612,AAPL,hybrid,xgboost,individual
global,0.5171790235081374,0.5410628019323671,0.7441860465116279,0.6265734265734266,0.49510889627168697,0.4718544882227747,-0.011230854902711883,0.4801785055107314,62,190,77,224,,0.4751784275280054,0.025885867082960708,AAPL,hybrid,xgboost,joint
global,0.47377938517179025,0.5219298245614035,0.3953488372093023,0.4499054820415879,0.4814045773348099,0.4727863632045028,-0.037627941831002154,0.47021172810209355,143,109,182,119,,0.4663767301358883,0.011092210509250569,AAPL,lag_1,hist_gradient_boosting,individual
global,0.4936708860759494,0.5267175572519084,0.6877076411960132,0.5965417867435159,0.47480620155038755,0.45846506812903953,-0.05534149639954678,0.4851223435110479,66,186,94,207,,0.4843248287656821,0.023053437502709904,AAPL,lag_1,hist_gradient_boosting,joint
global,0.4376130198915009,0.475,0.31561461794019935,0.37924151696606784,0.4494739756367664,0.4325959650946042,-0.10474330916236554,0.4667642250698729,147,105,206,95,,0.4657047240168119,0.007288853607621836,AAPL,lag_1,lightgbm,individual
global,0.5027124773960217,0.5315533980582524,0.7275747508305648,0.6143057503506312,0.4808508674787745,0.4572801016384199,-0.0437627348299148,0.4825119970468808,59,193,82,219,,0.4776143673954582,0.02052296698263003,AAPL,lag_1,lightgbm,joint
global,0.5081374321880651,0.5397260273972603,0.654485049833887,0.5915915915915916,0.49390919158361013,0.4867048867048867,-0.0128074625951903,0.4536465749090334,84,168,104,197,,0.4514744787264755,0.010222441624081986,AAPL,lag_1,logistic_regression,individual
global,0.4972875226039783,0.5288220551378446,0.7009966777408638,0.6028571428571429,0.4774824658545589,0.459064039408867,-0.05003657050152592,0.4694009386700417,64,188,90,211,,0.46656114663488385,0.0239956225952607,AAPL,lag_1,logistic_regression,joint
global,0.46835443037974683,0.5108359133126935,0.5481727574750831,0.5288461538461539,0.46059431524547806,0.45944382381104376,-0.07963559208199154,0.4411353688762327,94,158,136,165,,0.4446707349356398,0.02196189770878143,AAPL,lag_1,random_forest,individual
global,0.515370705244123,0.5382830626450116,0.770764119601329,0.6338797814207651,0.49054078995939465,0.4586511206569066,-0.022722171449031894,0.49470020566366085,53,199,69,232,,0.49240159375982434,0.009118127110131234,AAPL,lag_1,random_forest,joint
global,0.47377938517179025,0.5171232876712328,0.5016611295681063,0.5092748735244519,0.47106866002214837,0.4710117057680739,-0.05772585621265337,0.463890207245689,111,141,150,151,,0.45779679770536125,0.01392139769826656,AAPL,lag_1,xgboost,individual
global,0.5316455696202531,0.546875,0.813953488372093,0.6542056074766355,0.5041989664082688,0.46435770569910206,0.01066405208589172,0.48832595053525285,49,203,56,245,,0.4802907160987884,0.02459975021530691,AAPL,lag_1,xgboost,joint
global,0.5497287522603979,0.5497287522603979,1.0,0.7094515752625438,0.5,0.3547257876312719,0.0,0.5,0,249,0,304,,0.5,0.0,MSFT,base,dummy,individual
global,0.5497287522603979,0.5497287522603979,1.0,0.7094515752625438,0.5,0.3547257876312719,0.0,0.5,0,249,0,304,,0.5,0.0,MSFT,base,dummy,joint
global,0.47739602169981915,0.543859649122807,0.3059210526315789,0.391578947368421,0.49633402029169305,0.46678788889815664,-0.007892721543914906,0.5141090678503487,171,78,211,93,,0.5415930532359421,0.05782956251184696,MSFT,base,hist_gradient_boosting,individual
global,0.46112115732368897,0.5230769230769231,0.2236842105263158,0.31336405529953915,0.48734411329528643,0.4349558371735791,-0.029697314588543397,0.48912095751426754,187,62,236,68,,0.512740209741799,0.0385993759087654,MSFT,base,hist_gradient_boosting,joint
global,0.5045207956600362,0.5833333333333334,0.34539473684210525,0.43388429752066116,0.5220949587824985,0.49668491403364246,0.046921186788689985,0.5097363136757557,174,75,199,105,,0.5293962131813256,0.08021568191820223,MSFT,base,lightgbm,individual
global,0.46473779385171793,0.5294117647058824,0.23684210526315788,0.32727272727272727,0.48990699640667934,0.4414141414141414,-0.02332112019198988,0.47752853519340516,185,64,232,72,,0.48192314506736444,0.03585394630411081,MSFT,base,lightgbm,joint
global,0.49909584086799275,0.5386819484240688,0.618421052631579,0.5758039816232772,0.4859173536250264,0.4821624764628527,-0.02904176038127061,0.49450433312196157,88,161,116,188,,0.5176105433473485,0.012344616156448366,MSFT,base,logistic_regression,individual
global,0.5262206148282098,0.541015625,0.9111842105263158,0.678921568627451,0.4837045550623547,0.387736646382691,-0.06188790412772057,0.5219562460367787,14,235,27,277,,0.5296743194958009,0.03221578729204282,MSFT,base,logistic_regression,joint
global,0.4719710669077758,0.53,0.34868421052631576,0.42063492063492064,0.48558708518283655,0.4677925433739387,-0.029848047720428515,0.5057863031071654,155,94,198,106,,0.5392195622031887,0.04528968029131335,MSFT,base,random_forest,individual
global,0.4665461121157324,0.5233160621761658,0.33223684210526316,0.40643863179074446,0.4813794652293384,0.4610189874881473,-0.03887126780922608,0.48888976960473474,157,92,203,101,,0.5047476386876151,0.05112026722097942,MSFT,base,random_forest,joint
global,0.4864376130198915,0.5454545454545454,0.39473684210526316,0.4580152671755725,0.49656520820122596,0.4850213792922536,-0.006982861385975627,0.49228492919044603,149,100,184,120,,0.5119291451493181,0.06986973272152948,MSFT,base,xgboost,individual
global,0.47739602169981915,0.5409836065573771,0.3256578947368421,0.406570841889117,0.4941542485732403,0.4698443870188719,-0.012361762584849053,0.5048351299936589,165,84,205,99,,0.5482085921688044,0.060214572626300436,MSFT,base,xgboost,joint
global,0.4972875226039783,0.5738636363636364,0.33223684210526316,0.42083333333333334,0.5155160114140773,0.48837193823216185,0.033145115933761196,0.5123388290002113,174,75,203,101,,0.5314649814629486,0.05778970594379433,MSFT,hybrid,hist_gradient_boosting,individual
global,0.47739602169981915,0.5409836065573771,0.3256578947368421,0.406570841889117,0.4941542485732403,0.4698443870188719,-0.012361762584849053,0.48825565419573025,165,84,205,99,,0.5040603317931822,0.05935520906424876,MSFT,hybrid,hist_gradient_boosting,joint
global,0.47739602169981915,0.5362318840579711,0.3651315789473684,0.4344422700587084,0.48979470513633483,0.4743639921722113,-0.020983058734529436,0.5028403086028324,153,96,193,111,,0.5294721654052301,0.07463624922556625,MSFT,hybrid,lightgbm,individual
global,0.4810126582278481,0.5521472392638037,0.29605263157894735,0.3854389721627409,0.5014399704079475,0.46814984601877263,0.0031426348519309555,0.4861683576410907,176,73,214,90,,0.49187992150680654,0.03263424658783874,MSFT,hybrid,lightgbm,joint
global,0.5027124773960217,0.546031746031746,0.5657894736842105,0.555735056542811,0.49574614246459525,0.49552666584840754,-0.008548809640325642,0.4938834284506447,106,143,132,172,,0.5157394372744019,0.04074820377736708,MSFT,hybrid,logistic_regression,individual
global,0.5226039783001808,0.5617283950617284,0.5986842105263158,0.5796178343949044,0.514201543014162,0.5136582895823895,0.028688758079867923,0.5038971676178398,107,142,122,182,,0.509997248505158,0.048313116898853994,MSFT,hybrid,logistic_regression,joint
global,0.46835443037974683,0.5255102040816326,0.33881578947368424,0.412,0.4826609067850349,0.4634257425742574,-0.036068717361048656,0.5068695835975481,156,93,201,103,,0.54586892834398,0.08134670211072594,MSFT,hybrid,random_forest,individual
global,0.45750452079566006,0.5119047619047619,0.28289473684210525,0.3644067796610169,0.4767887338829,0.44561032989359994,-0.05022041372505002,0.48523039526527156,167,82,218,86,,0.5124000454174907,0.04486436247799249,MSFT,hybrid,random_forest,joint
global,0.46473779385171793,0.5185185185185185,0.3684210526315789,0.4307692307692308,0.4753751849503276,0.4628248884221581,-0.050222417302681246,0.4948081800887762,145,104,192,112,,0.534707262520317,0.06541811623869352,MSFT,hybrid,xgboost,individual
global,0.47920433996383366,0.5449438202247191,0.3190789473684211,0.4024896265560166,0.49688887127457193,0.4704755825087775,-0.006626112524046161,0.5033555273726484,168,81,207,97,,0.5279485437520623,0.05039031870100755,MSFT,hybrid,xgboost,joint
global,0.4810126582278481,0.5508982035928144,0.3026315789473684,0.39065817409766457,0.50071337983513,0.46934483508032837,0.0015460922464882523,0.49960367786937226,174,75,212,92,,0.5169814968853998,0.06083659924982496,MSFT,lag_1,hist_gradient_boosting,individual
global,0.4701627486437613,0.5263157894736842,0.3618421052631579,0.42884990253411304,0.4821258719086874,0.46737604738847305,-0.0366808138179189,0.47566582117945466,150,99,194,110,,0.49444097292171657,0.050848574029598095,MSFT,lag_1,hist_gradient_boosting,joint
global,0.4918625678119349,0.5664739884393064,0.3223684210526316,0.4109014675052411,0.5105818008877616,0.4820803044998383,0.022709689509830794,0.5075036990065525,174,75,206,98,,0.5349511164019961,0.06905177769535183,MSFT,lag_1,lightgbm,individual
global,0.47377938517179025,0.5419354838709678,0.27631578947368424,0.3660130718954248,0.49558761361234416,0.45812245557676956,-0.009775356663119879,0.48030279010779964,178,71,220,84,,0.49710892692874514,0.03161824095052873,MSFT,lag_1,lightgbm,joint
global,0.4936708860759494,0.5392156862745098,0.5427631578947368,0.5409836065573771,0.48824904882688647,0.4882337387625595,-0.023519619576294157,0.49462322976114986,108,141,139,165,,0.5171885566877436,0.034736696487740366,MSFT,lag_1,logistic_regression,individual
global,0.5298372513562387,0.5666666666666667,0.6151315789473685,0.5899053627760252,0.5204171950961742,0.5195289525744533,0.04141456825784304,0.49487423377721407,106,143,117,187,,0.49899059604319057,0.04228550045881885,MSFT,lag_1,logistic_regression,joint
global,0.4629294755877034,0.518918918918919,0.3157894736842105,0.39263803680981596,0.47917987740435425,0.4556383052768691,-0.04390762737966489,0.5024175649968294,160,89,208,96,,0.5423583706727927,0.07801515449360596,MSFT,lag_1,random_forest,individual
global,0.4629294755877034,0.52046783625731,0.29276315789473684,0.37473684210526315,0.4817229444092158,0.4520276920510468,-0.03934983876038297,0.48645899387021774,167,82,215,89,,0.5029598812014912,0.032734153541454154,MSFT,lag_1,random_forest,joint
global,0.4538878842676311,0.505,0.33223684210526316,0.4007936507936508,0.46732324032974004,0.4495662606127723,-0.0676710779436113,0.49412122172902134,150,99,203,101,,0.5253513447259751,0.05523568103956755,MSFT,lag_1,xgboost,individual
global,0.47377938517179025,0.5389221556886228,0.29605263157894735,0.3821656050955414,0.49340784189389136,0.4619489442800542,-0.01428703761106737,0.4976484886916085,172,77,214,90,,0.5309291875251366,0.07014899621617635,MSFT,lag_1,xgboost,joint
global,0.5497287522603979,0.5497287522603979,1.0,0.7094515752625438,0.5,0.3547257876312719,0.0,0.5,0,249,0,304,,0.5,0.0,NVDA,base,dummy,individual
global,0.5497287522603979,0.5497287522603979,1.0,0.7094515752625438,0.5,0.3547257876312719,0.0,0.5,0,249,0,304,,0.5,0.0,NVDA,base,dummy,joint
global,0.5063291139240507,0.5682819383259912,0.4243421052631579,0.4858757062146893,0.5153839040372015,0.5055465487595185,0.03111797263528431,0.5223855950116254,151,98,175,129,,0.5521120015887492,0.06596942221509619,NVDA,base,hist_gradient_boosting,individual
global,0.5171790235081374,0.5450121654501217,0.7368421052631579,0.6265734265734266,0.4929190445994504,0.4718544882227747,-0.01612847245635408,0.47419282392728807,62,187,80,224,,0.4732674135804906,0.0497717532073646,NVDA,base,hist_gradient_boosting,joint
global,0.49909584086799275,0.5551020408163265,0.4473684210526316,0.49544626593806923,0.5048087085182836,0.49906963207136856,0.009632444458837928,0.5106082223631367,140,109,168,136,,0.5407302342348369,0.046123205854995034,NVDA,base,lightgbm,individual
global,0.5244122965641953,0.5440860215053763,0.8322368421052632,0.657997399219766,0.49041560980765164,0.43879098447635184,-0.02607132686518115,0.49208676812513213,37,212,51,253,,0.49771991683356154,0.07413523166770636,NVDA,base,lightgbm,joint
global,0.5045207956600362,0.5433526011560693,0.618421052631579,0.5784615384615385,0.4919414500105686,0.4887921727395412,-0.016569146702994118,0.48792538575354044,91,158,116,188,,0.5379259653740689,0.014620668770479392,NVDA,base,logistic_regression,individual
global,0.5497287522603979,0.5527831094049904,0.9473684210526315,0.6981818181818182,0.5058127245825407,0.40603041087026853,0.024771502884618136,0.5180326569435638,16,233,16,288,,0.5151659416442935,0.04658899355109373,NVDA,base,logistic_regression,joint
global,0.49005424954792043,0.544,0.4473684210526316,0.49097472924187724,0.49476854787571334,0.490052582012243,-0.01045917423168985,0.49696813570069753,135,114,168,136,,0.5279166816298302,0.04279877372548682,NVDA,base,random_forest,individual
global,0.5497287522603979,0.5521821631878557,0.9572368421052632,0.7003610108303249,0.5047228387233144,0.3974532326878897,0.022201258566572835,0.4874894314098499,13,236,13,291,,0.503734177153158,0.07980558252864116,NVDA,base,random_forest,joint
global,0.49547920433996384,0.5647668393782384,0.35855263157894735,0.4386317907444668,0.510601616994293,0.4902518559633664,0.0221313887313969,0.5189904354259142,165,84,195,109,,0.551526910057445,0.05270793952070421,NVDA,base,xgboost,individual
global,0.5352622061482821,0.5463510848126233,0.9111842105263158,0.6831072749691739,0.49374471570492495,0.4059604171456039,-0.022538791090075803,0.48994662861974214,19,230,27,277,,0.4916874401210228,0.08740676619155485,NVDA,base,xgboost,joint
global,0.49909584086799275,0.5533596837944664,0.4605263157894737,0.5026929982046678,0.5033555273726484,0.49906963207136856,0.006702029868321565,0.5047756816740646,136,113,164,140,,0.5188861911922233,0.013896684491026443,NVDA,hybrid,hist_gradient_boosting,individual
global,0.4918625678119349,0.5360501567398119,0.5625,0.5489566613162119,0.48406124497991965,0.4835880615069672,-0.032100927910920445,0.4836847389558233,101,148,133,171,,0.4822382932240923,0.013143575817503757,NVDA,hybrid,hist_gradient_boosting,joint
global,0.4972875226039783,0.5570175438596491,0.41776315789473684,0.4774436090225564,0.5060703339674487,0.4965615257656336,0.012270717055670972,0.5112027055590784,148,101,177,127,,0.5384482896281004,0.03445579197911022,NVDA,hybrid,lightgbm,individual
global,0.49547920433996384,0.5429553264604811,0.5197368421052632,0.5310924369747899,0.4928001479602621,0.4925520893288822,-0.014348050363484294,0.49398911435214543,116,133,146,158,,0.49493325367925456,0.03374058723064262,NVDA,hybrid,lightgbm,joint
global,0.5099457504520796,0.5548172757475083,0.5493421052631579,0.5520661157024793,0.5055947474106954,0.5055739760149123,0.011177982536859773,0.5109781230183894,115,134,137,167,,0.5470080810694463,0.020732153082436502,NVDA,hybrid,logistic_regression,individual
global,0.5009041591320073,0.5588235294117647,0.4375,0.4907749077490775,0.5079066265060241,0.500706602810709,0.015889635309735705,0.5188913548932572,144,105,171,133,,0.5213662759843721,0.014080696680424675,NVDA,hybrid,logistic_regression,joint
global,0.4810126582278481,0.5410628019323671,0.3684210526315789,0.4383561643835616,0.4934474741069541,0.47800161160354554,-0.013472617647024726,0.5025760938490805,154,95,192,112,,0.5453610351009278,0.02047439186951674,NVDA,hybrid,random_forest,individual
global,0.5244122965641953,0.5676567656765676,0.5657894736842105,0.5667215815485996,0.5198425280067639,0.5198337366660833,0.03967090832322766,0.5180194462058761,118,131,132,172,,0.5146211644624091,0.017296082093154197,NVDA,hybrid,random_forest,joint
global,0.5099457504520796,0.583756345177665,0.3782894736842105,0.4590818363273453,0.5244861023039527,0.5055739760149123,0.05087776307794669,0.530437539632213,167,82,189,115,,0.5461071426897726,0.03386263581733975,NVDA,hybrid,xgboost,individual
global,0.5045207956600362,0.5517241379310345,0.5263157894736842,0.5387205387205387,0.5021137180300148,0.5017821443602694,0.004211498397474106,0.49199429296131897,119,130,144,160,,0.487329303827551,0.02371889219444522,NVDA,hybrid,xgboost,joint
global,0.5063291139240507,0.5707762557077626,0.41118421052631576,0.4780114722753346,0.5168370851828366,0.5048719454001029,0.03425611274280857,0.5193074931304165,155,94,179,125,,0.529563910003162,0.041169413075348625,NVDA,lag_1,hist_gradient_boosting,individual
global,0.488245931283906,0.5368421052631579,0.5032894736842105,0.5195246179966044,0.4865844958782498,0.4860679182826349,-0.026710599221944725,0.4956140350877193,117,132,151,153,,0.49163815633646335,0.0144677665582064,NVDA,lag_1,hist_gradient_boosting,joint
global,0.4810126582278481,0.5381165919282511,0.39473684210526316,0.45540796963946867,0.4905411118156838,0.47986287946567563,-0.01918656154811751,0.5158000422743606,146,103,184,120,,0.5453582509075354,0.0313146902180741,NVDA,lag_1,lightgbm,individual
global,0.5117540687160941,0.5611510791366906,0.5131578947368421,0.5360824742268041,0.5115990276897062,0.5104076493271426,0.023083374702484605,0.5188385119425069,127,122,148,156,,0.5161635107239243,0.02717842256182463,NVDA,lag_1,lightgbm,joint
global,0.5045207956600362,0.5513698630136986,0.5296052631578947,0.540268456375839,0.501750422743606,0.5015067772075273,0.0034889739687824434,0.5067242654829847,118,131,143,161,,0.5414199347115868,0.01603193105215239,NVDA,lag_1,logistic_regression,individual
global,0.49005424954792043,0.5486725663716814,0.40789473684210525,0.4679245283018868,0.4991280913126189,0.4891705974842767,-0.0017648563827860682,0.5191819911223843,147,102,180,124,,0.5215267893651351,0.016691808986630034,NVDA,lag_1,logistic_regression,joint
global,0.4864376130198915,0.54,0.4440789473684211,0.48736462093862815,0.49111577890509406,0.48643593365771987,-0.0177621077545743,0.5012285986049462,134,115,169,135,,0.5404509319721079,0.02915776260916425,NVDA,lag_1,random_forest,individual
global,0.5370705244122965,0.583916083916084,0.5493421052631579,0.5661016949152542,0.5357152293384062,0.5349888319537511,0.07111828201850512,0.5309395476643416,130,119,137,167,,0.5311115718299593,0.008344732529848024,NVDA,lag_1,random_forest,joint
global,0.5009041591320073,0.5786516853932584,0.33881578947368424,0.42738589211618255,0.5188054850982879,0.49253909990424516,0.04005210691286501,0.5242284929190446,174,75,201,103,,0.5533485083271743,0.04029696518900705,NVDA,lag_1,xgboost,individual
global,0.4936708860759494,0.5413793103448276,0.5164473684210527,0.5286195286195287,0.49115541111815686,0.49087226430976433,-0.017622488606930713,0.5035140562248996,116,133,147,157,,0.49854653134026,0.04074695352717036,NVDA,lag_1,xgboost,joint
global,0.5117540687160941,0.5117540687160941,1.0,0.6770334928229665,0.5,0.33851674641148327,0.0,0.5,0,270,0,283,,0.5,0.0,TSLA,base,dummy,individual
global,0.5117540687160941,0.5117540687160941,1.0,0.6770334928229665,0.5,0.33851674641148327,0.0,0.5,0,270,0,283,,0.5,0.0,TSLA,base,dummy,joint
global,0.47377938517179025,0.4826086956521739,0.392226148409894,0.4327485380116959,0.4757427038345766,0.4710117057680739,-0.04920194905925604,0.4983837194084544,151,119,172,111,,0.5084279116351484,0.04930274434767916,TSLA,base,hist_gradient_boosting,individual
global,0.5117540687160941,0.5221843003412969,0.5406360424028268,0.53125,0.5110587619421542,0.5109080188679245,0.022150886949630355,0.5133097762073027,130,140,130,153,,0.5262646139496469,0.034153101253524505,TSLA,base,hist_gradient_boosting,joint
global,0.4864376130198915,0.49746192893401014,0.3462897526501767,0.4083333333333333,0.489811542991755,0.47732960596379126,-0.02126940792563414,0.5052283732495747,171,99,185,98,,0.518674533160553,0.025765688868004576,TSLA,base,lightgbm,individual
global,0.5063291139240507,0.5182481751824818,0.5017667844522968,0.5098743267504489,0.506438947781704,0.5063032835938037,0.012874862972864668,0.5154757230728962,138,132,141,142,,0.5380675607896003,0.01770788822258817,TSLA,base,lightgbm,joint
global,0.5135623869801085,0.5209580838323353,0.6148409893992933,0.5640194489465153,0.5111241984033503,0.5069585997288814,0.022739375363215488,0.5259651878026437,110,160,109,174,,0.5262068958697248,0.02729523473982544,TSLA,base,logistic_regression,individual
global,0.4972875226039783,0.5062344139650873,0.7173144876325088,0.5935672514619883,0.4919905771495877,0.46739973947506996,-0.0179354524819568,0.5166993848972647,72,198,80,203,,0.5198504666021114,0.023690940589183695,TSLA,base,logistic_regression,joint
global,0.5045207956600362,0.5157894736842106,0.519434628975265,0.5176056338028169,0.5041617589320769,0.5041559767527095,0.008325152330122368,0.5097304017798717,132,138,136,147,,0.5204357820846308,0.019054024476922622,TSLA,base,random_forest,individual
global,0.4864376130198915,0.49842271293375395,0.558303886925795,0.5266666666666666,0.48470749901845306,0.48270092226613964,-0.03090992704026796,0.5173144876325089,111,159,125,158,,0.5444253863826233,0.01930590682280203,TSLA,base,random_forest,joint
global,0.5099457504520796,0.525,0.4452296819787986,0.4818355640535373,0.5115037298782882,0.5084992571554136,0.023204166938566216,0.5192514068839157,156,114,157,126,,0.5334681400470874,0.007859261277593343,TSLA,base,xgboost,individual
global,0.4972875226039783,0.5079365079365079,0.5653710247349824,0.5351170568561873,0.49564847533045414,0.49393648118399913,-0.008786234497208466,0.513852898835231,115,155,123,160,,0.5370576555815043,0.009683628879736285,TSLA,base,xgboost,joint
global,0.49005424954792043,0.50187265917603,0.4734982332155477,0.48727272727272725,0.4904528203114775,0.49003924133420534,-0.019100359647246275,0.5117785630153121,137,133,149,134,,0.5252950241766031,0.011729400834137123,TSLA,hybrid,hist_gradient_boosting,individual
global,0.5135623869801085,0.52,0.6431095406360424,0.5750394944707741,0.5104436592069101,0.5031645675313701,0.021660862525642383,0.5418466169349562,102,168,101,182,,0.5717813552188553,0.04288800287211264,TSLA,hybrid,hist_gradient_boosting,joint
global,0.5207956600361664,0.5346153846153846,0.4911660777385159,0.5119705340699816,0.5215089647951838,0.520638908242806,0.043082819765346135,0.5221175238843083,149,121,144,139,,0.5333233454532796,0.016068103278316398,TSLA,hybrid,lightgbm,individual
global,0.5099457504520796,0.5198675496688742,0.5547703180212014,0.5367521367521367,0.5088666404920822,0.5082992929442065,0.01780425735099213,0.507773851590106,125,145,126,157,,0.5184538128781551,0.038914011175009325,TSLA,hybrid,lightgbm,joint
global,0.5063291139240507,0.5137362637362637,0.6607773851590106,0.5780525502318392,0.5026109148017275,0.49164065420088693,0.005503211474037222,0.5227326266195523,93,177,96,187,,0.5308778852117668,0.0429290080968018,TSLA,hybrid,logistic_regression,individual
global,0.5081374321880651,0.5150684931506849,0.6643109540636042,0.5802469135802469,0.5043776992540243,0.49318022534907546,0.009239014762961214,0.503271823059809,93,177,95,188,,0.5132464328434723,0.03542054842103551,TSLA,hybrid,logistic_regression,joint
global,0.5009041591320073,0.5125448028673835,0.5053003533568905,0.5088967971530249,0.5007983248265934,0.5007719279882772,0.0015962736612698063,0.5266849888758016,134,136,140,143,,0.5493008642186274,0.01947173196620094,TSLA,hybrid,random_forest,individual
global,0.5262206148282098,0.5315315315315315,0.6254416961130742,0.5746753246753247,0.5238319591676482,0.5199907235621521,0.04867784959210023,0.5255856563277058,114,156,106,177,,0.5424745140945798,0.03726133263667478,TSLA,hybrid,random_forest,joint
global,0.5226039783001808,0.5345454545454545,0.519434628975265,0.5268817204301075,0.5226802774505954,0.5225649478062946,0.04534868662393359,0.5304083235178642,142,128,136,147,,0.5480094333054859,0.02299016403474884,TSLA,hybrid,xgboost,individual
global,0.48282097649186256,0.4956772334293948,0.607773851590106,0.546031746031746,0.47981285172097893,0.4725957049486461,-0.04174281382929357,0.519794529511844,95,175,111,172,,0.5459143360294676,0.029350314034616524,TSLA,hybrid,xgboost,joint
global,0.47739602169981915,0.48863636363636365,0.4558303886925795,0.4716636197440585,0.47791519434628976,0.47733449323517774,-0.04420259767739914,0.4949417615495354,135,135,154,129,,0.5047903454975824,0.023308802919075517,TSLA,lag_1,hist_gradient_boosting,individual
global,0.4972875226039783,0.5070422535211268,0.6360424028268551,0.5642633228840125,0.4939471273393535,0.48512311443345923,-0.012621758353198401,0.5172555948174322,95,175,103,180,,0.5372581845238095,0.018303850822369176,TSLA,lag_1,hist_gradient_boosting,joint
global,0.5099457504520796,0.5241935483870968,0.45936395759717313,0.4896421845574388,0.5111634602800681,0.5091689183656759,0.022440274592605624,0.5210181913362125,152,118,153,130,,0.5392802476519581,0.029340350532299213,TSLA,lag_1,lightgbm,individual
global,0.49547920433996384,0.50625,0.5724381625441696,0.5373134328358209,0.4936264886794922,0.491320732322483,-0.012904194707359913,0.49837717576233476,112,158,121,162,,0.5162886461735147,0.0021477958196269493,TSLA,lag_1,lightgbm,joint
global,0.5117540687160941,0.5173333333333333,0.6855123674911661,0.5896656534954408,0.5075709985603978,0.4934935410334347,0.0162006568825812,0.5323648737076299,89,181,89,194,,0.5334980403977115,0.03613123083288351,TSLA,lag_1,logistic_regression,individual
global,0.5135623869801085,0.5186170212765957,0.6890459363957597,0.5918057663125948,0.5093377830126946,0.4950080285701677,0.02001097814393528,0.5007983248265934,89,181,88,195,,0.5096917601769575,0.03395000961860025,TSLA,lag_1,logistic_regression,joint
global,0.5045207956600362,0.5161290322580645,0.508833922261484,0.5124555160142349,0.5044169611307421,0.5043895227129997,0.008831841978337043,0.5195524146054182,135,135,139,144,,0.5363510180122022,0.03686420953399406,TSLA,lag_1,random_forest,individual
global,0.5298372513562387,0.5329512893982808,0.657243816254417,0.5886075949367089,0.5267700562753567,0.520042194092827,0.055465966174148416,0.5242245779348252,107,163,97,186,,0.5428655840991367,0.033954939206428295,TSLA,lag_1,random_forest,joint
global,0.484629294755877,0.4962121212121212,0.4628975265017668,0.4789762340036563,0.48515246695458714,0.4845686178962825,-0.02971724270519071,0.5088470095537234,137,133,152,131,,0.5227965193919143,0.013125744468774219,TSLA,lag_1,xgboost,individual
global,0.5045207956600362,0.5128939828080229,0.6325088339222615,0.5664556962025317,0.5014396021463159,0.49419831223628696,0.002982770119362662,0.5089255333071587,100,170,104,179,,0.5279645175122148,0.031462638815878616,TSLA,lag_1,xgboost,joint
