ticker,month,sessions,news,recorded_days,sources,mean_relevance,news_per_session,recorded_day_ratio,approach
AAPL,2015-01,20,12.0,9.0,9.0,0.7359039166666667,0.6,0.45,original
AAPL,2015-02,19,7.0,6.0,7.0,0.6896937142857142,0.3684210526315789,0.3157894736842105,original
AAPL,2015-03,22,16.0,11.0,14.0,0.7414830625,0.7272727272727273,0.5,original
AAPL,2015-04,21,12.0,10.0,11.0,0.7734070833333333,0.5714285714285714,0.47619047619047616,original
AAPL,2015-05,20,8.0,7.0,8.0,0.728198125,0.4,0.35,original
AAPL,2015-06,22,14.0,11.0,12.0,0.7223735714285714,0.6363636363636364,0.5,original
AAPL,2015-07,22,12.0,10.0,11.0,0.66146925,0.5454545454545454,0.45454545454545453,original
AAPL,2015-08,21,12.0,9.0,12.0,0.7566961666666666,0.5714285714285714,0.42857142857142855,original
AAPL,2015-09,21,20.0,13.0,16.0,0.81390775,0.9523809523809523,0.6190476190476191,original
AAPL,2015-10,22,10.0,9.0,10.0,0.7013047,0.45454545454545453,0.4090909090909091,original
AAPL,2015-11,20,9.0,9.0,8.0,0.6621575555555556,0.45,0.45,original
AAPL,2015-12,22,11.0,7.0,9.0,0.7474805454545455,0.5,0.3181818181818182,original
AAPL,2016-01,19,22.0,12.0,21.0,0.763474590909091,1.1578947368421053,0.631578947368421,original
AAPL,2016-02,20,20.0,13.0,18.0,0.8306908,1.0,0.65,original
AAPL,2016-03,22,20.0,15.0,18.0,0.8345551,0.9090909090909091,0.6818181818181818,original
AAPL,2016-04,21,16.0,11.0,15.0,0.7803921875,0.7619047619047619,0.5238095238095238,original
AAPL,2016-05,21,10.0,9.0,10.0,0.756506,0.47619047619047616,0.42857142857142855,original
AAPL,2016-06,22,12.0,9.0,11.0,0.7743721666666666,0.5454545454545454,0.4090909090909091,original
AAPL,2016-07,20,14.0,10.0,14.0,0.7250082142857143,0.7,0.5,original
AAPL,2016-08,23,13.0,10.0,12.0,0.7936355384615384,0.5652173913043478,0.43478260869565216,original
AAPL,2016-09,21,24.0,9.0,20.0,0.86616325,1.1428571428571428,0.42857142857142855,original
AAPL,2016-10,21,15.0,10.0,13.0,0.7975252666666667,0.7142857142857143,0.47619047619047616,original
AAPL,2016-11,21,12.0,10.0,11.0,0.79550175,0.5714285714285714,0.47619047619047616,original
AAPL,2016-12,21,24.0,13.0,20.0,0.7427150416666667,1.1428571428571428,0.6190476190476191,original
AAPL,2017-01,20,27.0,14.0,14.0,0.6730047407407407,1.35,0.7,original
AAPL,2017-02,19,27.0,12.0,21.0,0.8020216296296296,1.4210526315789473,0.631578947368421,original
AAPL,2017-03,23,11.0,10.0,10.0,0.7559751818181817,0.4782608695652174,0.43478260869565216,original
AAPL,2017-04,19,15.0,13.0,15.0,0.7665208666666667,0.7894736842105263,0.6842105263157895,original
AAPL,2017-05,22,21.0,12.0,20.0,0.8145907142857143,0.9545454545454546,0.5454545454545454,original
AAPL,2017-06,22,23.0,14.0,20.0,0.7346437391304349,1.0454545454545454,0.6363636363636364,original
AAPL,2017-07,20,23.0,13.0,20.0,0.7078271304347826,1.15,0.65,original
AAPL,2017-08,23,24.0,13.0,20.0,0.753056,1.0434782608695652,0.5652173913043478,original
AAPL,2017-09,20,13.0,12.0,13.0,0.8038318461538462,0.65,0.6,original
AAPL,2017-10,22,26.0,15.0,25.0,0.7489214999999999,1.1818181818181819,0.6818181818181818,original
AAPL,2017-11,21,30.0,16.0,27.0,0.7325115,1.4285714285714286,0.7619047619047619,original
AAPL,2017-12,20,53.0,18.0,30.0,0.7542996415094338,2.65,0.9,original
AAPL,2018-01,21,24.0,14.0,20.0,0.7467184166666666,1.1428571428571428,0.6666666666666666,original
AAPL,2018-02,19,24.0,13.0,22.0,0.73463725,1.263157894736842,0.6842105263157895,original
AAPL,2018-03,21,18.0,11.0,17.0,0.8028025555555556,0.8571428571428571,0.5238095238095238,original
AAPL,2018-04,21,31.0,13.0,22.0,0.7411910322580645,1.4761904761904763,0.6190476190476191,original
AAPL,2018-05,22,21.0,13.0,19.0,0.7168786190476191,0.9545454545454546,0.5909090909090909,original
AAPL,2018-06,21,23.0,15.0,19.0,0.8193425217391305,1.0952380952380953,0.7142857142857143,original
AAPL,2018-07,21,17.0,12.0,16.0,0.7074635882352941,0.8095238095238095,0.5714285714285714,original
AAPL,2018-08,23,31.0,12.0,25.0,0.8010005161290322,1.3478260869565217,0.5217391304347826,original
AAPL,2018-09,19,23.0,13.0,18.0,0.7531140000000001,1.2105263157894737,0.6842105263157895,original
AAPL,2018-10,23,45.0,16.0,23.0,0.7380472666666668,1.9565217391304348,0.6956521739130435,original
AAPL,2018-11,21,35.0,15.0,28.0,0.8055222,1.6666666666666667,0.7142857142857143,original
AAPL,2018-12,19,16.0,11.0,15.0,0.855802875,0.8421052631578947,0.5789473684210527,original
AAPL,2019-01,21,26.0,15.0,26.0,0.7436371923076923,1.2380952380952381,0.7142857142857143,original
AAPL,2019-02,19,13.0,9.0,13.0,0.7055630769230768,0.6842105263157895,0.47368421052631576,original
AAPL,2019-03,21,14.0,12.0,13.0,0.718024,0.6666666666666666,0.5714285714285714,original
AAPL,2019-04,21,23.0,13.0,19.0,0.7380190869565217,1.0952380952380953,0.6190476190476191,original
AAPL,2019-05,22,16.0,11.0,15.0,0.7299486875,0.7272727272727273,0.5,original
AAPL,2019-06,20,23.0,15.0,18.0,0.7795217391304348,1.15,0.75,original
AAPL,2019-07,22,22.0,11.0,18.0,0.8408810454545456,1.0,0.5,original
AAPL,2019-08,22,22.0,12.0,20.0,0.8177427272727272,1.0,0.5454545454545454,original
AAPL,2019-09,20,34.0,15.0,26.0,0.8358335882352941,1.7,0.75,original
AAPL,2019-10,23,22.0,12.0,15.0,0.8023957272727272,0.9565217391304348,0.5217391304347826,original
AAPL,2019-11,20,37.0,14.0,28.0,0.7593212432432432,1.85,0.7,original
AAPL,2019-12,21,36.0,18.0,28.0,0.7812466388888889,1.7142857142857142,0.8571428571428571,original
AAPL,2020-01,21,26.0,13.0,22.0,0.7745001538461539,1.2380952380952381,0.6190476190476191,original
AAPL,2020-02,19,17.0,8.0,14.0,0.7977176470588235,0.8947368421052632,0.42105263157894735,original
AAPL,2020-03,22,14.0,9.0,13.0,0.7339165000000001,0.6363636363636364,0.4090909090909091,original
AAPL,2020-04,21,6.0,5.0,6.0,0.7812896666666665,0.2857142857142857,0.23809523809523808,original
AAPL,2020-05,20,16.0,9.0,15.0,0.7919145,0.8,0.45,original
AAPL,2020-06,22,18.0,12.0,16.0,0.7884708333333333,0.8181818181818182,0.5454545454545454,original
AAPL,2020-07,22,49.0,18.0,41.0,0.7671260612244898,2.227272727272727,0.8181818181818182,original
AAPL,2020-08,21,72.0,19.0,55.0,0.7930589444444445,3.4285714285714284,0.9047619047619048,original
AAPL,2020-09,21,66.0,18.0,54.0,0.7743062727272727,3.142857142857143,0.8571428571428571,original
AAPL,2020-10,22,74.0,20.0,56.0,0.792030445945946,3.3636363636363638,0.9090909090909091,original
AAPL,2020-11,20,74.0,20.0,57.0,0.8121855,3.7,1.0,original
AAPL,2020-12,22,64.0,19.0,48.0,0.7819265625,2.909090909090909,0.8636363636363636,original
AAPL,2021-01,19,83.0,18.0,59.0,0.7615111204819277,4.368421052631579,0.9473684210526315,original
AAPL,2021-02,19,61.0,18.0,48.0,0.7717475901639343,3.210526315789474,0.9473684210526315,original
AAPL,2021-03,23,59.0,22.0,46.0,0.7369331355932204,2.5652173913043477,0.9565217391304348,original
AAPL,2021-04,21,90.0,21.0,58.0,0.7503238222222223,4.285714285714286,1.0,original
AAPL,2021-05,20,87.0,20.0,67.0,0.7562417816091954,4.35,1.0,original
AAPL,2021-06,22,63.0,22.0,47.0,0.7683880158730159,2.8636363636363638,1.0,original
AAPL,2021-07,21,64.0,18.0,48.0,0.747842296875,3.0476190476190474,0.8571428571428571,original
AAPL,2021-08,22,80.0,21.0,59.0,0.7656045,3.6363636363636362,0.9545454545454546,original
AAPL,2021-09,21,92.0,21.0,63.0,0.7653510217391305,4.380952380952381,1.0,original
AAPL,2021-10,21,67.0,21.0,50.0,0.7831757462686567,3.1904761904761907,1.0,original
AAPL,2021-11,21,57.0,20.0,39.0,0.7900469473684211,2.7142857142857144,0.9523809523809523,original
AAPL,2021-12,22,74.0,21.0,56.0,0.7633077702702703,3.3636363636363638,0.9545454545454546,original
AAPL,2022-01,20,65.0,19.0,54.0,0.7495358461538462,3.25,0.95,original
AAPL,2022-02,19,73.0,17.0,59.0,0.7294946986301369,3.8421052631578947,0.8947368421052632,original
AAPL,2022-03,23,71.0,21.0,51.0,0.7581881971830986,3.0869565217391304,0.9130434782608695,original
AAPL,2022-04,20,60.0,18.0,48.0,0.7361111333333333,3.0,0.9,original
AAPL,2022-05,21,69.0,19.0,53.0,0.7281022898550724,3.2857142857142856,0.9047619047619048,original
AAPL,2022-06,21,53.0,19.0,36.0,0.7646012452830189,2.5238095238095237,0.9047619047619048,original
AAPL,2022-07,20,69.0,20.0,53.0,0.7347466231884058,3.45,1.0,original
AAPL,2022-08,23,54.0,22.0,44.0,0.7492390555555555,2.347826086956522,0.9565217391304348,original
AAPL,2022-09,21,84.0,21.0,67.0,0.7703584642857143,4.0,1.0,original
AAPL,2022-10,21,79.0,20.0,68.0,0.7095033797468354,3.761904761904762,0.9523809523809523,original
AAPL,2022-11,21,85.0,21.0,68.0,0.7567268823529413,4.0476190476190474,1.0,original
AAPL,2022-12,21,77.0,20.0,60.0,0.732303909090909,3.6666666666666665,0.9523809523809523,original
AAPL,2023-01,20,67.0,19.0,54.0,0.7707303432835821,3.35,0.95,original
AAPL,2023-02,19,73.0,19.0,46.0,0.7534451506849316,3.8421052631578947,1.0,original
AAPL,2023-03,23,55.0,21.0,41.0,0.7594305818181818,2.391304347826087,0.9130434782608695,original
AAPL,2023-04,19,52.0,14.0,32.0,0.738991673076923,2.736842105263158,0.7368421052631579,original
AAPL,2023-05,22,45.0,18.0,30.0,0.7517837777777777,2.0454545454545454,0.8181818181818182,original
AAPL,2023-06,21,54.0,17.0,28.0,0.7300595925925926,2.5714285714285716,0.8095238095238095,original
AAPL,2023-07,20,32.0,17.0,24.0,0.81115734375,1.6,0.85,original
AAPL,2023-08,23,49.0,22.0,37.0,0.7440375306122449,2.130434782608696,0.9565217391304348,original
AAPL,2023-09,20,55.0,18.0,43.0,0.7655840181818182,2.75,0.9,original
AAPL,2023-10,22,33.0,14.0,31.0,0.7075401818181818,1.5,0.6363636363636364,original
AAPL,2023-11,21,59.0,17.0,43.0,0.7330028983050848,2.8095238095238093,0.8095238095238095,original
AAPL,2023-12,20,45.0,19.0,37.0,0.7445996444444445,2.25,0.95,original
AAPL,2024-01,21,50.0,19.0,41.0,0.71862408,2.380952380952381,0.9047619047619048,original
AAPL,2024-02,20,48.0,18.0,38.0,0.7171435,2.4,0.9,original
AAPL,2024-03,20,58.0,20.0,44.0,0.7234700344827586,2.9,1.0,original
AAPL,2024-04,22,44.0,20.0,34.0,0.7248652727272727,2.0,0.9090909090909091,original
AAPL,2024-05,22,60.0,21.0,48.0,0.7205834666666667,2.727272727272727,0.9545454545454546,original
AAPL,2024-06,19,63.0,19.0,51.0,0.7324246507936508,3.3157894736842106,1.0,original
AAPL,2024-07,22,55.0,21.0,41.0,0.7216304,2.5,0.9545454545454546,original
AAPL,2024-08,22,48.0,18.0,36.0,0.7403009791666667,2.1818181818181817,0.8181818181818182,original
AAPL,2024-09,20,69.0,19.0,56.0,0.7422229710144927,3.45,0.95,original
AAPL,2024-10,23,82.0,22.0,56.0,0.7420225487804878,3.5652173913043477,0.9565217391304348,original
AAPL,2024-11,20,74.0,19.0,44.0,0.7508702162162162,3.7,0.95,original
AAPL,2024-12,21,76.0,19.0,59.0,0.7424845,3.619047619047619,0.9047619047619048,original
AAPL,2025-01,20,52.0,18.0,41.0,0.7292534807692307,2.6,0.9,original
AAPL,2025-02,19,92.0,18.0,64.0,0.7163573152173912,4.842105263157895,0.9473684210526315,original
AAPL,2025-03,21,99.0,21.0,67.0,0.7097342424242424,4.714285714285714,1.0,original
AAPL,2025-04,21,92.0,20.0,58.0,0.7292304673913044,4.380952380952381,0.9523809523809523,original
AAPL,2025-05,21,92.0,21.0,60.0,0.7223941304347826,4.380952380952381,1.0,original
AAPL,2025-06,20,108.0,20.0,77.0,0.7236418888888889,5.4,1.0,original
AAPL,2025-07,22,106.0,21.0,72.0,0.7035318773584905,4.818181818181818,0.9545454545454546,original
AAPL,2025-08,21,116.0,19.0,76.0,0.7043919655172414,5.523809523809524,0.9047619047619048,original
AAPL,2025-09,21,120.0,21.0,86.0,0.7111543333333333,5.714285714285714,1.0,original
AAPL,2025-10,23,1837.0,23.0,492.0,0.7414476679368536,79.8695652173913,1.0,original
AAPL,2025-11,19,631.0,19.0,167.0,0.7546424564183836,33.21052631578947,1.0,original
AAPL,2025-12,20,758.0,20.0,175.0,0.7454971767810027,37.9,1.0,original
MSFT,2015-01,20,7.0,6.0,7.0,0.7206855714285715,0.35,0.3,original
MSFT,2015-02,19,6.0,6.0,6.0,0.7308776666666666,0.3157894736842105,0.3157894736842105,original
MSFT,2015-03,22,12.0,10.0,11.0,0.7185881666666667,0.5454545454545454,0.45454545454545453,original
MSFT,2015-04,21,15.0,12.0,15.0,0.7796938666666667,0.7142857142857143,0.5714285714285714,original
MSFT,2015-05,20,10.0,7.0,9.0,0.7981313,0.5,0.35,original
MSFT,2015-06,22,12.0,8.0,9.0,0.7337487500000001,0.5454545454545454,0.36363636363636365,original
MSFT,2015-07,22,13.0,10.0,9.0,0.8548028461538462,0.5909090909090909,0.45454545454545453,original
MSFT,2015-08,21,12.0,10.0,11.0,0.7316241666666667,0.5714285714285714,0.47619047619047616,original
MSFT,2015-09,21,6.0,6.0,5.0,0.8163298333333332,0.2857142857142857,0.2857142857142857,original
MSFT,2015-10,22,10.0,10.0,10.0,0.7552825000000001,0.45454545454545453,0.45454545454545453,original
MSFT,2015-11,20,11.0,6.0,11.0,0.7236198181818182,0.55,0.3,original
MSFT,2015-12,22,10.0,10.0,8.0,0.6782309,0.45454545454545453,0.45454545454545453,original
MSFT,2016-01,19,12.0,11.0,11.0,0.7169215000000001,0.631578947368421,0.5789473684210527,original
MSFT,2016-02,20,12.0,9.0,12.0,0.7165666666666667,0.6,0.45,original
MSFT,2016-03,22,13.0,9.0,12.0,0.6665532307692307,0.5909090909090909,0.4090909090909091,original
MSFT,2016-04,21,15.0,12.0,14.0,0.6755192,0.7142857142857143,0.5714285714285714,original
MSFT,2016-05,21,15.0,8.0,15.0,0.7833393333333334,0.7142857142857143,0.38095238095238093,original
MSFT,2016-06,22,22.0,11.0,20.0,0.8303983636363637,1.0,0.5,original
MSFT,2016-07,20,11.0,8.0,10.0,0.7632918181818181,0.55,0.4,original
MSFT,2016-08,23,19.0,12.0,16.0,0.6657985789473685,0.8260869565217391,0.5217391304347826,original
MSFT,2016-09,21,18.0,10.0,14.0,0.7491715,0.8571428571428571,0.47619047619047616,original
MSFT,2016-10,21,20.0,12.0,19.0,0.7914516,0.9523809523809523,0.5714285714285714,original
MSFT,2016-11,21,11.0,11.0,9.0,0.7207603636363636,0.5238095238095238,0.5238095238095238,original
MSFT,2016-12,21,19.0,11.0,15.0,0.6856337368421053,0.9047619047619048,0.5238095238095238,original
MSFT,2017-01,20,28.0,16.0,20.0,0.69704,1.4,0.8,original
MSFT,2017-02,19,22.0,12.0,22.0,0.6522351818181819,1.1578947368421053,0.631578947368421,original
MSFT,2017-03,23,21.0,16.0,17.0,0.7055365714285714,0.9130434782608695,0.6956521739130435,original
MSFT,2017-04,19,15.0,12.0,15.0,0.6942408666666666,0.7894736842105263,0.631578947368421,original
MSFT,2017-05,22,16.0,12.0,15.0,0.7025913125,0.7272727272727273,0.5454545454545454,original
MSFT,2017-06,22,18.0,14.0,18.0,0.6707727777777778,0.8181818181818182,0.6363636363636364,original
MSFT,2017-07,20,18.0,12.0,16.0,0.7501058888888888,0.9,0.6,original
MSFT,2017-08,23,25.0,16.0,23.0,0.6783496,1.0869565217391304,0.6956521739130435,original
MSFT,2017-09,20,14.0,11.0,14.0,0.6844172142857143,0.7,0.55,original
MSFT,2017-10,22,19.0,11.0,17.0,0.6895044736842105,0.8636363636363636,0.5,original
MSFT,2017-11,21,24.0,13.0,21.0,0.7197612916666666,1.1428571428571428,0.6190476190476191,original
MSFT,2017-12,20,28.0,11.0,14.0,0.6866821071428572,1.4,0.55,original
MSFT,2018-01,21,16.0,10.0,14.0,0.697323875,0.7619047619047619,0.47619047619047616,original
MSFT,2018-02,19,22.0,15.0,19.0,0.6701153181818182,1.1578947368421053,0.7894736842105263,original
MSFT,2018-03,21,18.0,11.0,17.0,0.7089624999999999,0.8571428571428571,0.5238095238095238,original
MSFT,2018-04,21,21.0,11.0,15.0,0.6607989999999999,1.0,0.5238095238095238,original
MSFT,2018-05,22,10.0,7.0,10.0,0.6596865000000001,0.45454545454545453,0.3181818181818182,original
MSFT,2018-06,21,30.0,17.0,28.0,0.6840301,1.4285714285714286,0.8095238095238095,original
MSFT,2018-07,21,18.0,12.0,16.0,0.7322993888888889,0.8571428571428571,0.5714285714285714,original
MSFT,2018-08,23,20.0,15.0,20.0,0.6336063000000001,0.8695652173913043,0.6521739130434783,original
MSFT,2018-09,19,18.0,13.0,16.0,0.6686572222222222,0.9473684210526315,0.6842105263157895,original
MSFT,2018-10,23,39.0,16.0,24.0,0.6736736923076924,1.6956521739130435,0.6956521739130435,original
MSFT,2018-11,21,20.0,13.0,20.0,0.6790832,0.9523809523809523,0.6190476190476191,original
MSFT,2018-12,19,14.0,10.0,13.0,0.6688074285714285,0.7368421052631579,0.5263157894736842,original
MSFT,2019-01,21,25.0,16.0,23.0,0.7094454,1.1904761904761905,0.7619047619047619,original
MSFT,2019-02,19,22.0,10.0,21.0,0.711807590909091,1.1578947368421053,0.5263157894736842,original
MSFT,2019-03,21,24.0,13.0,24.0,0.6493149583333333,1.1428571428571428,0.6190476190476191,original
MSFT,2019-04,21,27.0,14.0,26.0,0.7489747777777778,1.2857142857142858,0.6666666666666666,original
MSFT,2019-05,22,28.0,13.0,25.0,0.72057475,1.2727272727272727,0.5909090909090909,original
MSFT,2019-06,20,32.0,14.0,28.0,0.66534003125,1.6,0.7,original
MSFT,2019-07,22,30.0,15.0,25.0,0.7682153666666667,1.3636363636363635,0.6818181818181818,original
MSFT,2019-08,22,26.0,17.0,23.0,0.7668235,1.1818181818181819,0.7727272727272727,original
MSFT,2019-09,20,25.0,14.0,23.0,0.7189401599999999,1.25,0.7,original
MSFT,2019-10,23,32.0,18.0,30.0,0.7103046562499999,1.391304347826087,0.782608695652174,original
MSFT,2019-11,20,33.0,12.0,19.0,0.8014978181818182,1.65,0.6,original
MSFT,2019-12,21,25.0,14.0,18.0,0.70987996,1.1904761904761905,0.6666666666666666,original
MSFT,2020-01,21,38.0,15.0,36.0,0.7164023684210526,1.8095238095238095,0.7142857142857143,original
MSFT,2020-02,19,31.0,16.0,28.0,0.7203874516129033,1.631578947368421,0.8421052631578947,original
MSFT,2020-03,22,23.0,15.0,21.0,0.6957225217391304,1.0454545454545454,0.6818181818181818,original
MSFT,2020-04,21,18.0,12.0,18.0,0.6980690555555555,0.8571428571428571,0.5714285714285714,original
MSFT,2020-05,20,35.0,17.0,29.0,0.750533,1.75,0.85,original
MSFT,2020-06,22,30.0,17.0,26.0,0.6508812,1.3636363636363635,0.7727272727272727,original
MSFT,2020-07,22,68.0,22.0,61.0,0.6765622647058823,3.090909090909091,1.0,original
MSFT,2020-08,21,86.0,21.0,67.0,0.698031523255814,4.095238095238095,1.0,original
MSFT,2020-09,21,110.0,21.0,85.0,0.7030848727272727,5.238095238095238,1.0,original
MSFT,2020-10,22,107.0,22.0,80.0,0.7321620747663551,4.863636363636363,1.0,original
MSFT,2020-11,20,90.0,20.0,69.0,0.7117250777777777,4.5,1.0,original
MSFT,2020-12,22,98.0,22.0,68.0,0.7175474285714286,4.454545454545454,1.0,original
MSFT,2021-01,19,84.0,19.0,63.0,0.7081468214285714,4.421052631578948,1.0,original
MSFT,2021-02,19,95.0,19.0,73.0,0.7253275263157895,5.0,1.0,original
MSFT,2021-03,23,110.0,22.0,85.0,0.6982697181818182,4.782608695652174,0.9565217391304348,original
MSFT,2021-04,21,97.0,21.0,72.0,0.6845657216494845,4.619047619047619,1.0,original
MSFT,2021-05,20,90.0,19.0,69.0,0.7236403777777778,4.5,0.95,original
MSFT,2021-06,22,125.0,22.0,89.0,0.6888578559999999,5.681818181818182,1.0,original
MSFT,2021-07,21,102.0,21.0,80.0,0.7047962941176471,4.857142857142857,1.0,original
MSFT,2021-08,22,104.0,21.0,69.0,0.6992345673076923,4.7272727272727275,0.9545454545454546,original
MSFT,2021-09,21,112.0,21.0,85.0,0.6940976875,5.333333333333333,1.0,original
MSFT,2021-10,21,107.0,21.0,73.0,0.7071647289719626,5.095238095238095,1.0,original
MSFT,2021-11,21,105.0,21.0,92.0,0.7154689238095238,5.0,1.0,original
MSFT,2021-12,22,114.0,22.0,83.0,0.7150516666666666,5.181818181818182,1.0,original
MSFT,2022-01,20,83.0,19.0,67.0,0.7113649156626506,4.15,0.95,original
MSFT,2022-02,19,103.0,19.0,83.0,0.6964763203883495,5.421052631578948,1.0,original
MSFT,2022-03,23,124.0,22.0,93.0,0.7179295725806452,5.391304347826087,0.9565217391304348,original
MSFT,2022-04,20,109.0,20.0,85.0,0.6972833394495412,5.45,1.0,original
MSFT,2022-05,21,119.0,21.0,87.0,0.6696397983193277,5.666666666666667,1.0,original
MSFT,2022-06,21,103.0,21.0,78.0,0.718628504854369,4.904761904761905,1.0,original
MSFT,2022-07,20,92.0,20.0,76.0,0.7159615108695653,4.6,1.0,original
MSFT,2022-08,23,117.0,23.0,99.0,0.6919009487179487,5.086956521739131,1.0,original
MSFT,2022-09,21,108.0,21.0,82.0,0.6971378888888888,5.142857142857143,1.0,original
MSFT,2022-10,21,124.0,21.0,101.0,0.715386,5.904761904761905,1.0,original
MSFT,2022-11,21,119.0,21.0,89.0,0.6955514957983193,5.666666666666667,1.0,original
MSFT,2022-12,21,123.0,20.0,86.0,0.7125412032520325,5.857142857142857,0.9523809523809523,original
MSFT,2023-01,20,117.0,19.0,88.0,0.6662544529914529,5.85,0.95,original
MSFT,2023-02,19,131.0,19.0,93.0,0.6893325572519085,6.894736842105263,1.0,original
MSFT,2023-03,23,100.0,21.0,73.0,0.70504935,4.3478260869565215,0.9130434782608695,original
MSFT,2023-04,19,51.0,17.0,40.0,0.7020491960784314,2.6842105263157894,0.8947368421052632,original
MSFT,2023-05,22,63.0,19.0,49.0,0.6850464126984127,2.8636363636363638,0.8636363636363636,original
MSFT,2023-06,21,97.0,20.0,48.0,0.6770817731958763,4.619047619047619,0.9523809523809523,original
MSFT,2023-07,20,73.0,18.0,60.0,0.6946493150684931,3.65,0.9,original
MSFT,2023-08,23,74.0,22.0,65.0,0.6718515405405405,3.217391304347826,0.9565217391304348,original
MSFT,2023-09,20,89.0,20.0,72.0,0.679084202247191,4.45,1.0,original
MSFT,2023-10,22,72.0,21.0,61.0,0.6878846666666667,3.272727272727273,0.9545454545454546,original
MSFT,2023-11,21,78.0,21.0,61.0,0.6942707307692307,3.7142857142857144,1.0,original
MSFT,2023-12,20,51.0,19.0,43.0,0.7023218823529411,2.55,0.95,original
MSFT,2024-01,21,81.0,21.0,69.0,0.6960505925925925,3.857142857142857,1.0,original
MSFT,2024-02,20,98.0,20.0,72.0,0.6715453265306123,4.9,1.0,original
MSFT,2024-03,20,81.0,20.0,63.0,0.7070755308641975,4.05,1.0,original
MSFT,2024-04,22,90.0,22.0,69.0,0.7448204555555555,4.090909090909091,1.0,original
MSFT,2024-05,22,97.0,22.0,71.0,0.7169475360824742,4.409090909090909,1.0,original
MSFT,2024-06,19,97.0,18.0,68.0,0.7191180206185567,5.105263157894737,0.9473684210526315,original
MSFT,2024-07,22,109.0,22.0,78.0,0.6909105596330275,4.954545454545454,1.0,original
MSFT,2024-08,22,97.0,21.0,72.0,0.6722610103092783,4.409090909090909,0.9545454545454546,original
MSFT,2024-09,20,131.0,20.0,89.0,0.6858676946564886,6.55,1.0,original
MSFT,2024-10,23,139.0,23.0,87.0,0.6704658417266187,6.043478260869565,1.0,original
MSFT,2024-11,20,149.0,20.0,98.0,0.6895600469798657,7.45,1.0,original
MSFT,2024-12,21,108.0,21.0,72.0,0.6895988703703703,5.142857142857143,1.0,original
MSFT,2025-01,20,90.0,20.0,73.0,0.6774636666666667,4.5,1.0,original
MSFT,2025-02,19,132.0,19.0,98.0,0.6749143484848485,6.947368421052632,1.0,original
MSFT,2025-03,21,160.0,21.0,99.0,0.69775041875,7.619047619047619,1.0,original
MSFT,2025-04,21,163.0,21.0,97.0,0.6964412760736196,7.761904761904762,1.0,original
MSFT,2025-05,21,173.0,21.0,119.0,0.6662592658959537,8.238095238095237,1.0,original
MSFT,2025-06,20,201.0,20.0,114.0,0.6864555174129354,10.05,1.0,original
MSFT,2025-07,22,203.0,22.0,112.0,0.687787078817734,9.227272727272727,1.0,original
MSFT,2025-08,21,217.0,21.0,129.0,0.6575824838709677,10.333333333333334,1.0,original
MSFT,2025-09,21,259.0,21.0,160.0,0.664331806949807,12.333333333333334,1.0,original
MSFT,2025-10,23,3963.0,23.0,1019.0,0.648914966439566,172.30434782608697,1.0,original
MSFT,2025-11,19,1327.0,19.0,267.0,0.7191134378296911,69.84210526315789,1.0,original
MSFT,2025-12,20,1652.0,20.0,313.0,0.6813222100484261,82.6,1.0,original
NVDA,2015-01,20,8.0,6.0,4.0,0.8327530000000001,0.4,0.3,original
NVDA,2015-02,19,4.0,4.0,3.0,0.930829,0.21052631578947367,0.21052631578947367,original
NVDA,2015-03,22,8.0,7.0,6.0,0.882503875,0.36363636363636365,0.3181818181818182,original
NVDA,2015-04,21,2.0,2.0,2.0,1.0,0.09523809523809523,0.09523809523809523,original
NVDA,2015-05,20,2.0,2.0,2.0,1.0,0.1,0.1,original
NVDA,2015-06,22,5.0,5.0,3.0,0.6787402,0.22727272727272727,0.22727272727272727,original
NVDA,2015-07,22,7.0,7.0,4.0,0.8218034285714285,0.3181818181818182,0.3181818181818182,original
NVDA,2015-08,21,7.0,6.0,4.0,0.9197787142857142,0.3333333333333333,0.2857142857142857,original
NVDA,2015-09,21,9.0,7.0,3.0,0.8480292222222222,0.42857142857142855,0.3333333333333333,original
NVDA,2015-10,22,5.0,4.0,5.0,0.8643616,0.22727272727272727,0.18181818181818182,original
NVDA,2015-11,20,1.0,1.0,1.0,0.598091,0.05,0.05,original
NVDA,2015-12,22,1.0,1.0,1.0,0.323207,0.045454545454545456,0.045454545454545456,original
NVDA,2016-01,19,6.0,5.0,4.0,0.8643493333333333,0.3157894736842105,0.2631578947368421,original
NVDA,2016-02,20,3.0,3.0,3.0,0.9662896666666666,0.15,0.15,original
NVDA,2016-03,22,2.0,2.0,2.0,0.92448,0.09090909090909091,0.09090909090909091,original
NVDA,2016-04,21,3.0,2.0,3.0,0.8275543333333334,0.14285714285714285,0.09523809523809523,original
NVDA,2016-05,21,6.0,5.0,5.0,0.9062225,0.2857142857142857,0.23809523809523808,original
NVDA,2016-06,22,2.0,2.0,2.0,0.6559505,0.09090909090909091,0.09090909090909091,original
NVDA,2016-07,20,4.0,4.0,4.0,0.88490775,0.2,0.2,original
NVDA,2016-08,23,12.0,8.0,8.0,0.7540119166666667,0.5217391304347826,0.34782608695652173,original
NVDA,2016-09,21,3.0,3.0,3.0,0.761993,0.14285714285714285,0.14285714285714285,original
NVDA,2016-10,21,1.0,1.0,1.0,1.0,0.047619047619047616,0.047619047619047616,original
NVDA,2016-11,21,4.0,4.0,4.0,0.80071875,0.19047619047619047,0.19047619047619047,original
NVDA,2016-12,21,3.0,3.0,3.0,0.5025116666666667,0.14285714285714285,0.14285714285714285,original
NVDA,2017-01,20,25.0,12.0,10.0,0.66872148,1.25,0.6,original
NVDA,2017-02,19,11.0,7.0,6.0,0.7860373636363637,0.5789473684210527,0.3684210526315789,original
NVDA,2017-03,23,6.0,5.0,6.0,0.7795183333333333,0.2608695652173913,0.21739130434782608,original
NVDA,2017-04,19,2.0,2.0,2.0,0.735707,0.10526315789473684,0.10526315789473684,original
NVDA,2017-05,22,13.0,8.0,9.0,0.8850403846153847,0.5909090909090909,0.36363636363636365,original
NVDA,2017-06,22,6.0,5.0,6.0,0.7940904999999999,0.2727272727272727,0.22727272727272727,original
NVDA,2017-07,20,4.0,4.0,3.0,0.6315682499999999,0.2,0.2,original
NVDA,2017-08,23,10.0,8.0,10.0,0.7648229000000001,0.43478260869565216,0.34782608695652173,original
NVDA,2017-09,20,6.0,5.0,6.0,0.7721345,0.3,0.25,original
NVDA,2017-10,22,12.0,8.0,9.0,0.7578854166666668,0.5454545454545454,0.36363636363636365,original
NVDA,2017-11,21,12.0,9.0,10.0,0.8793199166666666,0.5714285714285714,0.42857142857142855,original
NVDA,2017-12,20,35.0,7.0,4.0,0.6865195999999999,1.75,0.35,original
NVDA,2018-01,21,5.0,5.0,5.0,0.7605416,0.23809523809523808,0.23809523809523808,original
NVDA,2018-02,19,7.0,6.0,7.0,0.6355191428571428,0.3684210526315789,0.3157894736842105,original
NVDA,2018-03,21,6.0,5.0,6.0,0.773742,0.2857142857142857,0.23809523809523808,original
NVDA,2018-04,21,18.0,8.0,8.0,0.7347152222222222,0.8571428571428571,0.38095238095238093,original
NVDA,2018-05,22,8.0,7.0,8.0,0.7563575,0.36363636363636365,0.3181818181818182,original
NVDA,2018-06,21,10.0,7.0,8.0,0.6725384,0.47619047619047616,0.3333333333333333,original
NVDA,2018-07,21,5.0,5.0,4.0,0.6278444000000001,0.23809523809523808,0.23809523809523808,original
NVDA,2018-08,23,6.0,5.0,5.0,0.7616301666666666,0.2608695652173913,0.21739130434782608,original
NVDA,2018-09,19,4.0,4.0,4.0,0.80115475,0.21052631578947367,0.21052631578947367,original
NVDA,2018-10,23,30.0,8.0,9.0,0.711083,1.3043478260869565,0.34782608695652173,original
NVDA,2018-11,21,8.0,8.0,8.0,0.812021,0.38095238095238093,0.38095238095238093,original
NVDA,2018-12,19,3.0,3.0,3.0,0.6451943333333333,0.15789473684210525,0.15789473684210525,original
NVDA,2019-01,21,12.0,8.0,8.0,0.6657553333333334,0.5714285714285714,0.38095238095238093,original
NVDA,2019-02,19,6.0,5.0,6.0,0.7349899999999999,0.3157894736842105,0.2631578947368421,original
NVDA,2019-03,21,16.0,8.0,14.0,0.9329885,0.7619047619047619,0.38095238095238093,original
NVDA,2019-04,21,9.0,9.0,9.0,0.7540695555555555,0.42857142857142855,0.42857142857142855,original
NVDA,2019-05,22,8.0,6.0,7.0,0.746794,0.36363636363636365,0.2727272727272727,original
NVDA,2019-06,20,6.0,6.0,5.0,0.729763,0.3,0.3,original
NVDA,2019-07,22,3.0,3.0,3.0,0.8499866666666667,0.13636363636363635,0.13636363636363635,original
NVDA,2019-08,22,6.0,6.0,6.0,0.8282608333333333,0.2727272727272727,0.2727272727272727,original
NVDA,2019-09,20,9.0,7.0,9.0,0.7458588888888888,0.45,0.35,original
NVDA,2019-10,23,10.0,6.0,4.0,0.8456493,0.43478260869565216,0.2608695652173913,original
NVDA,2019-11,20,7.0,5.0,7.0,0.734499857142857,0.35,0.25,original
NVDA,2019-12,21,10.0,8.0,10.0,0.7230905,0.47619047619047616,0.38095238095238093,original
NVDA,2020-01,21,10.0,6.0,8.0,0.7346883,0.47619047619047616,0.2857142857142857,original
NVDA,2020-02,19,11.0,7.0,10.0,0.6822538181818182,0.5789473684210527,0.3684210526315789,original
NVDA,2020-03,22,12.0,11.0,12.0,0.75261575,0.5454545454545454,0.5,original
NVDA,2020-04,21,7.0,5.0,6.0,0.7745634285714286,0.3333333333333333,0.23809523809523808,original
NVDA,2020-05,20,15.0,10.0,13.0,0.8480937333333334,0.75,0.5,original
NVDA,2020-06,22,8.0,6.0,7.0,0.8224855,0.36363636363636365,0.2727272727272727,original
NVDA,2020-07,22,20.0,11.0,16.0,0.8082710000000001,0.9090909090909091,0.5,original
NVDA,2020-08,21,25.0,12.0,19.0,0.84122124,1.1904761904761905,0.5714285714285714,original
NVDA,2020-09,21,43.0,14.0,33.0,0.9034823488372093,2.0476190476190474,0.6666666666666666,original
NVDA,2020-10,22,37.0,15.0,27.0,0.8351353513513513,1.6818181818181819,0.6818181818181818,original
NVDA,2020-11,20,37.0,12.0,26.0,0.798980972972973,1.85,0.6,original
NVDA,2020-12,22,24.0,17.0,20.0,0.8198800416666666,1.0909090909090908,0.7727272727272727,original
NVDA,2021-01,19,28.0,13.0,23.0,0.740666,1.4736842105263157,0.6842105263157895,original
NVDA,2021-02,19,25.0,12.0,23.0,0.74075676,1.3157894736842106,0.631578947368421,original
NVDA,2021-03,23,40.0,20.0,30.0,0.7818551499999999,1.7391304347826086,0.8695652173913043,original
NVDA,2021-04,21,40.0,12.0,20.0,0.800516225,1.9047619047619047,0.5714285714285714,original
NVDA,2021-05,20,28.0,13.0,22.0,0.7675477857142857,1.4,0.65,original
NVDA,2021-06,22,54.0,18.0,32.0,0.7918936851851852,2.4545454545454546,0.8181818181818182,original
NVDA,2021-07,21,35.0,18.0,25.0,0.7463754,1.6666666666666667,0.8571428571428571,original
NVDA,2021-08,22,42.0,20.0,28.0,0.818310619047619,1.9090909090909092,0.9090909090909091,original
NVDA,2021-09,21,27.0,14.0,21.0,0.7583327037037036,1.2857142857142858,0.6666666666666666,original
NVDA,2021-10,21,30.0,18.0,25.0,0.7533591000000001,1.4285714285714286,0.8571428571428571,original
NVDA,2021-11,21,54.0,16.0,38.0,0.7767426481481481,2.5714285714285716,0.7619047619047619,original
NVDA,2021-12,22,39.0,17.0,29.0,0.7659323076923077,1.7727272727272727,0.7727272727272727,original
NVDA,2022-01,20,52.0,17.0,38.0,0.7701816730769231,2.6,0.85,original
NVDA,2022-02,19,48.0,18.0,38.0,0.7362537291666666,2.526315789473684,0.9473684210526315,original
NVDA,2022-03,23,55.0,20.0,35.0,0.7944489454545455,2.391304347826087,0.8695652173913043,original
NVDA,2022-04,20,31.0,16.0,26.0,0.7599805161290323,1.55,0.8,original
NVDA,2022-05,21,49.0,20.0,39.0,0.753722918367347,2.3333333333333335,0.9523809523809523,original
NVDA,2022-06,21,40.0,17.0,29.0,0.7489278749999999,1.9047619047619047,0.8095238095238095,original
NVDA,2022-07,20,47.0,14.0,37.0,0.7611971702127659,2.35,0.7,original
NVDA,2022-08,23,43.0,17.0,27.0,0.6909373023255814,1.8695652173913044,0.7391304347826086,original
NVDA,2022-09,21,62.0,19.0,43.0,0.795818870967742,2.9523809523809526,0.9047619047619048,original
NVDA,2022-10,21,60.0,18.0,40.0,0.7409166166666666,2.857142857142857,0.8571428571428571,original
NVDA,2022-11,21,53.0,19.0,36.0,0.7362118301886793,2.5238095238095237,0.9047619047619048,original
NVDA,2022-12,21,37.0,17.0,28.0,0.72606,1.7619047619047619,0.8095238095238095,original
NVDA,2023-01,20,40.0,16.0,30.0,0.746505325,2.0,0.8,original
NVDA,2023-02,19,52.0,14.0,24.0,0.7764264038461538,2.736842105263158,0.7368421052631579,original
NVDA,2023-03,23,49.0,19.0,32.0,0.742202387755102,2.130434782608696,0.8260869565217391,original
NVDA,2023-04,19,53.0,13.0,26.0,0.725369,2.789473684210526,0.6842105263157895,original
NVDA,2023-05,22,58.0,19.0,39.0,0.7526975172413792,2.6363636363636362,0.8636363636363636,original
NVDA,2023-06,21,81.0,21.0,28.0,0.7677784567901235,3.857142857142857,1.0,original
NVDA,2023-07,20,40.0,19.0,30.0,0.742455725,2.0,0.95,original
NVDA,2023-08,23,52.0,22.0,40.0,0.7238213269230769,2.260869565217391,0.9565217391304348,original
NVDA,2023-09,20,34.0,14.0,25.0,0.7464911470588236,1.7,0.7,original
NVDA,2023-10,22,39.0,16.0,31.0,0.7470956666666667,1.7727272727272727,0.7272727272727273,original
NVDA,2023-11,21,51.0,18.0,37.0,0.7432648627450981,2.4285714285714284,0.8571428571428571,original
NVDA,2023-12,20,44.0,18.0,33.0,0.7300767727272728,2.2,0.9,original
NVDA,2024-01,21,55.0,20.0,42.0,0.7525489454545454,2.619047619047619,0.9523809523809523,original
NVDA,2024-02,20,69.0,20.0,52.0,0.8019915217391305,3.45,1.0,original
NVDA,2024-03,20,94.0,18.0,62.0,0.7569898191489361,4.7,0.9,original
NVDA,2024-04,22,85.0,21.0,54.0,0.7463819882352941,3.8636363636363638,0.9545454545454546,original
NVDA,2024-05,22,87.0,22.0,56.0,0.7617960919540229,3.9545454545454546,1.0,original
NVDA,2024-06,19,107.0,19.0,69.0,0.7910484953271029,5.631578947368421,1.0,original
NVDA,2024-07,22,93.0,22.0,55.0,0.7438905591397849,4.2272727272727275,1.0,original
NVDA,2024-08,22,81.0,22.0,49.0,0.7315587407407408,3.6818181818181817,1.0,original
NVDA,2024-09,20,101.0,19.0,68.0,0.7486399801980198,5.05,0.95,original
NVDA,2024-10,23,127.0,23.0,64.0,0.742946716535433,5.521739130434782,1.0,original
NVDA,2024-11,20,119.0,20.0,61.0,0.7586609075630252,5.95,1.0,original
NVDA,2024-12,21,124.0,21.0,68.0,0.7267445483870968,5.904761904761905,1.0,original
NVDA,2025-01,20,103.0,18.0,63.0,0.7559959029126213,5.15,0.9,original
NVDA,2025-02,19,126.0,19.0,73.0,0.719844,6.631578947368421,1.0,original
NVDA,2025-03,21,191.0,21.0,96.0,0.7657821204188482,9.095238095238095,1.0,original
NVDA,2025-04,21,137.0,21.0,71.0,0.7280054306569343,6.523809523809524,1.0,original
NVDA,2025-05,21,161.0,21.0,85.0,0.7446508385093168,7.666666666666667,1.0,original
NVDA,2025-06,20,202.0,19.0,101.0,0.7327617128712871,10.1,0.95,original
NVDA,2025-07,22,211.0,22.0,86.0,0.7345962180094786,9.590909090909092,1.0,original
NVDA,2025-08,21,234.0,21.0,102.0,0.7190007478632479,11.142857142857142,1.0,original
NVDA,2025-09,21,269.0,21.0,105.0,0.7139765278810409,12.80952380952381,1.0,original
NVDA,2025-10,23,4170.0,23.0,684.0,0.6724957496402878,181.30434782608697,1.0,original
NVDA,2025-11,19,2926.0,19.0,202.0,0.8048751886534518,154.0,1.0,original
NVDA,2025-12,20,2514.0,20.0,236.0,0.6884522402545744,125.7,1.0,original
TSLA,2015-01,20,3.0,2.0,3.0,0.869567,0.15,0.1,original
TSLA,2015-02,19,3.0,3.0,3.0,0.7766679999999999,0.15789473684210525,0.15789473684210525,original
TSLA,2015-03,22,9.0,5.0,8.0,0.9552843333333334,0.4090909090909091,0.22727272727272727,original
TSLA,2015-04,21,5.0,4.0,5.0,1.0,0.23809523809523808,0.19047619047619047,original
TSLA,2015-05,20,9.0,5.0,9.0,0.9032899999999999,0.45,0.25,original
TSLA,2015-06,22,7.0,7.0,5.0,0.8609808571428571,0.3181818181818182,0.3181818181818182,original
TSLA,2015-07,22,8.0,5.0,8.0,0.858858,0.36363636363636365,0.22727272727272727,original
TSLA,2015-08,21,6.0,6.0,5.0,0.972716,0.2857142857142857,0.2857142857142857,original
TSLA,2015-09,21,15.0,8.0,13.0,0.9765368666666667,0.7142857142857143,0.38095238095238093,original
TSLA,2015-10,22,11.0,10.0,9.0,0.9035746363636363,0.5,0.45454545454545453,original
TSLA,2015-11,20,8.0,8.0,8.0,0.950111,0.4,0.4,original
TSLA,2015-12,22,4.0,3.0,1.0,1.0,0.18181818181818182,0.13636363636363635,original
TSLA,2016-01,19,8.0,6.0,7.0,0.67184425,0.42105263157894735,0.3157894736842105,original
TSLA,2016-02,20,6.0,6.0,6.0,0.6672410000000001,0.3,0.3,original
TSLA,2016-03,22,2.0,2.0,2.0,0.7963545000000001,0.09090909090909091,0.09090909090909091,original
TSLA,2016-04,21,4.0,3.0,4.0,0.7280875,0.19047619047619047,0.14285714285714285,original
TSLA,2016-05,21,3.0,3.0,3.0,0.7159233333333334,0.14285714285714285,0.14285714285714285,original
TSLA,2016-06,22,0.0,0.0,0.0,0.0,0.0,0.0,original
TSLA,2016-07,20,2.0,2.0,2.0,0.746294,0.1,0.1,original
TSLA,2016-08,23,5.0,5.0,3.0,0.610423,0.21739130434782608,0.21739130434782608,original
TSLA,2016-09,21,4.0,4.0,4.0,0.61017725,0.19047619047619047,0.19047619047619047,original
TSLA,2016-10,21,3.0,3.0,2.0,0.6214153333333333,0.14285714285714285,0.14285714285714285,original
TSLA,2016-11,21,3.0,3.0,3.0,0.7070366666666666,0.14285714285714285,0.14285714285714285,original
TSLA,2016-12,21,8.0,6.0,8.0,0.714814875,0.38095238095238093,0.2857142857142857,original
TSLA,2017-01,20,15.0,9.0,7.0,0.6729775333333333,0.75,0.45,original
TSLA,2017-02,19,11.0,7.0,9.0,0.7863726363636363,0.5789473684210527,0.3684210526315789,original
TSLA,2017-03,23,12.0,9.0,10.0,0.7259355,0.5217391304347826,0.391304347826087,original
TSLA,2017-04,19,6.0,6.0,6.0,0.8117260000000001,0.3157894736842105,0.3157894736842105,original
TSLA,2017-05,22,18.0,13.0,15.0,0.7465661666666666,0.8181818181818182,0.5909090909090909,original
TSLA,2017-06,22,14.0,11.0,13.0,0.8555207857142858,0.6363636363636364,0.5,original
TSLA,2017-07,20,13.0,10.0,10.0,0.796966923076923,0.65,0.5,original
TSLA,2017-08,23,15.0,9.0,13.0,0.8118046,0.6521739130434783,0.391304347826087,original
TSLA,2017-09,20,8.0,7.0,8.0,0.787842125,0.4,0.35,original
TSLA,2017-10,22,14.0,12.0,11.0,0.8669192857142857,0.6363636363636364,0.5454545454545454,original
TSLA,2017-11,21,23.0,14.0,18.0,0.8080734347826086,1.0952380952380953,0.6666666666666666,original
TSLA,2017-12,20,18.0,11.0,13.0,0.7943339444444445,0.9,0.55,original
TSLA,2018-01,21,7.0,6.0,6.0,0.6658401428571429,0.3333333333333333,0.2857142857142857,original
TSLA,2018-02,19,5.0,5.0,5.0,0.6170864,0.2631578947368421,0.2631578947368421,original
TSLA,2018-03,21,10.0,9.0,8.0,0.7123381,0.47619047619047616,0.42857142857142855,original
TSLA,2018-04,21,9.0,7.0,8.0,0.7449145555555555,0.42857142857142855,0.3333333333333333,original
TSLA,2018-05,22,7.0,7.0,6.0,0.6874365714285714,0.3181818181818182,0.3181818181818182,original
TSLA,2018-06,21,4.0,3.0,4.0,0.7413975,0.19047619047619047,0.14285714285714285,original
TSLA,2018-07,21,13.0,7.0,11.0,0.9303751538461539,0.6190476190476191,0.3333333333333333,original
TSLA,2018-08,23,18.0,13.0,12.0,0.8129668888888889,0.782608695652174,0.5652173913043478,original
TSLA,2018-09,19,25.0,13.0,21.0,0.76625016,1.3157894736842106,0.6842105263157895,original
TSLA,2018-10,23,22.0,11.0,15.0,0.8387317272727273,0.9565217391304348,0.4782608695652174,original
TSLA,2018-11,21,11.0,9.0,8.0,0.8845835454545454,0.5238095238095238,0.42857142857142855,original
TSLA,2018-12,19,9.0,6.0,9.0,0.8440605555555556,0.47368421052631576,0.3157894736842105,original
TSLA,2019-01,21,6.0,4.0,6.0,0.6924323333333334,0.2857142857142857,0.19047619047619047,original
TSLA,2019-02,19,9.0,9.0,9.0,0.7553259999999999,0.47368421052631576,0.47368421052631576,original
TSLA,2019-03,21,11.0,8.0,8.0,0.9214960909090909,0.5238095238095238,0.38095238095238093,original
TSLA,2019-04,21,13.0,8.0,12.0,0.8038543076923077,0.6190476190476191,0.38095238095238093,original
TSLA,2019-05,22,19.0,14.0,14.0,0.877964,0.8636363636363636,0.6363636363636364,original
TSLA,2019-06,20,6.0,5.0,6.0,0.8700593333333333,0.3,0.25,original
TSLA,2019-07,22,11.0,10.0,10.0,0.8353390909090909,0.5,0.45454545454545453,original
TSLA,2019-08,22,14.0,11.0,10.0,0.8717944285714285,0.6363636363636364,0.5,original
TSLA,2019-09,20,8.0,5.0,8.0,0.811587625,0.4,0.25,original
TSLA,2019-10,23,15.0,11.0,14.0,0.891163,0.6521739130434783,0.4782608695652174,original
TSLA,2019-11,20,13.0,9.0,11.0,0.6838118461538462,0.65,0.45,original
TSLA,2019-12,21,15.0,7.0,15.0,0.8972815333333333,0.7142857142857143,0.3333333333333333,original
TSLA,2020-01,21,23.0,13.0,18.0,0.9126244347826088,1.0952380952380953,0.6190476190476191,original
TSLA,2020-02,19,10.0,8.0,10.0,0.8633684,0.5263157894736842,0.42105263157894735,original
TSLA,2020-03,22,7.0,7.0,7.0,0.7691144285714285,0.3181818181818182,0.3181818181818182,original
TSLA,2020-04,21,11.0,7.0,11.0,0.7218495454545454,0.5238095238095238,0.3333333333333333,original
TSLA,2020-05,20,6.0,5.0,6.0,0.7160160000000001,0.3,0.25,original
TSLA,2020-06,22,19.0,12.0,18.0,0.6710666315789474,0.8636363636363636,0.5454545454545454,original
TSLA,2020-07,22,34.0,18.0,30.0,0.7522914411764705,1.5454545454545454,0.8181818181818182,original
TSLA,2020-08,21,55.0,19.0,37.0,0.7426221636363637,2.619047619047619,0.9047619047619048,original
TSLA,2020-09,21,41.0,19.0,37.0,0.7281172682926829,1.9523809523809523,0.9047619047619048,original
TSLA,2020-10,22,41.0,20.0,28.0,0.7677815121951219,1.8636363636363635,0.9090909090909091,original
TSLA,2020-11,20,48.0,17.0,30.0,0.7686899583333333,2.4,0.85,original
TSLA,2020-12,22,61.0,18.0,43.0,0.7656384754098361,2.772727272727273,0.8181818181818182,original
TSLA,2021-01,19,67.0,19.0,49.0,0.7397158059701492,3.526315789473684,1.0,original
TSLA,2021-02,19,62.0,19.0,44.0,0.7393749838709677,3.263157894736842,1.0,original
TSLA,2021-03,23,61.0,21.0,42.0,0.7632858032786886,2.652173913043478,0.9130434782608695,original
TSLA,2021-04,21,63.0,20.0,42.0,0.723294380952381,3.0,0.9523809523809523,original
TSLA,2021-05,20,59.0,20.0,40.0,0.7266990508474577,2.95,1.0,original
TSLA,2021-06,22,67.0,21.0,48.0,0.747476328358209,3.0454545454545454,0.9545454545454546,original
TSLA,2021-07,21,55.0,18.0,46.0,0.7251716909090908,2.619047619047619,0.8571428571428571,original
TSLA,2021-08,22,57.0,18.0,47.0,0.7560601754385965,2.590909090909091,0.8181818181818182,original
TSLA,2021-09,21,37.0,17.0,27.0,0.7748673243243243,1.7619047619047619,0.8095238095238095,original
TSLA,2021-10,21,70.0,20.0,43.0,0.7667328428571428,3.3333333333333335,0.9523809523809523,original
TSLA,2021-11,21,76.0,20.0,47.0,0.7686219605263158,3.619047619047619,0.9523809523809523,original
TSLA,2021-12,22,69.0,22.0,42.0,0.7423542463768116,3.1363636363636362,1.0,original
TSLA,2022-01,20,61.0,19.0,47.0,0.7240527704918033,3.05,0.95,original
TSLA,2022-02,19,47.0,18.0,33.0,0.7996125319148937,2.473684210526316,0.9473684210526315,original
TSLA,2022-03,23,55.0,20.0,39.0,0.7135714,2.391304347826087,0.8695652173913043,original
TSLA,2022-04,20,77.0,19.0,54.0,0.7403647272727272,3.85,0.95,original
TSLA,2022-05,21,69.0,21.0,51.0,0.7927416086956521,3.2857142857142856,1.0,original
TSLA,2022-06,21,76.0,19.0,55.0,0.7326305657894737,3.619047619047619,0.9047619047619048,original
TSLA,2022-07,20,68.0,20.0,50.0,0.7455006176470589,3.4,1.0,original
TSLA,2022-08,23,74.0,22.0,56.0,0.7096552567567567,3.217391304347826,0.9565217391304348,original
TSLA,2022-09,21,59.0,17.0,45.0,0.7065856949152542,2.8095238095238093,0.8095238095238095,original
TSLA,2022-10,21,73.0,20.0,50.0,0.7808970273972603,3.4761904761904763,0.9523809523809523,original
TSLA,2022-11,21,64.0,21.0,44.0,0.73966690625,3.0476190476190474,1.0,original
TSLA,2022-12,21,75.0,21.0,54.0,0.7775783199999999,3.5714285714285716,1.0,original
TSLA,2023-01,20,58.0,20.0,47.0,0.7593316206896552,2.9,1.0,original
TSLA,2023-02,19,60.0,18.0,44.0,0.76371265,3.1578947368421053,0.9473684210526315,original
TSLA,2023-03,23,55.0,21.0,31.0,0.7808272181818182,2.391304347826087,0.9130434782608695,original
TSLA,2023-04,19,31.0,16.0,23.0,0.7508436451612903,1.631578947368421,0.8421052631578947,original
TSLA,2023-05,22,31.0,15.0,21.0,0.6895565161290322,1.4090909090909092,0.6818181818181818,original
TSLA,2023-06,21,43.0,18.0,32.0,0.7729013488372093,2.0476190476190474,0.8571428571428571,original
TSLA,2023-07,20,26.0,15.0,20.0,0.7309254230769231,1.3,0.75,original
TSLA,2023-08,23,34.0,17.0,29.0,0.7762152941176471,1.4782608695652173,0.7391304347826086,original
TSLA,2023-09,20,24.0,14.0,19.0,0.746802375,1.2,0.7,original
TSLA,2023-10,22,44.0,18.0,33.0,0.8051068409090909,2.0,0.8181818181818182,original
TSLA,2023-11,21,23.0,14.0,19.0,0.6995089565217392,1.0952380952380953,0.6666666666666666,original
TSLA,2023-12,20,29.0,13.0,22.0,0.7571902068965517,1.45,0.65,original
TSLA,2024-01,21,35.0,20.0,26.0,0.7355628,1.6666666666666667,0.9523809523809523,original
TSLA,2024-02,20,45.0,16.0,32.0,0.7106401777777778,2.25,0.8,original
TSLA,2024-03,20,28.0,16.0,24.0,0.7449323214285714,1.4,0.8,original
TSLA,2024-04,22,44.0,18.0,34.0,0.7254942727272727,2.0,0.8181818181818182,original
TSLA,2024-05,22,46.0,19.0,39.0,0.7364645,2.090909090909091,0.8636363636363636,original
TSLA,2024-06,19,35.0,16.0,31.0,0.7388439428571428,1.8421052631578947,0.8421052631578947,original
TSLA,2024-07,22,55.0,21.0,40.0,0.7246616545454546,2.5,0.9545454545454546,original
TSLA,2024-08,22,37.0,20.0,34.0,0.7486391891891891,1.6818181818181819,0.9090909090909091,original
TSLA,2024-09,20,32.0,17.0,29.0,0.71746634375,1.6,0.85,original
TSLA,2024-10,23,53.0,20.0,42.0,0.6791566603773584,2.3043478260869565,0.8695652173913043,original
TSLA,2024-11,20,53.0,18.0,36.0,0.719162641509434,2.65,0.9,original
TSLA,2024-12,21,66.0,21.0,51.0,0.7209549393939394,3.142857142857143,1.0,original
TSLA,2025-01,20,44.0,14.0,34.0,0.7538049772727273,2.2,0.7,original
TSLA,2025-02,19,70.0,17.0,54.0,0.7517109714285715,3.6842105263157894,0.8947368421052632,original
TSLA,2025-03,21,96.0,21.0,70.0,0.7295886770833334,4.571428571428571,1.0,original
TSLA,2025-04,21,68.0,18.0,46.0,0.7365652352941177,3.238095238095238,0.8571428571428571,original
TSLA,2025-05,21,61.0,20.0,48.0,0.7016769344262295,2.9047619047619047,0.9523809523809523,original
TSLA,2025-06,20,99.0,20.0,73.0,0.7261349797979797,4.95,1.0,original
TSLA,2025-07,22,86.0,22.0,62.0,0.7252211279069768,3.909090909090909,1.0,original
TSLA,2025-08,21,78.0,21.0,48.0,0.7424393461538461,3.7142857142857144,1.0,original
TSLA,2025-09,21,93.0,21.0,68.0,0.7274121182795699,4.428571428571429,1.0,original
TSLA,2025-10,23,1276.0,23.0,336.0,0.7148981387147335,55.47826086956522,1.0,original
TSLA,2025-11,19,649.0,19.0,130.0,0.7551686363636364,34.1578947368421,1.0,original
TSLA,2025-12,20,829.0,20.0,167.0,0.7367269300361882,41.45,1.0,original
AAPL,2015-01,20,12.0,9.0,9.0,0.7359039166666667,0.6,0.45,deduplicated
AAPL,2015-02,19,7.0,6.0,7.0,0.6896937142857142,0.3684210526315789,0.3157894736842105,deduplicated
AAPL,2015-03,22,16.0,11.0,14.0,0.7414830625,0.7272727272727273,0.5,deduplicated
AAPL,2015-04,21,12.0,10.0,11.0,0.7734070833333333,0.5714285714285714,0.47619047619047616,deduplicated
AAPL,2015-05,20,8.0,7.0,8.0,0.728198125,0.4,0.35,deduplicated
AAPL,2015-06,22,14.0,11.0,12.0,0.7223735714285714,0.6363636363636364,0.5,deduplicated
AAPL,2015-07,22,12.0,10.0,11.0,0.66146925,0.5454545454545454,0.45454545454545453,deduplicated
AAPL,2015-08,21,12.0,9.0,12.0,0.7566961666666666,0.5714285714285714,0.42857142857142855,deduplicated
AAPL,2015-09,21,20.0,13.0,16.0,0.81390775,0.9523809523809523,0.6190476190476191,deduplicated
AAPL,2015-10,22,10.0,9.0,10.0,0.7013047,0.45454545454545453,0.4090909090909091,deduplicated
AAPL,2015-11,20,9.0,9.0,8.0,0.6621575555555556,0.45,0.45,deduplicated
AAPL,2015-12,22,11.0,7.0,9.0,0.7474805454545455,0.5,0.3181818181818182,deduplicated
AAPL,2016-01,19,22.0,12.0,21.0,0.763474590909091,1.1578947368421053,0.631578947368421,deduplicated
AAPL,2016-02,20,20.0,13.0,18.0,0.8306908,1.0,0.65,deduplicated
AAPL,2016-03,22,20.0,15.0,18.0,0.8345551,0.9090909090909091,0.6818181818181818,deduplicated
AAPL,2016-04,21,16.0,11.0,15.0,0.7803921875,0.7619047619047619,0.5238095238095238,deduplicated
AAPL,2016-05,21,10.0,9.0,10.0,0.756506,0.47619047619047616,0.42857142857142855,deduplicated
AAPL,2016-06,22,12.0,9.0,11.0,0.7743721666666666,0.5454545454545454,0.4090909090909091,deduplicated
AAPL,2016-07,20,14.0,10.0,14.0,0.7250082142857143,0.7,0.5,deduplicated
AAPL,2016-08,23,13.0,10.0,12.0,0.7936355384615384,0.5652173913043478,0.43478260869565216,deduplicated
AAPL,2016-09,21,24.0,9.0,20.0,0.86616325,1.1428571428571428,0.42857142857142855,deduplicated
AAPL,2016-10,21,15.0,10.0,13.0,0.7975252666666667,0.7142857142857143,0.47619047619047616,deduplicated
AAPL,2016-11,21,12.0,10.0,11.0,0.79550175,0.5714285714285714,0.47619047619047616,deduplicated
AAPL,2016-12,21,23.0,12.0,20.0,0.7488985652173913,1.0952380952380953,0.5714285714285714,deduplicated
AAPL,2017-01,20,27.0,14.0,14.0,0.6730047407407407,1.35,0.7,deduplicated
AAPL,2017-02,19,27.0,12.0,21.0,0.8020216296296296,1.4210526315789473,0.631578947368421,deduplicated
AAPL,2017-03,23,11.0,10.0,10.0,0.7559751818181817,0.4782608695652174,0.43478260869565216,deduplicated
AAPL,2017-04,19,15.0,13.0,15.0,0.7665208666666667,0.7894736842105263,0.6842105263157895,deduplicated
AAPL,2017-05,22,21.0,12.0,20.0,0.8145907142857143,0.9545454545454546,0.5454545454545454,deduplicated
AAPL,2017-06,22,23.0,14.0,20.0,0.7346437391304349,1.0454545454545454,0.6363636363636364,deduplicated
AAPL,2017-07,20,23.0,13.0,20.0,0.7078271304347826,1.15,0.65,deduplicated
AAPL,2017-08,23,23.0,13.0,20.0,0.7594359565217392,1.0,0.5652173913043478,deduplicated
AAPL,2017-09,20,13.0,12.0,13.0,0.8038318461538462,0.65,0.6,deduplicated
AAPL,2017-10,22,26.0,15.0,25.0,0.7489214999999999,1.1818181818181819,0.6818181818181818,deduplicated
AAPL,2017-11,21,30.0,16.0,27.0,0.7325115,1.4285714285714286,0.7619047619047619,deduplicated
AAPL,2017-12,20,53.0,18.0,30.0,0.7542996415094338,2.65,0.9,deduplicated
AAPL,2018-01,21,23.0,14.0,20.0,0.7484158695652173,1.0952380952380953,0.6666666666666666,deduplicated
AAPL,2018-02,19,24.0,13.0,22.0,0.73463725,1.263157894736842,0.6842105263157895,deduplicated
AAPL,2018-03,21,18.0,11.0,17.0,0.8028025555555556,0.8571428571428571,0.5238095238095238,deduplicated
AAPL,2018-04,21,31.0,13.0,22.0,0.7411910322580645,1.4761904761904763,0.6190476190476191,deduplicated
AAPL,2018-05,22,20.0,13.0,19.0,0.7204264,0.9090909090909091,0.5909090909090909,deduplicated
AAPL,2018-06,21,22.0,15.0,19.0,0.8231564545454546,1.0476190476190477,0.7142857142857143,deduplicated
AAPL,2018-07,21,17.0,12.0,16.0,0.7074635882352941,0.8095238095238095,0.5714285714285714,deduplicated
AAPL,2018-08,23,31.0,12.0,25.0,0.8010005161290322,1.3478260869565217,0.5217391304347826,deduplicated
AAPL,2018-09,19,23.0,13.0,18.0,0.7531140000000001,1.2105263157894737,0.6842105263157895,deduplicated
AAPL,2018-10,23,45.0,16.0,23.0,0.7380472666666668,1.9565217391304348,0.6956521739130435,deduplicated
AAPL,2018-11,21,35.0,15.0,28.0,0.8055222,1.6666666666666667,0.7142857142857143,deduplicated
AAPL,2018-12,19,16.0,11.0,15.0,0.855802875,0.8421052631578947,0.5789473684210527,deduplicated
AAPL,2019-01,21,25.0,15.0,25.0,0.73640048,1.1904761904761905,0.7142857142857143,deduplicated
AAPL,2019-02,19,13.0,9.0,13.0,0.7055630769230768,0.6842105263157895,0.47368421052631576,deduplicated
AAPL,2019-03,21,14.0,12.0,13.0,0.718024,0.6666666666666666,0.5714285714285714,deduplicated
AAPL,2019-04,21,23.0,13.0,19.0,0.7380190869565217,1.0952380952380953,0.6190476190476191,deduplicated
AAPL,2019-05,22,16.0,11.0,15.0,0.7299486875,0.7272727272727273,0.5,deduplicated
AAPL,2019-06,20,23.0,15.0,18.0,0.7795217391304348,1.15,0.75,deduplicated
AAPL,2019-07,22,22.0,11.0,18.0,0.8408810454545456,1.0,0.5,deduplicated
AAPL,2019-08,22,21.0,12.0,20.0,0.8200518571428571,0.9545454545454546,0.5454545454545454,deduplicated
AAPL,2019-09,20,34.0,15.0,26.0,0.8358335882352941,1.7,0.75,deduplicated
AAPL,2019-10,23,22.0,12.0,15.0,0.8023957272727272,0.9565217391304348,0.5217391304347826,deduplicated
AAPL,2019-11,20,37.0,14.0,28.0,0.7593212432432432,1.85,0.7,deduplicated
AAPL,2019-12,21,36.0,18.0,28.0,0.7812466388888889,1.7142857142857142,0.8571428571428571,deduplicated
AAPL,2020-01,21,23.0,13.0,22.0,0.7896753913043478,1.0952380952380953,0.6190476190476191,deduplicated
AAPL,2020-02,19,15.0,8.0,14.0,0.7776435333333332,0.7894736842105263,0.42105263157894735,deduplicated
AAPL,2020-03,22,14.0,9.0,13.0,0.7339165000000001,0.6363636363636364,0.4090909090909091,deduplicated
AAPL,2020-04,21,6.0,5.0,6.0,0.7812896666666665,0.2857142857142857,0.23809523809523808,deduplicated
AAPL,2020-05,20,16.0,9.0,15.0,0.7919145,0.8,0.45,deduplicated
AAPL,2020-06,22,18.0,12.0,16.0,0.7884708333333333,0.8181818181818182,0.5454545454545454,deduplicated
AAPL,2020-07,22,49.0,18.0,41.0,0.7671260612244898,2.227272727272727,0.8181818181818182,deduplicated
AAPL,2020-08,21,72.0,19.0,55.0,0.7930589444444445,3.4285714285714284,0.9047619047619048,deduplicated
AAPL,2020-09,21,66.0,18.0,54.0,0.7743062727272727,3.142857142857143,0.8571428571428571,deduplicated
AAPL,2020-10,22,72.0,20.0,56.0,0.793966638888889,3.272727272727273,0.9090909090909091,deduplicated
AAPL,2020-11,20,74.0,20.0,57.0,0.8121855,3.7,1.0,deduplicated
AAPL,2020-12,22,64.0,19.0,48.0,0.7819265625,2.909090909090909,0.8636363636363636,deduplicated
AAPL,2021-01,19,80.0,18.0,58.0,0.7591479,4.2105263157894735,0.9473684210526315,deduplicated
AAPL,2021-02,19,59.0,18.0,48.0,0.770152593220339,3.1052631578947367,0.9473684210526315,deduplicated
AAPL,2021-03,23,59.0,22.0,46.0,0.7369331355932204,2.5652173913043477,0.9565217391304348,deduplicated
AAPL,2021-04,21,89.0,21.0,58.0,0.7514568764044943,4.238095238095238,1.0,deduplicated
AAPL,2021-05,20,86.0,20.0,67.0,0.7568228488372093,4.3,1.0,deduplicated
AAPL,2021-06,22,62.0,22.0,46.0,0.7687326774193548,2.8181818181818183,1.0,deduplicated
AAPL,2021-07,21,64.0,18.0,48.0,0.747842296875,3.0476190476190474,0.8571428571428571,deduplicated
AAPL,2021-08,22,80.0,21.0,59.0,0.7656045,3.6363636363636362,0.9545454545454546,deduplicated
AAPL,2021-09,21,92.0,21.0,63.0,0.7653510217391305,4.380952380952381,1.0,deduplicated
AAPL,2021-10,21,66.0,21.0,49.0,0.785205696969697,3.142857142857143,1.0,deduplicated
AAPL,2021-11,21,57.0,20.0,39.0,0.7900469473684211,2.7142857142857144,0.9523809523809523,deduplicated
AAPL,2021-12,22,73.0,21.0,56.0,0.763799890410959,3.3181818181818183,0.9545454545454546,deduplicated
AAPL,2022-01,20,65.0,19.0,54.0,0.7495358461538462,3.25,0.95,deduplicated
AAPL,2022-02,19,73.0,17.0,59.0,0.7294946986301369,3.8421052631578947,0.8947368421052632,deduplicated
AAPL,2022-03,23,70.0,21.0,51.0,0.7584100285714286,3.0434782608695654,0.9130434782608695,deduplicated
AAPL,2022-04,20,60.0,18.0,48.0,0.7361111333333333,3.0,0.9,deduplicated
AAPL,2022-05,21,68.0,19.0,53.0,0.7278416323529412,3.238095238095238,0.9047619047619048,deduplicated
AAPL,2022-06,21,52.0,19.0,36.0,0.7657903846153846,2.4761904761904763,0.9047619047619048,deduplicated
AAPL,2022-07,20,68.0,20.0,53.0,0.7365605000000001,3.4,1.0,deduplicated
AAPL,2022-08,23,54.0,22.0,44.0,0.7492390555555555,2.347826086956522,0.9565217391304348,deduplicated
AAPL,2022-09,21,83.0,21.0,66.0,0.769989530120482,3.9523809523809526,1.0,deduplicated
AAPL,2022-10,21,79.0,20.0,68.0,0.7095033797468354,3.761904761904762,0.9523809523809523,deduplicated
AAPL,2022-11,21,85.0,21.0,68.0,0.7567268823529413,4.0476190476190474,1.0,deduplicated
AAPL,2022-12,21,76.0,20.0,59.0,0.7334475394736842,3.619047619047619,0.9523809523809523,deduplicated
AAPL,2023-01,20,66.0,19.0,53.0,0.7715152121212121,3.3,0.95,deduplicated
AAPL,2023-02,19,73.0,19.0,46.0,0.7534451506849316,3.8421052631578947,1.0,deduplicated
AAPL,2023-03,23,55.0,21.0,41.0,0.7594305818181818,2.391304347826087,0.9130434782608695,deduplicated
AAPL,2023-04,19,51.0,14.0,31.0,0.7408188235294118,2.6842105263157894,0.7368421052631579,deduplicated
AAPL,2023-05,22,45.0,18.0,30.0,0.7517837777777777,2.0454545454545454,0.8181818181818182,deduplicated
AAPL,2023-06,21,54.0,17.0,28.0,0.7300595925925926,2.5714285714285716,0.8095238095238095,deduplicated
AAPL,2023-07,20,30.0,17.0,23.0,0.8207843,1.5,0.85,deduplicated
AAPL,2023-08,23,49.0,22.0,37.0,0.7440375306122449,2.130434782608696,0.9565217391304348,deduplicated
AAPL,2023-09,20,54.0,18.0,43.0,0.7612429814814815,2.7,0.9,deduplicated
AAPL,2023-10,22,32.0,14.0,30.0,0.7100231875,1.4545454545454546,0.6363636363636364,deduplicated
AAPL,2023-11,21,58.0,17.0,43.0,0.7329156206896552,2.761904761904762,0.8095238095238095,deduplicated
AAPL,2023-12,20,43.0,19.0,37.0,0.7501402325581396,2.15,0.95,deduplicated
AAPL,2024-01,21,50.0,19.0,41.0,0.71862408,2.380952380952381,0.9047619047619048,deduplicated
AAPL,2024-02,20,47.0,18.0,37.0,0.7187306382978724,2.35,0.9,deduplicated
AAPL,2024-03,20,57.0,20.0,43.0,0.7234425438596491,2.85,1.0,deduplicated
AAPL,2024-04,22,44.0,20.0,34.0,0.7248652727272727,2.0,0.9090909090909091,deduplicated
AAPL,2024-05,22,59.0,21.0,47.0,0.7202436440677966,2.6818181818181817,0.9545454545454546,deduplicated
AAPL,2024-06,19,60.0,19.0,50.0,0.7333373000000001,3.1578947368421053,1.0,deduplicated
AAPL,2024-07,22,54.0,21.0,41.0,0.7236756851851852,2.4545454545454546,0.9545454545454546,deduplicated
AAPL,2024-08,22,48.0,18.0,36.0,0.7403009791666667,2.1818181818181817,0.8181818181818182,deduplicated
AAPL,2024-09,20,67.0,19.0,56.0,0.7438946567164179,3.35,0.95,deduplicated
AAPL,2024-10,23,82.0,22.0,56.0,0.7420225487804878,3.5652173913043477,0.9565217391304348,deduplicated
AAPL,2024-11,20,73.0,19.0,43.0,0.7530494931506849,3.65,0.95,deduplicated
AAPL,2024-12,21,76.0,19.0,59.0,0.7424845,3.619047619047619,0.9047619047619048,deduplicated
AAPL,2025-01,20,51.0,18.0,41.0,0.7275368039215686,2.55,0.9,deduplicated
AAPL,2025-02,19,92.0,18.0,64.0,0.7163573152173912,4.842105263157895,0.9473684210526315,deduplicated
AAPL,2025-03,21,98.0,21.0,66.0,0.7074145204081632,4.666666666666667,1.0,deduplicated
AAPL,2025-04,21,91.0,20.0,57.0,0.7293177582417582,4.333333333333333,0.9523809523809523,deduplicated
AAPL,2025-05,21,91.0,21.0,60.0,0.7234018241758242,4.333333333333333,1.0,deduplicated
AAPL,2025-06,20,108.0,20.0,77.0,0.7236418888888889,5.4,1.0,deduplicated
AAPL,2025-07,22,103.0,21.0,71.0,0.7037347184466018,4.681818181818182,0.9545454545454546,deduplicated
AAPL,2025-08,21,112.0,19.0,73.0,0.7055665357142857,5.333333333333333,0.9047619047619048,deduplicated
AAPL,2025-09,21,119.0,21.0,86.0,0.7117729075630251,5.666666666666667,1.0,deduplicated
AAPL,2025-10,23,1716.0,23.0,489.0,0.7404620856643357,74.6086956521739,1.0,deduplicated
AAPL,2025-11,19,574.0,19.0,164.0,0.7515935574912892,30.210526315789473,1.0,deduplicated
AAPL,2025-12,20,727.0,20.0,167.0,0.7448660701513068,36.35,1.0,deduplicated
MSFT,2015-01,20,7.0,6.0,7.0,0.7206855714285715,0.35,0.3,deduplicated
MSFT,2015-02,19,6.0,6.0,6.0,0.7308776666666666,0.3157894736842105,0.3157894736842105,deduplicated
MSFT,2015-03,22,12.0,10.0,11.0,0.7185881666666667,0.5454545454545454,0.45454545454545453,deduplicated
MSFT,2015-04,21,15.0,12.0,15.0,0.7796938666666667,0.7142857142857143,0.5714285714285714,deduplicated
MSFT,2015-05,20,10.0,7.0,9.0,0.7981313,0.5,0.35,deduplicated
MSFT,2015-06,22,12.0,8.0,9.0,0.7337487500000001,0.5454545454545454,0.36363636363636365,deduplicated
MSFT,2015-07,22,13.0,10.0,9.0,0.8548028461538462,0.5909090909090909,0.45454545454545453,deduplicated
MSFT,2015-08,21,12.0,10.0,11.0,0.7316241666666667,0.5714285714285714,0.47619047619047616,deduplicated
MSFT,2015-09,21,6.0,6.0,5.0,0.8163298333333332,0.2857142857142857,0.2857142857142857,deduplicated
MSFT,2015-10,22,10.0,10.0,10.0,0.7552825000000001,0.45454545454545453,0.45454545454545453,deduplicated
MSFT,2015-11,20,11.0,6.0,11.0,0.7236198181818182,0.55,0.3,deduplicated
MSFT,2015-12,22,10.0,10.0,8.0,0.6782309,0.45454545454545453,0.45454545454545453,deduplicated
MSFT,2016-01,19,12.0,11.0,11.0,0.7169215000000001,0.631578947368421,0.5789473684210527,deduplicated
MSFT,2016-02,20,12.0,9.0,12.0,0.7165666666666667,0.6,0.45,deduplicated
MSFT,2016-03,22,13.0,9.0,12.0,0.6665532307692307,0.5909090909090909,0.4090909090909091,deduplicated
MSFT,2016-04,21,15.0,12.0,14.0,0.6755192,0.7142857142857143,0.5714285714285714,deduplicated
MSFT,2016-05,21,15.0,8.0,15.0,0.7833393333333334,0.7142857142857143,0.38095238095238093,deduplicated
MSFT,2016-06,22,22.0,11.0,20.0,0.8303983636363637,1.0,0.5,deduplicated
MSFT,2016-07,20,11.0,8.0,10.0,0.7632918181818181,0.55,0.4,deduplicated
MSFT,2016-08,23,19.0,12.0,16.0,0.6657985789473685,0.8260869565217391,0.5217391304347826,deduplicated
MSFT,2016-09,21,18.0,10.0,14.0,0.7491715,0.8571428571428571,0.47619047619047616,deduplicated
MSFT,2016-10,21,20.0,12.0,19.0,0.7914516,0.9523809523809523,0.5714285714285714,deduplicated
MSFT,2016-11,21,11.0,11.0,9.0,0.7207603636363636,0.5238095238095238,0.5238095238095238,deduplicated
MSFT,2016-12,21,19.0,11.0,15.0,0.6856337368421053,0.9047619047619048,0.5238095238095238,deduplicated
MSFT,2017-01,20,28.0,16.0,20.0,0.69704,1.4,0.8,deduplicated
MSFT,2017-02,19,22.0,12.0,22.0,0.6522351818181819,1.1578947368421053,0.631578947368421,deduplicated
MSFT,2017-03,23,20.0,15.0,17.0,0.6908133999999999,0.8695652173913043,0.6521739130434783,deduplicated
MSFT,2017-04,19,15.0,12.0,15.0,0.6942408666666666,0.7894736842105263,0.631578947368421,deduplicated
MSFT,2017-05,22,16.0,12.0,15.0,0.7025913125,0.7272727272727273,0.5454545454545454,deduplicated
MSFT,2017-06,22,18.0,14.0,18.0,0.6707727777777778,0.8181818181818182,0.6363636363636364,deduplicated
MSFT,2017-07,20,18.0,12.0,16.0,0.7501058888888888,0.9,0.6,deduplicated
MSFT,2017-08,23,24.0,16.0,23.0,0.6768705833333333,1.0434782608695652,0.6956521739130435,deduplicated
MSFT,2017-09,20,14.0,11.0,14.0,0.6844172142857143,0.7,0.55,deduplicated
MSFT,2017-10,22,19.0,11.0,17.0,0.6895044736842105,0.8636363636363636,0.5,deduplicated
MSFT,2017-11,21,24.0,13.0,21.0,0.7197612916666666,1.1428571428571428,0.6190476190476191,deduplicated
MSFT,2017-12,20,28.0,11.0,14.0,0.6866821071428572,1.4,0.55,deduplicated
MSFT,2018-01,21,16.0,10.0,14.0,0.697323875,0.7619047619047619,0.47619047619047616,deduplicated
MSFT,2018-02,19,22.0,15.0,19.0,0.6701153181818182,1.1578947368421053,0.7894736842105263,deduplicated
MSFT,2018-03,21,17.0,11.0,17.0,0.6996287647058823,0.8095238095238095,0.5238095238095238,deduplicated
MSFT,2018-04,21,21.0,11.0,15.0,0.6607989999999999,1.0,0.5238095238095238,deduplicated
MSFT,2018-05,22,10.0,7.0,10.0,0.6596865000000001,0.45454545454545453,0.3181818181818182,deduplicated
MSFT,2018-06,21,30.0,17.0,28.0,0.6840301,1.4285714285714286,0.8095238095238095,deduplicated
MSFT,2018-07,21,18.0,12.0,16.0,0.7322993888888889,0.8571428571428571,0.5714285714285714,deduplicated
MSFT,2018-08,23,20.0,15.0,20.0,0.6336063000000001,0.8695652173913043,0.6521739130434783,deduplicated
MSFT,2018-09,19,18.0,13.0,16.0,0.6686572222222222,0.9473684210526315,0.6842105263157895,deduplicated
MSFT,2018-10,23,39.0,16.0,24.0,0.6736736923076924,1.6956521739130435,0.6956521739130435,deduplicated
MSFT,2018-11,21,20.0,13.0,20.0,0.6790832,0.9523809523809523,0.6190476190476191,deduplicated
MSFT,2018-12,19,14.0,10.0,13.0,0.6688074285714285,0.7368421052631579,0.5263157894736842,deduplicated
MSFT,2019-01,21,25.0,16.0,23.0,0.7094454,1.1904761904761905,0.7619047619047619,deduplicated
MSFT,2019-02,19,22.0,10.0,21.0,0.711807590909091,1.1578947368421053,0.5263157894736842,deduplicated
MSFT,2019-03,21,24.0,13.0,24.0,0.6493149583333333,1.1428571428571428,0.6190476190476191,deduplicated
MSFT,2019-04,21,27.0,14.0,26.0,0.7489747777777778,1.2857142857142858,0.6666666666666666,deduplicated
MSFT,2019-05,22,28.0,13.0,25.0,0.72057475,1.2727272727272727,0.5909090909090909,deduplicated
MSFT,2019-06,20,32.0,14.0,28.0,0.66534003125,1.6,0.7,deduplicated
MSFT,2019-07,22,30.0,15.0,25.0,0.7682153666666667,1.3636363636363635,0.6818181818181818,deduplicated
MSFT,2019-08,22,26.0,17.0,23.0,0.7668235,1.1818181818181819,0.7727272727272727,deduplicated
MSFT,2019-09,20,25.0,14.0,23.0,0.7189401599999999,1.25,0.7,deduplicated
MSFT,2019-10,23,32.0,18.0,30.0,0.7103046562499999,1.391304347826087,0.782608695652174,deduplicated
MSFT,2019-11,20,32.0,12.0,19.0,0.8071436562500001,1.6,0.6,deduplicated
MSFT,2019-12,21,25.0,14.0,18.0,0.70987996,1.1904761904761905,0.6666666666666666,deduplicated
MSFT,2020-01,21,38.0,15.0,36.0,0.7164023684210526,1.8095238095238095,0.7142857142857143,deduplicated
MSFT,2020-02,19,31.0,16.0,28.0,0.7203874516129033,1.631578947368421,0.8421052631578947,deduplicated
MSFT,2020-03,22,23.0,15.0,21.0,0.6957225217391304,1.0454545454545454,0.6818181818181818,deduplicated
MSFT,2020-04,21,18.0,12.0,18.0,0.6980690555555555,0.8571428571428571,0.5714285714285714,deduplicated
MSFT,2020-05,20,35.0,17.0,29.0,0.750533,1.75,0.85,deduplicated
MSFT,2020-06,22,29.0,17.0,26.0,0.6388426206896551,1.3181818181818181,0.7727272727272727,deduplicated
MSFT,2020-07,22,67.0,22.0,61.0,0.6723811791044777,3.0454545454545454,1.0,deduplicated
MSFT,2020-08,21,86.0,21.0,67.0,0.698031523255814,4.095238095238095,1.0,deduplicated
MSFT,2020-09,21,110.0,21.0,85.0,0.7030848727272727,5.238095238095238,1.0,deduplicated
MSFT,2020-10,22,104.0,22.0,80.0,0.7302649999999999,4.7272727272727275,1.0,deduplicated
MSFT,2020-11,20,89.0,20.0,68.0,0.7128454494382023,4.45,1.0,deduplicated
MSFT,2020-12,22,97.0,22.0,67.0,0.7173351340206185,4.409090909090909,1.0,deduplicated
MSFT,2021-01,19,83.0,19.0,62.0,0.7089517228915663,4.368421052631579,1.0,deduplicated
MSFT,2021-02,19,95.0,19.0,73.0,0.7253275263157895,5.0,1.0,deduplicated
MSFT,2021-03,23,109.0,22.0,85.0,0.6955015504587156,4.739130434782608,0.9565217391304348,deduplicated
MSFT,2021-04,21,96.0,21.0,72.0,0.6850588958333333,4.571428571428571,1.0,deduplicated
MSFT,2021-05,20,90.0,19.0,69.0,0.7236403777777778,4.5,0.95,deduplicated
MSFT,2021-06,22,125.0,22.0,89.0,0.6888578559999999,5.681818181818182,1.0,deduplicated
MSFT,2021-07,21,102.0,21.0,80.0,0.7047962941176471,4.857142857142857,1.0,deduplicated
MSFT,2021-08,22,104.0,21.0,69.0,0.6992345673076923,4.7272727272727275,0.9545454545454546,deduplicated
MSFT,2021-09,21,112.0,21.0,85.0,0.6940976875,5.333333333333333,1.0,deduplicated
MSFT,2021-10,21,107.0,21.0,73.0,0.7071647289719626,5.095238095238095,1.0,deduplicated
MSFT,2021-11,21,105.0,21.0,92.0,0.7154689238095238,5.0,1.0,deduplicated
MSFT,2021-12,22,112.0,22.0,82.0,0.7132547053571429,5.090909090909091,1.0,deduplicated
MSFT,2022-01,20,83.0,19.0,67.0,0.7113649156626506,4.15,0.95,deduplicated
MSFT,2022-02,19,102.0,19.0,82.0,0.6970482843137255,5.368421052631579,1.0,deduplicated
MSFT,2022-03,23,124.0,22.0,93.0,0.7179295725806452,5.391304347826087,0.9565217391304348,deduplicated
MSFT,2022-04,20,109.0,20.0,85.0,0.6972833394495412,5.45,1.0,deduplicated
MSFT,2022-05,21,119.0,21.0,87.0,0.6696397983193277,5.666666666666667,1.0,deduplicated
MSFT,2022-06,21,102.0,21.0,78.0,0.7197371568627451,4.857142857142857,1.0,deduplicated
MSFT,2022-07,20,91.0,20.0,76.0,0.7128402087912088,4.55,1.0,deduplicated
MSFT,2022-08,23,116.0,23.0,99.0,0.6900605948275862,5.043478260869565,1.0,deduplicated
MSFT,2022-09,21,108.0,21.0,82.0,0.6971378888888888,5.142857142857143,1.0,deduplicated
MSFT,2022-10,21,123.0,21.0,100.0,0.7137553658536585,5.857142857142857,1.0,deduplicated
MSFT,2022-11,21,118.0,21.0,88.0,0.6965868559322034,5.619047619047619,1.0,deduplicated
MSFT,2022-12,21,121.0,20.0,85.0,0.7111781239669421,5.761904761904762,0.9523809523809523,deduplicated
MSFT,2023-01,20,117.0,19.0,88.0,0.6662544529914529,5.85,0.95,deduplicated
MSFT,2023-02,19,131.0,19.0,93.0,0.6893325572519085,6.894736842105263,1.0,deduplicated
MSFT,2023-03,23,99.0,21.0,73.0,0.7060910606060605,4.304347826086956,0.9130434782608695,deduplicated
MSFT,2023-04,19,50.0,17.0,39.0,0.70356292,2.6315789473684212,0.8947368421052632,deduplicated
MSFT,2023-05,22,63.0,19.0,49.0,0.6850464126984127,2.8636363636363638,0.8636363636363636,deduplicated
MSFT,2023-06,21,96.0,20.0,48.0,0.6776699895833334,4.571428571428571,0.9523809523809523,deduplicated
MSFT,2023-07,20,72.0,18.0,59.0,0.6962999583333334,3.6,0.9,deduplicated
MSFT,2023-08,23,74.0,22.0,65.0,0.6718515405405405,3.217391304347826,0.9565217391304348,deduplicated
MSFT,2023-09,20,88.0,20.0,71.0,0.6761338977272727,4.4,1.0,deduplicated
MSFT,2023-10,22,71.0,21.0,61.0,0.6886939718309859,3.227272727272727,0.9545454545454546,deduplicated
MSFT,2023-11,21,77.0,21.0,61.0,0.6938141168831169,3.6666666666666665,1.0,deduplicated
MSFT,2023-12,20,50.0,19.0,43.0,0.70258178,2.5,0.95,deduplicated
MSFT,2024-01,21,81.0,21.0,69.0,0.6960505925925925,3.857142857142857,1.0,deduplicated
MSFT,2024-02,20,95.0,20.0,70.0,0.6710462105263157,4.75,1.0,deduplicated
MSFT,2024-03,20,81.0,20.0,63.0,0.7070755308641975,4.05,1.0,deduplicated
MSFT,2024-04,22,90.0,22.0,69.0,0.7448204555555555,4.090909090909091,1.0,deduplicated
MSFT,2024-05,22,97.0,22.0,71.0,0.7169475360824742,4.409090909090909,1.0,deduplicated
MSFT,2024-06,19,96.0,18.0,68.0,0.7202549375,5.052631578947368,0.9473684210526315,deduplicated
MSFT,2024-07,22,105.0,22.0,78.0,0.6887385238095237,4.7727272727272725,1.0,deduplicated
MSFT,2024-08,22,97.0,21.0,72.0,0.6722610103092783,4.409090909090909,0.9545454545454546,deduplicated
MSFT,2024-09,20,129.0,20.0,89.0,0.6858771472868217,6.45,1.0,deduplicated
MSFT,2024-10,23,139.0,23.0,87.0,0.6704658417266187,6.043478260869565,1.0,deduplicated
MSFT,2024-11,20,149.0,20.0,98.0,0.6895600469798657,7.45,1.0,deduplicated
MSFT,2024-12,21,106.0,21.0,71.0,0.6898788018867924,5.0476190476190474,1.0,deduplicated
MSFT,2025-01,20,89.0,20.0,73.0,0.67668702247191,4.45,1.0,deduplicated
MSFT,2025-02,19,128.0,19.0,98.0,0.6719846796875,6.7368421052631575,1.0,deduplicated
MSFT,2025-03,21,159.0,21.0,99.0,0.6970930628930817,7.571428571428571,1.0,deduplicated
MSFT,2025-04,21,163.0,21.0,97.0,0.6964412760736196,7.761904761904762,1.0,deduplicated
MSFT,2025-05,21,171.0,21.0,119.0,0.6669123333333333,8.142857142857142,1.0,deduplicated
MSFT,2025-06,20,185.0,20.0,114.0,0.692046318918919,9.25,1.0,deduplicated
MSFT,2025-07,22,201.0,22.0,112.0,0.6882666119402985,9.136363636363637,1.0,deduplicated
MSFT,2025-08,21,213.0,21.0,128.0,0.6580094600938967,10.142857142857142,1.0,deduplicated
MSFT,2025-09,21,247.0,21.0,158.0,0.6657270890688259,11.761904761904763,1.0,deduplicated
MSFT,2025-10,23,3753.0,23.0,1016.0,0.6486764297895018,163.17391304347825,1.0,deduplicated
MSFT,2025-11,19,943.0,19.0,263.0,0.6850197104984093,49.63157894736842,1.0,deduplicated
MSFT,2025-12,20,1581.0,20.0,305.0,0.6791276166982921,79.05,1.0,deduplicated
NVDA,2015-01,20,8.0,6.0,4.0,0.8327530000000001,0.4,0.3,deduplicated
NVDA,2015-02,19,4.0,4.0,3.0,0.930829,0.21052631578947367,0.21052631578947367,deduplicated
NVDA,2015-03,22,8.0,7.0,6.0,0.882503875,0.36363636363636365,0.3181818181818182,deduplicated
NVDA,2015-04,21,2.0,2.0,2.0,1.0,0.09523809523809523,0.09523809523809523,deduplicated
NVDA,2015-05,20,2.0,2.0,2.0,1.0,0.1,0.1,deduplicated
NVDA,2015-06,22,5.0,5.0,3.0,0.6787402,0.22727272727272727,0.22727272727272727,deduplicated
NVDA,2015-07,22,7.0,7.0,4.0,0.8218034285714285,0.3181818181818182,0.3181818181818182,deduplicated
NVDA,2015-08,21,7.0,6.0,4.0,0.9197787142857142,0.3333333333333333,0.2857142857142857,deduplicated
NVDA,2015-09,21,9.0,7.0,3.0,0.8480292222222222,0.42857142857142855,0.3333333333333333,deduplicated
NVDA,2015-10,22,5.0,4.0,5.0,0.8643616,0.22727272727272727,0.18181818181818182,deduplicated
NVDA,2015-11,20,1.0,1.0,1.0,0.598091,0.05,0.05,deduplicated
NVDA,2015-12,22,1.0,1.0,1.0,0.323207,0.045454545454545456,0.045454545454545456,deduplicated
NVDA,2016-01,19,6.0,5.0,4.0,0.8643493333333333,0.3157894736842105,0.2631578947368421,deduplicated
NVDA,2016-02,20,3.0,3.0,3.0,0.9662896666666666,0.15,0.15,deduplicated
NVDA,2016-03,22,2.0,2.0,2.0,0.92448,0.09090909090909091,0.09090909090909091,deduplicated
NVDA,2016-04,21,3.0,2.0,3.0,0.8275543333333334,0.14285714285714285,0.09523809523809523,deduplicated
NVDA,2016-05,21,6.0,5.0,5.0,0.9062225,0.2857142857142857,0.23809523809523808,deduplicated
NVDA,2016-06,22,2.0,2.0,2.0,0.6559505,0.09090909090909091,0.09090909090909091,deduplicated
NVDA,2016-07,20,4.0,4.0,4.0,0.88490775,0.2,0.2,deduplicated
NVDA,2016-08,23,12.0,8.0,8.0,0.7540119166666667,0.5217391304347826,0.34782608695652173,deduplicated
NVDA,2016-09,21,3.0,3.0,3.0,0.761993,0.14285714285714285,0.14285714285714285,deduplicated
NVDA,2016-10,21,1.0,1.0,1.0,1.0,0.047619047619047616,0.047619047619047616,deduplicated
NVDA,2016-11,21,4.0,4.0,4.0,0.80071875,0.19047619047619047,0.19047619047619047,deduplicated
NVDA,2016-12,21,3.0,3.0,3.0,0.5025116666666667,0.14285714285714285,0.14285714285714285,deduplicated
NVDA,2017-01,20,25.0,12.0,10.0,0.66872148,1.25,0.6,deduplicated
NVDA,2017-02,19,11.0,7.0,6.0,0.7860373636363637,0.5789473684210527,0.3684210526315789,deduplicated
NVDA,2017-03,23,6.0,5.0,6.0,0.7795183333333333,0.2608695652173913,0.21739130434782608,deduplicated
NVDA,2017-04,19,2.0,2.0,2.0,0.735707,0.10526315789473684,0.10526315789473684,deduplicated
NVDA,2017-05,22,13.0,8.0,9.0,0.8850403846153847,0.5909090909090909,0.36363636363636365,deduplicated
NVDA,2017-06,22,6.0,5.0,6.0,0.7940904999999999,0.2727272727272727,0.22727272727272727,deduplicated
NVDA,2017-07,20,4.0,4.0,3.0,0.6315682499999999,0.2,0.2,deduplicated
NVDA,2017-08,23,10.0,8.0,10.0,0.7648229000000001,0.43478260869565216,0.34782608695652173,deduplicated
NVDA,2017-09,20,6.0,5.0,6.0,0.7721345,0.3,0.25,deduplicated
NVDA,2017-10,22,12.0,8.0,9.0,0.7578854166666668,0.5454545454545454,0.36363636363636365,deduplicated
NVDA,2017-11,21,12.0,9.0,10.0,0.8793199166666666,0.5714285714285714,0.42857142857142855,deduplicated
NVDA,2017-12,20,35.0,7.0,4.0,0.6865195999999999,1.75,0.35,deduplicated
NVDA,2018-01,21,5.0,5.0,5.0,0.7605416,0.23809523809523808,0.23809523809523808,deduplicated
NVDA,2018-02,19,7.0,6.0,7.0,0.6355191428571428,0.3684210526315789,0.3157894736842105,deduplicated
NVDA,2018-03,21,6.0,5.0,6.0,0.773742,0.2857142857142857,0.23809523809523808,deduplicated
NVDA,2018-04,21,17.0,8.0,8.0,0.7365765294117647,0.8095238095238095,0.38095238095238093,deduplicated
NVDA,2018-05,22,8.0,7.0,8.0,0.7563575,0.36363636363636365,0.3181818181818182,deduplicated
NVDA,2018-06,21,10.0,7.0,8.0,0.6725384,0.47619047619047616,0.3333333333333333,deduplicated
NVDA,2018-07,21,5.0,5.0,4.0,0.6278444000000001,0.23809523809523808,0.23809523809523808,deduplicated
NVDA,2018-08,23,6.0,5.0,5.0,0.7616301666666666,0.2608695652173913,0.21739130434782608,deduplicated
NVDA,2018-09,19,4.0,4.0,4.0,0.80115475,0.21052631578947367,0.21052631578947367,deduplicated
NVDA,2018-10,23,30.0,8.0,9.0,0.711083,1.3043478260869565,0.34782608695652173,deduplicated
NVDA,2018-11,21,8.0,8.0,8.0,0.812021,0.38095238095238093,0.38095238095238093,deduplicated
NVDA,2018-12,19,3.0,3.0,3.0,0.6451943333333333,0.15789473684210525,0.15789473684210525,deduplicated
NVDA,2019-01,21,10.0,8.0,8.0,0.6666272999999999,0.47619047619047616,0.38095238095238093,deduplicated
NVDA,2019-02,19,6.0,5.0,6.0,0.7349899999999999,0.3157894736842105,0.2631578947368421,deduplicated
NVDA,2019-03,21,16.0,8.0,14.0,0.9329885,0.7619047619047619,0.38095238095238093,deduplicated
NVDA,2019-04,21,9.0,9.0,9.0,0.7540695555555555,0.42857142857142855,0.42857142857142855,deduplicated
NVDA,2019-05,22,8.0,6.0,7.0,0.746794,0.36363636363636365,0.2727272727272727,deduplicated
NVDA,2019-06,20,6.0,6.0,5.0,0.729763,0.3,0.3,deduplicated
NVDA,2019-07,22,3.0,3.0,3.0,0.8499866666666667,0.13636363636363635,0.13636363636363635,deduplicated
NVDA,2019-08,22,6.0,6.0,6.0,0.8282608333333333,0.2727272727272727,0.2727272727272727,deduplicated
NVDA,2019-09,20,9.0,7.0,9.0,0.7458588888888888,0.45,0.35,deduplicated
NVDA,2019-10,23,6.0,6.0,4.0,0.8822078333333333,0.2608695652173913,0.2608695652173913,deduplicated
NVDA,2019-11,20,7.0,5.0,7.0,0.734499857142857,0.35,0.25,deduplicated
NVDA,2019-12,21,10.0,8.0,10.0,0.7230905,0.47619047619047616,0.38095238095238093,deduplicated
NVDA,2020-01,21,9.0,6.0,8.0,0.7442036666666667,0.42857142857142855,0.2857142857142857,deduplicated
NVDA,2020-02,19,11.0,7.0,10.0,0.6822538181818182,0.5789473684210527,0.3684210526315789,deduplicated
NVDA,2020-03,22,12.0,11.0,12.0,0.75261575,0.5454545454545454,0.5,deduplicated
NVDA,2020-04,21,7.0,5.0,6.0,0.7745634285714286,0.3333333333333333,0.23809523809523808,deduplicated
NVDA,2020-05,20,15.0,10.0,13.0,0.8480937333333334,0.75,0.5,deduplicated
NVDA,2020-06,22,8.0,6.0,7.0,0.8224855,0.36363636363636365,0.2727272727272727,deduplicated
NVDA,2020-07,22,19.0,11.0,16.0,0.79818,0.8636363636363636,0.5,deduplicated
NVDA,2020-08,21,24.0,12.0,19.0,0.8346054583333333,1.1428571428571428,0.5714285714285714,deduplicated
NVDA,2020-09,21,43.0,14.0,33.0,0.9034823488372093,2.0476190476190474,0.6666666666666666,deduplicated
NVDA,2020-10,22,36.0,15.0,27.0,0.8413411666666666,1.6363636363636365,0.6818181818181818,deduplicated
NVDA,2020-11,20,37.0,12.0,26.0,0.798980972972973,1.85,0.6,deduplicated
NVDA,2020-12,22,24.0,17.0,20.0,0.8198800416666666,1.0909090909090908,0.7727272727272727,deduplicated
NVDA,2021-01,19,28.0,13.0,23.0,0.740666,1.4736842105263157,0.6842105263157895,deduplicated
NVDA,2021-02,19,25.0,12.0,23.0,0.74075676,1.3157894736842106,0.631578947368421,deduplicated
NVDA,2021-03,23,39.0,20.0,29.0,0.7762616923076923,1.6956521739130435,0.8695652173913043,deduplicated
NVDA,2021-04,21,38.0,12.0,20.0,0.7914838157894737,1.8095238095238095,0.5714285714285714,deduplicated
NVDA,2021-05,20,27.0,13.0,22.0,0.7720431851851851,1.35,0.65,deduplicated
NVDA,2021-06,22,54.0,18.0,32.0,0.7918936851851852,2.4545454545454546,0.8181818181818182,deduplicated
NVDA,2021-07,21,35.0,18.0,25.0,0.7463754,1.6666666666666667,0.8571428571428571,deduplicated
NVDA,2021-08,22,41.0,20.0,28.0,0.8138791707317072,1.8636363636363635,0.9090909090909091,deduplicated
NVDA,2021-09,21,27.0,14.0,21.0,0.7583327037037036,1.2857142857142858,0.6666666666666666,deduplicated
NVDA,2021-10,21,30.0,18.0,25.0,0.7533591000000001,1.4285714285714286,0.8571428571428571,deduplicated
NVDA,2021-11,21,54.0,16.0,38.0,0.7767426481481481,2.5714285714285716,0.7619047619047619,deduplicated
NVDA,2021-12,22,39.0,17.0,29.0,0.7659323076923077,1.7727272727272727,0.7727272727272727,deduplicated
NVDA,2022-01,20,47.0,17.0,38.0,0.7633676595744681,2.35,0.85,deduplicated
NVDA,2022-02,19,48.0,18.0,38.0,0.7362537291666666,2.526315789473684,0.9473684210526315,deduplicated
NVDA,2022-03,23,52.0,20.0,34.0,0.7859204423076923,2.260869565217391,0.8695652173913043,deduplicated
NVDA,2022-04,20,30.0,16.0,26.0,0.7539383333333334,1.5,0.8,deduplicated
NVDA,2022-05,21,49.0,20.0,39.0,0.753722918367347,2.3333333333333335,0.9523809523809523,deduplicated
NVDA,2022-06,21,39.0,17.0,28.0,0.7521515128205127,1.8571428571428572,0.8095238095238095,deduplicated
NVDA,2022-07,20,46.0,14.0,36.0,0.7576038695652174,2.3,0.7,deduplicated
NVDA,2022-08,23,42.0,17.0,27.0,0.6879138095238095,1.826086956521739,0.7391304347826086,deduplicated
NVDA,2022-09,21,61.0,19.0,42.0,0.7947624426229508,2.9047619047619047,0.9047619047619048,deduplicated
NVDA,2022-10,21,59.0,18.0,40.0,0.7386439661016949,2.8095238095238093,0.8571428571428571,deduplicated
NVDA,2022-11,21,53.0,19.0,36.0,0.7362118301886793,2.5238095238095237,0.9047619047619048,deduplicated
NVDA,2022-12,21,37.0,17.0,28.0,0.72606,1.7619047619047619,0.8095238095238095,deduplicated
NVDA,2023-01,20,40.0,16.0,30.0,0.746505325,2.0,0.8,deduplicated
NVDA,2023-02,19,52.0,14.0,24.0,0.7764264038461538,2.736842105263158,0.7368421052631579,deduplicated
NVDA,2023-03,23,47.0,19.0,30.0,0.742103744680851,2.0434782608695654,0.8260869565217391,deduplicated
NVDA,2023-04,19,52.0,13.0,25.0,0.727219,2.736842105263158,0.6842105263157895,deduplicated
NVDA,2023-05,22,57.0,19.0,38.0,0.7515328421052632,2.590909090909091,0.8636363636363636,deduplicated
NVDA,2023-06,21,81.0,21.0,28.0,0.7677784567901235,3.857142857142857,1.0,deduplicated
NVDA,2023-07,20,40.0,19.0,30.0,0.742455725,2.0,0.95,deduplicated
NVDA,2023-08,23,52.0,22.0,40.0,0.7238213269230769,2.260869565217391,0.9565217391304348,deduplicated
NVDA,2023-09,20,34.0,14.0,25.0,0.7464911470588236,1.7,0.7,deduplicated
NVDA,2023-10,22,38.0,16.0,31.0,0.7454973157894736,1.7272727272727273,0.7272727272727273,deduplicated
NVDA,2023-11,21,51.0,18.0,37.0,0.7432648627450981,2.4285714285714284,0.8571428571428571,deduplicated
NVDA,2023-12,20,43.0,18.0,33.0,0.7259744186046512,2.15,0.9,deduplicated
NVDA,2024-01,21,55.0,20.0,42.0,0.7525489454545454,2.619047619047619,0.9523809523809523,deduplicated
NVDA,2024-02,20,68.0,20.0,51.0,0.8046478088235294,3.4,1.0,deduplicated
NVDA,2024-03,20,92.0,18.0,61.0,0.755052554347826,4.6,0.9,deduplicated
NVDA,2024-04,22,84.0,21.0,54.0,0.7479792976190476,3.8181818181818183,0.9545454545454546,deduplicated
NVDA,2024-05,22,83.0,22.0,55.0,0.7602453734939759,3.772727272727273,1.0,deduplicated
NVDA,2024-06,19,101.0,19.0,68.0,0.7899136237623763,5.315789473684211,1.0,deduplicated
NVDA,2024-07,22,93.0,22.0,55.0,0.7438905591397849,4.2272727272727275,1.0,deduplicated
NVDA,2024-08,22,80.0,22.0,49.0,0.7303015125,3.6363636363636362,1.0,deduplicated
NVDA,2024-09,20,99.0,19.0,68.0,0.7471775252525252,4.95,0.95,deduplicated
NVDA,2024-10,23,122.0,23.0,63.0,0.7416669098360655,5.304347826086956,1.0,deduplicated
NVDA,2024-11,20,118.0,20.0,61.0,0.7571373474576272,5.9,1.0,deduplicated
NVDA,2024-12,21,123.0,21.0,68.0,0.7274106910569106,5.857142857142857,1.0,deduplicated
NVDA,2025-01,20,96.0,18.0,61.0,0.7574991562500001,4.8,0.9,deduplicated
NVDA,2025-02,19,126.0,19.0,73.0,0.719844,6.631578947368421,1.0,deduplicated
NVDA,2025-03,21,187.0,21.0,96.0,0.7632538074866311,8.904761904761905,1.0,deduplicated
NVDA,2025-04,21,136.0,21.0,71.0,0.7278773602941176,6.476190476190476,1.0,deduplicated
NVDA,2025-05,21,155.0,21.0,84.0,0.7431007677419356,7.380952380952381,1.0,deduplicated
NVDA,2025-06,20,190.0,19.0,101.0,0.7332123631578947,9.5,0.95,deduplicated
NVDA,2025-07,22,204.0,22.0,86.0,0.7324563676470588,9.272727272727273,1.0,deduplicated
NVDA,2025-08,21,222.0,21.0,101.0,0.7133357657657657,10.571428571428571,1.0,deduplicated
NVDA,2025-09,21,262.0,21.0,103.0,0.7127455801526718,12.476190476190476,1.0,deduplicated
NVDA,2025-10,23,3870.0,23.0,678.0,0.6699235136950904,168.2608695652174,1.0,deduplicated
NVDA,2025-11,19,1455.0,19.0,196.0,0.7188530144329897,76.57894736842105,1.0,deduplicated
NVDA,2025-12,20,2392.0,20.0,232.0,0.6851633102006689,119.6,1.0,deduplicated
TSLA,2015-01,20,3.0,2.0,3.0,0.869567,0.15,0.1,deduplicated
TSLA,2015-02,19,3.0,3.0,3.0,0.7766679999999999,0.15789473684210525,0.15789473684210525,deduplicated
TSLA,2015-03,22,9.0,5.0,8.0,0.9552843333333334,0.4090909090909091,0.22727272727272727,deduplicated
TSLA,2015-04,21,5.0,4.0,5.0,1.0,0.23809523809523808,0.19047619047619047,deduplicated
TSLA,2015-05,20,9.0,5.0,9.0,0.9032899999999999,0.45,0.25,deduplicated
TSLA,2015-06,22,7.0,7.0,5.0,0.8609808571428571,0.3181818181818182,0.3181818181818182,deduplicated
TSLA,2015-07,22,8.0,5.0,8.0,0.858858,0.36363636363636365,0.22727272727272727,deduplicated
TSLA,2015-08,21,6.0,6.0,5.0,0.972716,0.2857142857142857,0.2857142857142857,deduplicated
TSLA,2015-09,21,15.0,8.0,13.0,0.9765368666666667,0.7142857142857143,0.38095238095238093,deduplicated
TSLA,2015-10,22,11.0,10.0,9.0,0.9035746363636363,0.5,0.45454545454545453,deduplicated
TSLA,2015-11,20,8.0,8.0,8.0,0.950111,0.4,0.4,deduplicated
TSLA,2015-12,22,4.0,3.0,1.0,1.0,0.18181818181818182,0.13636363636363635,deduplicated
TSLA,2016-01,19,7.0,6.0,7.0,0.6676651428571428,0.3684210526315789,0.3157894736842105,deduplicated
TSLA,2016-02,20,6.0,6.0,6.0,0.6672410000000001,0.3,0.3,deduplicated
TSLA,2016-03,22,2.0,2.0,2.0,0.7963545000000001,0.09090909090909091,0.09090909090909091,deduplicated
TSLA,2016-04,21,4.0,3.0,4.0,0.7280875,0.19047619047619047,0.14285714285714285,deduplicated
TSLA,2016-05,21,3.0,3.0,3.0,0.7159233333333334,0.14285714285714285,0.14285714285714285,deduplicated
TSLA,2016-06,22,0.0,0.0,0.0,0.0,0.0,0.0,deduplicated
TSLA,2016-07,20,2.0,2.0,2.0,0.746294,0.1,0.1,deduplicated
TSLA,2016-08,23,5.0,5.0,3.0,0.610423,0.21739130434782608,0.21739130434782608,deduplicated
TSLA,2016-09,21,4.0,4.0,4.0,0.61017725,0.19047619047619047,0.19047619047619047,deduplicated
TSLA,2016-10,21,3.0,3.0,2.0,0.6214153333333333,0.14285714285714285,0.14285714285714285,deduplicated
TSLA,2016-11,21,3.0,3.0,3.0,0.7070366666666666,0.14285714285714285,0.14285714285714285,deduplicated
TSLA,2016-12,21,8.0,6.0,8.0,0.714814875,0.38095238095238093,0.2857142857142857,deduplicated
TSLA,2017-01,20,15.0,9.0,7.0,0.6729775333333333,0.75,0.45,deduplicated
TSLA,2017-02,19,11.0,7.0,9.0,0.7863726363636363,0.5789473684210527,0.3684210526315789,deduplicated
TSLA,2017-03,23,12.0,9.0,10.0,0.7259355,0.5217391304347826,0.391304347826087,deduplicated
TSLA,2017-04,19,6.0,6.0,6.0,0.8117260000000001,0.3157894736842105,0.3157894736842105,deduplicated
TSLA,2017-05,22,18.0,13.0,15.0,0.7465661666666666,0.8181818181818182,0.5909090909090909,deduplicated
TSLA,2017-06,22,14.0,11.0,13.0,0.8555207857142858,0.6363636363636364,0.5,deduplicated
TSLA,2017-07,20,13.0,10.0,10.0,0.796966923076923,0.65,0.5,deduplicated
TSLA,2017-08,23,15.0,9.0,13.0,0.8118046,0.6521739130434783,0.391304347826087,deduplicated
TSLA,2017-09,20,8.0,7.0,8.0,0.787842125,0.4,0.35,deduplicated
TSLA,2017-10,22,14.0,12.0,11.0,0.8669192857142857,0.6363636363636364,0.5454545454545454,deduplicated
TSLA,2017-11,21,23.0,14.0,18.0,0.8080734347826086,1.0952380952380953,0.6666666666666666,deduplicated
TSLA,2017-12,20,18.0,11.0,13.0,0.7943339444444445,0.9,0.55,deduplicated
TSLA,2018-01,21,6.0,6.0,6.0,0.6756808333333333,0.2857142857142857,0.2857142857142857,deduplicated
TSLA,2018-02,19,5.0,5.0,5.0,0.6170864,0.2631578947368421,0.2631578947368421,deduplicated
TSLA,2018-03,21,10.0,9.0,8.0,0.7123381,0.47619047619047616,0.42857142857142855,deduplicated
TSLA,2018-04,21,9.0,7.0,8.0,0.7449145555555555,0.42857142857142855,0.3333333333333333,deduplicated
TSLA,2018-05,22,7.0,7.0,6.0,0.6874365714285714,0.3181818181818182,0.3181818181818182,deduplicated
TSLA,2018-06,21,4.0,3.0,4.0,0.7413975,0.19047619047619047,0.14285714285714285,deduplicated
TSLA,2018-07,21,13.0,7.0,11.0,0.9303751538461539,0.6190476190476191,0.3333333333333333,deduplicated
TSLA,2018-08,23,18.0,13.0,12.0,0.8129668888888889,0.782608695652174,0.5652173913043478,deduplicated
TSLA,2018-09,19,25.0,13.0,21.0,0.76625016,1.3157894736842106,0.6842105263157895,deduplicated
TSLA,2018-10,23,22.0,11.0,15.0,0.8387317272727273,0.9565217391304348,0.4782608695652174,deduplicated
TSLA,2018-11,21,11.0,9.0,8.0,0.8845835454545454,0.5238095238095238,0.42857142857142855,deduplicated
TSLA,2018-12,19,9.0,6.0,9.0,0.8440605555555556,0.47368421052631576,0.3157894736842105,deduplicated
TSLA,2019-01,21,6.0,4.0,6.0,0.6924323333333334,0.2857142857142857,0.19047619047619047,deduplicated
TSLA,2019-02,19,9.0,9.0,9.0,0.7553259999999999,0.47368421052631576,0.47368421052631576,deduplicated
TSLA,2019-03,21,11.0,8.0,8.0,0.9214960909090909,0.5238095238095238,0.38095238095238093,deduplicated
TSLA,2019-04,21,13.0,8.0,12.0,0.8038543076923077,0.6190476190476191,0.38095238095238093,deduplicated
TSLA,2019-05,22,19.0,14.0,14.0,0.877964,0.8636363636363636,0.6363636363636364,deduplicated
TSLA,2019-06,20,6.0,5.0,6.0,0.8700593333333333,0.3,0.25,deduplicated
TSLA,2019-07,22,11.0,10.0,10.0,0.8353390909090909,0.5,0.45454545454545453,deduplicated
TSLA,2019-08,22,14.0,11.0,10.0,0.8717944285714285,0.6363636363636364,0.5,deduplicated
TSLA,2019-09,20,8.0,5.0,8.0,0.811587625,0.4,0.25,deduplicated
TSLA,2019-10,23,15.0,11.0,14.0,0.891163,0.6521739130434783,0.4782608695652174,deduplicated
TSLA,2019-11,20,13.0,9.0,11.0,0.6838118461538462,0.65,0.45,deduplicated
TSLA,2019-12,21,15.0,7.0,15.0,0.8972815333333333,0.7142857142857143,0.3333333333333333,deduplicated
TSLA,2020-01,21,23.0,13.0,18.0,0.9126244347826088,1.0952380952380953,0.6190476190476191,deduplicated
TSLA,2020-02,19,10.0,8.0,10.0,0.8633684,0.5263157894736842,0.42105263157894735,deduplicated
TSLA,2020-03,22,7.0,7.0,7.0,0.7691144285714285,0.3181818181818182,0.3181818181818182,deduplicated
TSLA,2020-04,21,11.0,7.0,11.0,0.7218495454545454,0.5238095238095238,0.3333333333333333,deduplicated
TSLA,2020-05,20,6.0,5.0,6.0,0.7160160000000001,0.3,0.25,deduplicated
TSLA,2020-06,22,19.0,12.0,18.0,0.6710666315789474,0.8636363636363636,0.5454545454545454,deduplicated
TSLA,2020-07,22,34.0,18.0,30.0,0.7522914411764705,1.5454545454545454,0.8181818181818182,deduplicated
TSLA,2020-08,21,55.0,19.0,37.0,0.7426221636363637,2.619047619047619,0.9047619047619048,deduplicated
TSLA,2020-09,21,40.0,19.0,36.0,0.7283843,1.9047619047619047,0.9047619047619048,deduplicated
TSLA,2020-10,22,41.0,20.0,28.0,0.7677815121951219,1.8636363636363635,0.9090909090909091,deduplicated
TSLA,2020-11,20,48.0,17.0,30.0,0.7686899583333333,2.4,0.85,deduplicated
TSLA,2020-12,22,61.0,18.0,43.0,0.7656384754098361,2.772727272727273,0.8181818181818182,deduplicated
TSLA,2021-01,19,64.0,18.0,49.0,0.737352578125,3.3684210526315788,0.9473684210526315,deduplicated
TSLA,2021-02,19,62.0,19.0,44.0,0.7393749838709677,3.263157894736842,1.0,deduplicated
TSLA,2021-03,23,61.0,21.0,42.0,0.7632858032786886,2.652173913043478,0.9130434782608695,deduplicated
TSLA,2021-04,21,62.0,20.0,41.0,0.721666435483871,2.9523809523809526,0.9523809523809523,deduplicated
TSLA,2021-05,20,59.0,20.0,40.0,0.7266990508474577,2.95,1.0,deduplicated
TSLA,2021-06,22,66.0,21.0,48.0,0.7489594090909091,3.0,0.9545454545454546,deduplicated
TSLA,2021-07,21,54.0,18.0,46.0,0.7269155925925926,2.5714285714285716,0.8571428571428571,deduplicated
TSLA,2021-08,22,56.0,18.0,47.0,0.7597135178571428,2.5454545454545454,0.8181818181818182,deduplicated
TSLA,2021-09,21,37.0,17.0,27.0,0.7748673243243243,1.7619047619047619,0.8095238095238095,deduplicated
TSLA,2021-10,21,70.0,20.0,43.0,0.7667328428571428,3.3333333333333335,0.9523809523809523,deduplicated
TSLA,2021-11,21,76.0,20.0,47.0,0.7686219605263158,3.619047619047619,0.9523809523809523,deduplicated
TSLA,2021-12,22,69.0,22.0,42.0,0.7423542463768116,3.1363636363636362,1.0,deduplicated
TSLA,2022-01,20,61.0,19.0,47.0,0.7240527704918033,3.05,0.95,deduplicated
TSLA,2022-02,19,47.0,18.0,33.0,0.7996125319148937,2.473684210526316,0.9473684210526315,deduplicated
TSLA,2022-03,23,54.0,20.0,39.0,0.7151232592592592,2.347826086956522,0.8695652173913043,deduplicated
TSLA,2022-04,20,77.0,19.0,54.0,0.7403647272727272,3.85,0.95,deduplicated
TSLA,2022-05,21,69.0,21.0,51.0,0.7927416086956521,3.2857142857142856,1.0,deduplicated
TSLA,2022-06,21,76.0,19.0,55.0,0.7326305657894737,3.619047619047619,0.9047619047619048,deduplicated
TSLA,2022-07,20,68.0,20.0,50.0,0.7455006176470589,3.4,1.0,deduplicated
TSLA,2022-08,23,74.0,22.0,56.0,0.7096552567567567,3.217391304347826,0.9565217391304348,deduplicated
TSLA,2022-09,21,58.0,17.0,44.0,0.706237,2.761904761904762,0.8095238095238095,deduplicated
TSLA,2022-10,21,71.0,20.0,50.0,0.7842839154929578,3.380952380952381,0.9523809523809523,deduplicated
TSLA,2022-11,21,64.0,21.0,44.0,0.73966690625,3.0476190476190474,1.0,deduplicated
TSLA,2022-12,21,75.0,21.0,54.0,0.7775783199999999,3.5714285714285716,1.0,deduplicated
TSLA,2023-01,20,57.0,20.0,47.0,0.762024701754386,2.85,1.0,deduplicated
TSLA,2023-02,19,60.0,18.0,44.0,0.76371265,3.1578947368421053,0.9473684210526315,deduplicated
TSLA,2023-03,23,54.0,21.0,31.0,0.7842477592592593,2.347826086956522,0.9130434782608695,deduplicated
TSLA,2023-04,19,31.0,16.0,23.0,0.7508436451612903,1.631578947368421,0.8421052631578947,deduplicated
TSLA,2023-05,22,31.0,15.0,21.0,0.6895565161290322,1.4090909090909092,0.6818181818181818,deduplicated
TSLA,2023-06,21,43.0,18.0,32.0,0.7729013488372093,2.0476190476190474,0.8571428571428571,deduplicated
TSLA,2023-07,20,26.0,15.0,20.0,0.7309254230769231,1.3,0.75,deduplicated
TSLA,2023-08,23,34.0,17.0,29.0,0.7762152941176471,1.4782608695652173,0.7391304347826086,deduplicated
TSLA,2023-09,20,24.0,14.0,19.0,0.746802375,1.2,0.7,deduplicated
TSLA,2023-10,22,44.0,18.0,33.0,0.8051068409090909,2.0,0.8181818181818182,deduplicated
TSLA,2023-11,21,23.0,14.0,19.0,0.6995089565217392,1.0952380952380953,0.6666666666666666,deduplicated
TSLA,2023-12,20,29.0,13.0,22.0,0.7571902068965517,1.45,0.65,deduplicated
TSLA,2024-01,21,35.0,20.0,26.0,0.7355628,1.6666666666666667,0.9523809523809523,deduplicated
TSLA,2024-02,20,45.0,16.0,32.0,0.7106401777777778,2.25,0.8,deduplicated
TSLA,2024-03,20,28.0,16.0,24.0,0.7449323214285714,1.4,0.8,deduplicated
TSLA,2024-04,22,44.0,18.0,34.0,0.7254942727272727,2.0,0.8181818181818182,deduplicated
TSLA,2024-05,22,44.0,19.0,39.0,0.7325648636363638,2.0,0.8636363636363636,deduplicated
TSLA,2024-06,19,35.0,16.0,31.0,0.7388439428571428,1.8421052631578947,0.8421052631578947,deduplicated
TSLA,2024-07,22,55.0,21.0,40.0,0.7246616545454546,2.5,0.9545454545454546,deduplicated
TSLA,2024-08,22,36.0,20.0,33.0,0.7530590277777778,1.6363636363636365,0.9090909090909091,deduplicated
TSLA,2024-09,20,32.0,17.0,29.0,0.71746634375,1.6,0.85,deduplicated
TSLA,2024-10,23,52.0,20.0,42.0,0.6729865961538462,2.260869565217391,0.8695652173913043,deduplicated
TSLA,2024-11,20,49.0,18.0,34.0,0.7131292244897959,2.45,0.9,deduplicated
TSLA,2024-12,21,66.0,21.0,51.0,0.7209549393939394,3.142857142857143,1.0,deduplicated
TSLA,2025-01,20,43.0,14.0,34.0,0.7526766511627907,2.15,0.7,deduplicated
TSLA,2025-02,19,70.0,17.0,54.0,0.7517109714285715,3.6842105263157894,0.8947368421052632,deduplicated
TSLA,2025-03,21,96.0,21.0,70.0,0.7295886770833334,4.571428571428571,1.0,deduplicated
TSLA,2025-04,21,66.0,18.0,45.0,0.7301631818181819,3.142857142857143,0.8571428571428571,deduplicated
TSLA,2025-05,21,61.0,20.0,48.0,0.7016769344262295,2.9047619047619047,0.9523809523809523,deduplicated
TSLA,2025-06,20,98.0,20.0,72.0,0.7273822142857143,4.9,1.0,deduplicated
TSLA,2025-07,22,86.0,22.0,62.0,0.7252211279069768,3.909090909090909,1.0,deduplicated
TSLA,2025-08,21,76.0,21.0,48.0,0.7397478684210527,3.619047619047619,1.0,deduplicated
TSLA,2025-09,21,91.0,21.0,66.0,0.7242552527472528,4.333333333333333,1.0,deduplicated
TSLA,2025-10,23,1211.0,23.0,336.0,0.7122759388934764,52.65217391304348,1.0,deduplicated
TSLA,2025-11,19,547.0,19.0,127.0,0.7466273839122486,28.789473684210527,1.0,deduplicated
TSLA,2025-12,20,795.0,20.0,160.0,0.7352377911949686,39.75,1.0,deduplicated
