approach,reference,dataset_type,model_name,ticker,roc_auc,reference_auc,auc_low,auc_high,auc_delta,delta_low,delta_high,block_sessions,replicates
raw_ticker,joint,base,hist_gradient_boosting,AAPL,0.4659732109898223,0.46189948847756157,0.4177811926557935,0.5198932779982565,0.004073722512260736,-0.013155787624201916,0.021474899330720703,20,1000
raw_ticker,joint,base,hist_gradient_boosting,MSFT,0.4909506446839992,0.4891209575142676,0.44338811616520246,0.5455361754319283,0.0018296871697315864,-0.013317309739350962,0.019757732643037238,20,1000
raw_ticker,joint,base,hist_gradient_boosting,NVDA,0.4768349714648066,0.4741928239272881,0.4333135680227958,0.5250325517935084,0.0026421475375184578,-0.0263913093256861,0.032124979470086544,20,1000
raw_ticker,joint,base,hist_gradient_boosting,TSLA,0.5331435675958645,0.5133097762073027,0.4859395926123896,0.5744317590455262,0.019833791388561783,0.004516077478422168,0.035341925368582154,20,1000
raw_ticker,joint,base,hist_gradient_boosting,macro,0.49172559868362314,0.484630761531605,0.4671711558711897,0.5201932991404487,0.007094837152018141,-0.0032149753120005037,0.017644751284751962,20,1000
raw_ticker,joint,base,lightgbm,AAPL,0.4886884986552761,0.47458208089437326,0.4385449649535872,0.5425636933412576,0.014106417760902823,-0.02061812283270922,0.04657658242039451,20,1000
raw_ticker,joint,base,lightgbm,MSFT,0.48868500317057706,0.4775285351934052,0.4378959782273943,0.538310872546221,0.011156467977171847,-0.006664398231730324,0.030529180001714784,20,1000
raw_ticker,joint,base,lightgbm,NVDA,0.4737370534770662,0.49208676812513213,0.4244124866516374,0.5271471517837502,-0.01834971464806595,-0.05536893542844661,0.016877814371690465,20,1000
raw_ticker,joint,base,lightgbm,TSLA,0.5226933647428347,0.5154757230728962,0.4739619196343542,0.5646794430097981,0.007217641669938435,-0.01791163052665871,0.028549915744391165,20,1000
raw_ticker,joint,base,lightgbm,macro,0.4934509800114385,0.4899182768214517,0.46833330646512633,0.5178822224907715,0.0035327031899867745,-0.01196937284500351,0.016833310287944707,20,1000
raw_ticker,joint,base,logistic_regression,AAPL,0.4510889627168697,0.44945420028476507,0.40135146013437567,0.5111748788900936,0.0016347624321046417,-0.013433486890475832,0.019478826391274007,20,1000
raw_ticker,joint,base,logistic_regression,MSFT,0.5001453181145635,0.5219562460367787,0.44956878198783423,0.5484264196318128,-0.021810927922215173,-0.04270473700467273,-0.000194326444460587,20,1000
raw_ticker,joint,base,logistic_regression,NVDA,0.5144525470302261,0.5180326569435637,0.4742326386605095,0.5665478344922624,-0.0035801099133375702,-0.018735768046949968,0.011066033176245153,20,1000
raw_ticker,joint,base,logistic_regression,TSLA,0.5266326397068447,0.5166993848972647,0.48664712009467403,0.574148872297319,0.009933254809579961,-0.005144197440035005,0.02515793750655338,20,1000
raw_ticker,joint,base,logistic_regression,macro,0.498079866892126,0.5015356220405931,0.4805275684308726,0.5234128902579763,-0.0034557551484670768,-0.011348528228996796,0.004924096103952636,20,1000
raw_ticker,joint,base,random_forest,AAPL,0.48202420503084953,0.5291620524178664,0.4335691095295588,0.5334527575794771,-0.047137847387016873,-0.09136112713149004,-0.005739329058338513,20,1000
raw_ticker,joint,base,random_forest,MSFT,0.4906467977171845,0.48888976960473474,0.4383760841288108,0.5442127394578071,0.0017570281124497655,-0.021570301380682423,0.024772305235755243,20,1000
raw_ticker,joint,base,random_forest,NVDA,0.48668357641090676,0.4874894314098499,0.43779318864595457,0.539100732083322,-0.0008058549989431452,-0.025150926724512468,0.032765428354302344,20,1000
raw_ticker,joint,base,random_forest,TSLA,0.523014003402696,0.5173144876325089,0.47496066507875395,0.5674806273255504,0.005699515770187125,-0.01539629425779424,0.029577758974371204,20,1000
raw_ticker,joint,base,random_forest,macro,0.4955921456404092,0.50571393526624,0.4724007443229546,0.5195218657510194,-0.010121789625830768,-0.02356314294872155,0.005973974450122643,20,1000
raw_ticker,joint,base,xgboost,AAPL,0.4694141222380425,0.4585970046933502,0.4084166512008819,0.5299902609704481,0.010817117544692334,-0.014219541130114848,0.03596776065077695,20,1000
raw_ticker,joint,base,xgboost,MSFT,0.5009313570069752,0.5048351299936589,0.44215779076685313,0.5586076558061768,-0.0039037729866836512,-0.024479601887449843,0.016403378225090085,20,1000
raw_ticker,joint,base,xgboost,NVDA,0.494325988163179,0.48994662861974214,0.44489632807351287,0.5496907534966873,0.004379359543436878,-0.013496239445966405,0.021716986694967286,20,1000
raw_ticker,joint,base,xgboost,TSLA,0.5143371286480827,0.513852898835231,0.4627606950002081,0.559614041677724,0.00048422981285167754,-0.01678751290067189,0.016390439779665835,20,1000
raw_ticker,joint,base,xgboost,macro,0.49475214901406983,0.4918079155354955,0.4709262954140012,0.5174987928081607,0.0029442334785743096,-0.008029570888275097,0.012086677362078637,20,1000
raw_ticker,joint,hybrid,hist_gradient_boosting,AAPL,0.4710093339661446,0.4707061119021252,0.42818185460986524,0.5200867772645078,0.0003032220640193928,-0.012477700727709517,0.011499547754235269,20,1000
raw_ticker,joint,hybrid,hist_gradient_boosting,MSFT,0.47783238216021984,0.4882556541957303,0.4287035485354481,0.5248019115159568,-0.010423272035510467,-0.03605481589323879,0.011356926445318239,20,1000
raw_ticker,joint,hybrid,hist_gradient_boosting,NVDA,0.4931568378778271,0.4836847389558233,0.45078151172426323,0.5424021860433914,0.009472098922003791,-0.010324109425633565,0.026175632652420417,20,1000
raw_ticker,joint,hybrid,hist_gradient_boosting,TSLA,0.5327247742442088,0.5418466169349562,0.4883577204137875,0.562099149992165,-0.00912184269074734,-0.0246401653009228,0.004293575961688303,20,1000
raw_ticker,joint,hybrid,hist_gradient_boosting,macro,0.4936808320621001,0.4961232804971587,0.4730951144413794,0.5128637905866607,-0.0024424484350585862,-0.013460738302556601,0.006133613279528757,20,1000
raw_ticker,joint,hybrid,lightgbm,AAPL,0.4840281073669778,0.4872778568791858,0.44129662942170605,0.5280914894374154,-0.0032497495122079667,-0.034259618556383056,0.03200330369246835,20,1000
raw_ticker,joint,hybrid,lightgbm,MSFT,0.4727858803635595,0.4861683576410907,0.4299317814180879,0.5184085007067792,-0.013382477277531168,-0.03454792128630002,0.00657322542861083,20,1000
raw_ticker,joint,hybrid,lightgbm,NVDA,0.5042406467977172,0.49398911435214543,0.4574732122286144,0.5577130942466609,0.010251532445571754,-0.029538473711199817,0.04889242165989249,20,1000
raw_ticker,joint,hybrid,lightgbm,TSLA,0.5257950530035336,0.507773851590106,0.4766460842506126,0.5610653654760196,0.018021201413427557,-0.007259716979008774,0.041621649034080256,20,1000
raw_ticker,joint,hybrid,lightgbm,macro,0.496712421882947,0.49380229511563195,0.4766017699239987,0.5155888487665878,0.0029101267673150577,-0.013067283488516566,0.019010433426353304,20,1000
raw_ticker,joint,hybrid,logistic_regression,AAPL,0.463718820861678,0.468781310974002,0.41203797014289445,0.5191814486360697,-0.005062490112324014,-0.014875754360082646,0.004812269255451829,20,1000
raw_ticker,joint,hybrid,logistic_regression,MSFT,0.5008586979496935,0.5038971676178398,0.4526981503539049,0.5400105025146276,-0.0030384696681462486,-0.011250618931203885,0.006850191507192736,20,1000
raw_ticker,joint,hybrid,logistic_regression,NVDA,0.5146110758824772,0.5188913548932572,0.47299410541258885,0.5560815803431045,-0.004280279010779986,-0.013046526917846505,0.0039994961818817076,20,1000
raw_ticker,joint,hybrid,logistic_regression,TSLA,0.5062688129825939,0.5032718230598089,0.4584925051441739,0.5451502428077916,0.002996989922784965,-0.005137098646082594,0.011022882588349608,20,1000
raw_ticker,joint,hybrid,logistic_regression,macro,0.4963643519191106,0.49871041413622696,0.465106848454473,0.5236884746466685,-0.0023460622171163625,-0.006628372720374134,0.0022599191626359607,20,1000
raw_ticker,joint,hybrid,random_forest,AAPL,0.4891235563993039,0.49259083478352583,0.43398462010952515,0.5453655604184238,-0.00346727838422195,-0.029499969949340905,0.019545292028322003,20,1000
raw_ticker,joint,hybrid,random_forest,MSFT,0.48807070386810397,0.4852303952652716,0.4429432518118374,0.5333293464035482,0.002840308602832353,-0.016660813875832958,0.024591277129564472,20,1000
raw_ticker,joint,hybrid,random_forest,NVDA,0.5131578947368421,0.5180194462058761,0.47181660848516527,0.5519676321302355,-0.004861551469033998,-0.037468256731407405,0.026173967817134994,20,1000
raw_ticker,joint,hybrid,random_forest,TSLA,0.5391310037953148,0.5255856563277058,0.48959833846923817,0.5809191383950474,0.013545347467608937,-0.006860044760212317,0.038659831820339816,20,1000
raw_ticker,joint,hybrid,random_forest,macro,0.5073707896998911,0.5053565831455948,0.48398569663930113,0.5271064885694091,0.002014206554296294,-0.010115565691012985,0.014232290304046956,20,1000
raw_ticker,joint,hybrid,xgboost,AAPL,0.4809629278067816,0.48017850551073143,0.426271583088343,0.5341377906091763,0.0007844222960501912,-0.02204054655200684,0.02493435545214355,20,1000
raw_ticker,joint,hybrid,xgboost,MSFT,0.4944382794335236,0.5033555273726484,0.4426687399753814,0.5444893567792746,-0.00891724793912485,-0.027025747133169447,0.010221661848809037,20,1000
raw_ticker,joint,hybrid,xgboost,NVDA,0.5000198161065313,0.49199429296131897,0.45600186707466883,0.5522420354054817,0.008025523145212377,-0.020502130766669107,0.038791042478210545,20,1000
raw_ticker,joint,hybrid,xgboost,TSLA,0.516489988221437,0.519794529511844,0.4669670213836141,0.5558445132141323,-0.003304541290407026,-0.029871573249376736,0.0193037378512123,20,1000
raw_ticker,joint,hybrid,xgboost,macro,0.49797775289206836,0.49883071383913574,0.4738774014541193,0.5198638595599815,-0.0008529609470673827,-0.010384301071734037,0.009318081004659707,20,1000
raw_ticker,joint,lag_1,hist_gradient_boosting,AAPL,0.4837051099509571,0.4851223435110478,0.4425416631226517,0.5305598518065184,-0.0014172335600907138,-0.02031090138777543,0.020271030501842757,20,1000
raw_ticker,joint,lag_1,hist_gradient_boosting,MSFT,0.4820862396956246,0.47566582117945466,0.440316043992911,0.5278642005834705,0.006420418516169923,-0.010445032851850358,0.024280073529043565,20,1000
raw_ticker,joint,lag_1,hist_gradient_boosting,NVDA,0.4911752272246882,0.4956140350877193,0.4525352957988268,0.5398518461206536,-0.00443880786303108,-0.02419484262876959,0.00996153341987985,20,1000
raw_ticker,joint,lag_1,hist_gradient_boosting,TSLA,0.5170527417877241,0.5172555948174322,0.473937247330759,0.5512720310869769,-0.00020285302970812769,-0.018806614169598276,0.019484754972144164,20,1000
raw_ticker,joint,lag_1,hist_gradient_boosting,macro,0.4935048296647485,0.4934144486489135,0.4747031715883627,0.5134443082620503,9.038101583502822e-05,-0.008005994550635784,0.008178806102665087,20,1000
raw_ticker,joint,lag_1,lightgbm,AAPL,0.47108184359014926,0.48251199704688075,0.4335476103265826,0.5128961805176493,-0.011430153456731484,-0.03980330623017947,0.022613205050374712,20,1000
raw_ticker,joint,lag_1,lightgbm,MSFT,0.4787703445360389,0.48030279010779964,0.43234138471327493,0.5234975106181887,-0.0015324455717607433,-0.02923320328681456,0.02686304125997036,20,1000
raw_ticker,joint,lag_1,lightgbm,NVDA,0.5188781441555697,0.5188385119425069,0.47333996148653246,0.5676666368358836,3.963221306280129e-05,-0.03234753843096275,0.04149859333605316,20,1000
raw_ticker,joint,lag_1,lightgbm,TSLA,0.5163787462374034,0.49837717576233476,0.46714457618015487,0.5576883914172127,0.018001570475068673,-0.0010565366374676196,0.04770891847709081,20,1000
raw_ticker,joint,lag_1,lightgbm,macro,0.4962772696297903,0.49500761871488047,0.47729750024018347,0.5133156263329113,0.0012696509149098256,-0.012023809199208566,0.019027186007773488,20,1000
raw_ticker,joint,lag_1,logistic_regression,AAPL,0.4622158941095818,0.4694009386700417,0.40923414412666487,0.5176449008319361,-0.0071850445604598745,-0.018213684330393144,0.003216083455005824,20,1000
raw_ticker,joint,lag_1,logistic_regression,MSFT,0.4965387867258508,0.4948742337772141,0.4483762255471041,0.5342307524555397,0.001664552948636655,-0.008296929850759142,0.014100687978204471,20,1000
raw_ticker,joint,lag_1,logistic_regression,NVDA,0.5133824772775312,0.5191819911223843,0.4710611383664057,0.5564443851133527,-0.00579951384485311,-0.01658553077147287,0.0031229603742973424,20,1000
raw_ticker,joint,lag_1,logistic_regression,TSLA,0.5045282031147755,0.5007983248265934,0.45535345998130716,0.5451890007530582,0.0037298782881821646,-0.0071070062782780715,0.015439683747882281,20,1000
raw_ticker,joint,lag_1,logistic_regression,macro,0.4941663403069348,0.49606387209905833,0.46357479074169977,0.522882717083932,-0.0018975317921235413,-0.007548788175884283,0.0039725302713869495,20,1000
raw_ticker,joint,lag_1,random_forest,AAPL,0.49715894109581815,0.4947002056636608,0.447349157313434,0.5544667244341859,0.002458735432157355,-0.01990740305638888,0.024628769209070273,20,1000
raw_ticker,joint,lag_1,random_forest,MSFT,0.4952969773832171,0.48645899387021774,0.44844497859889915,0.5495148544893274,0.008837983512999359,-0.011528116014967622,0.03375249829666615,20,1000
raw_ticker,joint,lag_1,random_forest,NVDA,0.5086001902346227,0.5309395476643416,0.46610703838757017,0.546657600226213,-0.02233935742971893,-0.05336183586223994,0.014701605560899106,20,1000
raw_ticker,joint,lag_1,random_forest,TSLA,0.5171836147101164,0.5242245779348252,0.46595160066157476,0.5572630163200794,-0.007040963224708818,-0.033788805570117666,0.01843077344914729,20,1000
raw_ticker,joint,lag_1,random_forest,macro,0.5045599308559435,0.5090808312832613,0.48293471113890496,0.5228711134818215,-0.004520900427317787,-0.016752611028408717,0.01002174674713765,20,1000
raw_ticker,joint,lag_1,xgboost,AAPL,0.500968992248062,0.48832595053525285,0.44973417758960793,0.5619150336439398,0.012643041712809167,-0.00837635600033406,0.032721209034226234,20,1000
raw_ticker,joint,lag_1,xgboost,MSFT,0.5003500845487212,0.49764848869160855,0.4511442200860245,0.5523126690189545,0.0027015958571126597,-0.02281083599574008,0.028477288408803324,20,1000
raw_ticker,joint,lag_1,xgboost,NVDA,0.5074772775311773,0.5035140562248996,0.4582554731458884,0.5669022653506974,0.003963221306277687,-0.02509315698701039,0.028505658860490522,20,1000
raw_ticker,joint,lag_1,xgboost,TSLA,0.5155542468263317,0.5089255333071587,0.4545046161489343,0.5609293550071154,0.006628713519172935,-0.012556739443086419,0.025212585034013628,20,1000
raw_ticker,joint,lag_1,xgboost,macro,0.506087650288573,0.49960350718972996,0.48541704267567565,0.5272546515393781,0.006484143098843098,-0.005987277974226278,0.01709263941630006,20,1000
relative_pooled,joint,base,hist_gradient_boosting,AAPL,0.4573050150292675,0.46189948847756157,0.4126018968233132,0.49798160233055294,-0.004594473448294056,-0.058642242982697414,0.041676839466451704,20,1000
relative_pooled,joint,base,hist_gradient_boosting,MSFT,0.5098353942084126,0.4891209575142676,0.4714906593657029,0.5545093217835996,0.020714436694145022,-0.040039446021984136,0.08585915839047992,20,1000
relative_pooled,joint,base,hist_gradient_boosting,NVDA,0.5418978545761995,0.4741928239272881,0.49361090020552506,0.5912898177430287,0.06770503064891142,0.006785337309519354,0.116142299487165,20,1000
relative_pooled,joint,base,hist_gradient_boosting,TSLA,0.5029511843999477,0.5133097762073027,0.4691781036143004,0.5486699089203879,-0.010358591807354989,-0.05111972985874501,0.04954726495055723,20,1000
relative_pooled,joint,base,hist_gradient_boosting,macro,0.5029973620534568,0.484630761531605,0.4796988821233412,0.525959396014586,0.018366600521851795,-0.009425714240912963,0.04191388185861688,20,1000
relative_pooled,joint,base,lightgbm,AAPL,0.4581685387333228,0.47458208089437326,0.41767273892514883,0.4988879507481717,-0.016413542161050454,-0.06568194080277592,0.022922534223361053,20,1000
relative_pooled,joint,base,lightgbm,MSFT,0.4827665926865356,0.4775285351934052,0.4436961891567915,0.5198682268201615,0.005238057493130388,-0.06719350998953416,0.07083215463297397,20,1000
relative_pooled,joint,base,lightgbm,NVDA,0.5467263792010146,0.49208676812513213,0.4990004163458939,0.5924181769811148,0.0546396110758825,-0.001135728110709441,0.10811788215820467,20,1000
relative_pooled,joint,base,lightgbm,TSLA,0.5056013610783929,0.5154757230728962,0.4601110539518824,0.5540742098945417,-0.009874361994503311,-0.06175632965727336,0.05094011636622915,20,1000
relative_pooled,joint,base,lightgbm,macro,0.4983157179248165,0.4899182768214517,0.4731699093520985,0.5232498964475947,0.008397441103364767,-0.019756347499511506,0.03783180933134666,20,1000
relative_pooled,joint,base,logistic_regression,AAPL,0.45037705004482415,0.44945420028476507,0.40197051826733404,0.5132286189955761,0.0009228497600590746,-0.027901850749492654,0.0317756131137477,20,1000
relative_pooled,joint,base,logistic_regression,MSFT,0.5206615937433946,0.5219562460367787,0.46891179865764937,0.5666499029367971,-0.001294652293384102,-0.03732785048100692,0.03647163699311634,20,1000
relative_pooled,joint,base,logistic_regression,NVDA,0.5134088987529064,0.5180326569435637,0.4692901803226169,0.5647675583106719,-0.004623758190657301,-0.0195653326571356,0.009413010850908584,20,1000
relative_pooled,joint,base,logistic_regression,TSLA,0.5231906818479256,0.5166993848972647,0.47484312223357167,0.5768430850673097,0.006491296950660863,-0.011063066756106197,0.019830938243734123,20,1000
relative_pooled,joint,base,logistic_regression,macro,0.5019095560972627,0.5015356220405931,0.47858704573372485,0.5297520472947884,0.00037393405666963364,-0.013326394023430117,0.011900255191568707,20,1000
relative_pooled,joint,base,random_forest,AAPL,0.4632178452776459,0.5291620524178664,0.41682642170808887,0.5106707938297534,-0.06594420714022048,-0.12376235740030983,-0.01819002664553193,20,1000
relative_pooled,joint,base,random_forest,MSFT,0.4945043331219615,0.48888976960473474,0.4469702395441253,0.5411588463425328,0.005614563517226778,-0.07466498322923097,0.08116619658317133,20,1000
relative_pooled,joint,base,random_forest,NVDA,0.5473208623969562,0.4874894314098499,0.5035155596199371,0.6016990467908385,0.059831430987106304,0.005551217985573387,0.1295370934474301,20,1000
relative_pooled,joint,base,random_forest,TSLA,0.5221698730532652,0.5173144876325089,0.47686781317187027,0.5719576197048991,0.004855385420756364,-0.042562092091793666,0.06521706429855324,20,1000
relative_pooled,joint,base,random_forest,macro,0.5068032284624572,0.50571393526624,0.4825710959896192,0.5344509722097084,0.0010892931962172003,-0.02678127559976977,0.030921438419461992,20,1000
relative_pooled,joint,base,xgboost,AAPL,0.4539300216210515,0.4585970046933502,0.4086635521449131,0.5020078006703348,-0.0046669830722986805,-0.04662523785975306,0.039278546881120854,20,1000
relative_pooled,joint,base,xgboost,MSFT,0.511638659902769,0.5048351299936589,0.4664429875600124,0.553480082994099,0.006803529909110151,-0.07620918866089879,0.08468622158505563,20,1000
relative_pooled,joint,base,xgboost,NVDA,0.5412042908476009,0.48994662861974214,0.4995200340861207,0.5914523095295744,0.05125766222785877,-0.0015511718541341445,0.11196258431740017,20,1000
relative_pooled,joint,base,xgboost,TSLA,0.5149064258604895,0.513852898835231,0.4709104147255336,0.5608109380342503,0.001053527025258516,-0.04573663527212588,0.062108099101065836,20,1000
relative_pooled,joint,base,xgboost,macro,0.5054198495579777,0.4918079155354955,0.48185360014289264,0.5299498638487757,0.013611934022482175,-0.009579412556721196,0.03890706443985608,20,1000
relative_pooled,joint,hybrid,hist_gradient_boosting,AAPL,0.49564942255972155,0.4707061119021252,0.4464781900544716,0.5482700839168914,0.024943310657596363,-0.02282288169098099,0.07050789939396636,20,1000
relative_pooled,joint,hybrid,hist_gradient_boosting,MSFT,0.5070479285563306,0.4882556541957303,0.45869060731321687,0.5444911518597491,0.018792274360600325,-0.048202604334906696,0.07822489725842673,20,1000
relative_pooled,joint,hybrid,hist_gradient_boosting,NVDA,0.5492826569435637,0.4836847389558233,0.5015352054011327,0.6086380389249499,0.0655979179877404,0.01151848486880299,0.11885985231213687,20,1000
relative_pooled,joint,hybrid,hist_gradient_boosting,TSLA,0.49892684203638266,0.5418466169349562,0.45669626121531237,0.5505877304356013,-0.042919774898573515,-0.07562972401094478,0.005992635339309549,20,1000
relative_pooled,joint,hybrid,hist_gradient_boosting,macro,0.5127267125239997,0.4961232804971587,0.48789442595200533,0.540729799828312,0.016603432026841003,-0.011315004705578542,0.044188926208406566,20,1000
relative_pooled,joint,hybrid,lightgbm,AAPL,0.47819437852660446,0.4872778568791858,0.43012300001453874,0.5324917713177069,-0.009083478352581331,-0.04850082339934402,0.04297050199624859,20,1000
relative_pooled,joint,hybrid,lightgbm,MSFT,0.4998150496723737,0.4861683576410907,0.4534755840027237,0.5458677564614316,0.013646692031283048,-0.05022187305387048,0.07057478187076893,20,1000
relative_pooled,joint,hybrid,lightgbm,NVDA,0.5283766645529486,0.49398911435214543,0.48655751971295563,0.5810958371056435,0.034387550200803196,-0.009243015047977143,0.08029199911424198,20,1000
relative_pooled,joint,hybrid,lightgbm,TSLA,0.4935872268027745,0.507773851590106,0.44936050363897684,0.5373705237548503,-0.014186624787331514,-0.052933447596477105,0.033778113137370606,20,1000
relative_pooled,joint,hybrid,lightgbm,macro,0.49999332988867534,0.49380229511563195,0.4799661391022628,0.5264506479947284,0.006191034773043391,-0.017951135320039186,0.03627239695014823,20,1000
relative_pooled,joint,hybrid,logistic_regression,AAPL,0.4662368823498392,0.468781310974002,0.4184687519442112,0.5155766871703782,-0.00254442862416282,-0.02031321986875531,0.013041199017603899,20,1000
relative_pooled,joint,hybrid,logistic_regression,MSFT,0.5072262735151131,0.5038971676178398,0.4598113590098937,0.5383203079650832,0.00332910589727331,-0.016692368052921455,0.017967118298573666,20,1000
relative_pooled,joint,hybrid,logistic_regression,NVDA,0.5182704502219404,0.5188913548932572,0.4770224736956091,0.5633280462252157,-0.0006209046713168132,-0.008873387485914363,0.008853889916484439,20,1000
relative_pooled,joint,hybrid,logistic_regression,TSLA,0.5083627797408716,0.5032718230598089,0.4557018087637471,0.552285498981472,0.005090956681062742,-0.010027871719864787,0.020820871721807528,20,1000
relative_pooled,joint,hybrid,logistic_regression,macro,0.5000240964569411,0.49871041413622696,0.46771430561198124,0.525998486714507,0.0013136823207141601,-0.00791552657770654,0.009213654084243935,20,1000
relative_pooled,joint,hybrid,random_forest,AAPL,0.4595396298054105,0.49259083478352583,0.4145429650295449,0.5057327757865392,-0.03305120497811531,-0.06885744224299976,0.006853361199189816,20,1000
relative_pooled,joint,hybrid,random_forest,MSFT,0.507292327203551,0.4852303952652716,0.467115636724366,0.5457581217885247,0.022061931938279378,-0.03802766509114875,0.07720103213357461,20,1000
relative_pooled,joint,hybrid,random_forest,NVDA,0.5710869794969351,0.5180194462058761,0.526989370861918,0.616181190915235,0.053067533291058955,0.0190749494873476,0.09309840798845734,20,1000
relative_pooled,joint,hybrid,random_forest,TSLA,0.5070409632247088,0.5255856563277058,0.45711441146774856,0.546420585479528,-0.018544693102997,-0.055858199188587865,0.01877402653231884,20,1000
relative_pooled,joint,hybrid,random_forest,macro,0.5112399749326514,0.5053565831455948,0.48709346727021074,0.5335090563473394,0.005883391787056547,-0.01342493277180517,0.030453810031095294,20,1000
relative_pooled,joint,hybrid,xgboost,AAPL,0.46553815324579445,0.48017850551073143,0.41685452344204743,0.5179978426517956,-0.014640352264936984,-0.047542875555842676,0.020843197117822863,20,1000
relative_pooled,joint,hybrid,xgboost,MSFT,0.5040953286831537,0.5033555273726484,0.4521100060892537,0.54211067735826,0.000739801310505217,-0.07301375147810367,0.0647604075486388,20,1000
relative_pooled,joint,hybrid,xgboost,NVDA,0.5512180300147961,0.49199429296131897,0.5023459334576896,0.6005282355169373,0.05922373705347711,0.016119279276984703,0.10581602262897102,20,1000
relative_pooled,joint,hybrid,xgboost,TSLA,0.5109278890197618,0.519794529511844,0.46483603850556304,0.5552360018667643,-0.00886664049208219,-0.047869637061994263,0.03951367200655633,20,1000
relative_pooled,joint,hybrid,xgboost,macro,0.5079448502408765,0.49883071383913574,0.4828150716890189,0.5302525714784915,0.009114136401740802,-0.012233146760015884,0.03225520507546693,20,1000
relative_pooled,joint,lag_1,hist_gradient_boosting,AAPL,0.4858078890470917,0.4851223435110478,0.4375461279602711,0.5486001566873752,0.0006855455360438856,-0.040252655832651085,0.05575533407479372,20,1000
relative_pooled,joint,lag_1,hist_gradient_boosting,MSFT,0.4898937856689918,0.47566582117945466,0.44346005342492356,0.5268852397987597,0.014227964489537115,-0.050996505226335066,0.06407158871952141,20,1000
relative_pooled,joint,lag_1,hist_gradient_boosting,NVDA,0.5408476009300359,0.4956140350877193,0.49573720822158657,0.5943116305402834,0.045233565842316636,-0.01453114363932088,0.09541833955425036,20,1000
relative_pooled,joint,lag_1,hist_gradient_boosting,TSLA,0.4931095406360424,0.5172555948174322,0.44712828331110155,0.545633552182457,-0.02414605418138982,-0.05694959863139885,0.02512694102126804,20,1000
relative_pooled,joint,lag_1,hist_gradient_boosting,macro,0.5024147040705405,0.4934144486489135,0.4805525254849152,0.5298609034269894,0.009000255421626968,-0.014056085588305671,0.03298464930659104,20,1000
relative_pooled,joint,lag_1,lightgbm,AAPL,0.4778516057585825,0.48251199704688075,0.43476037545418444,0.5279437911015169,-0.00466039128829826,-0.048814293262666286,0.048958212348638154,20,1000
relative_pooled,joint,lag_1,lightgbm,MSFT,0.5265139505389981,0.48030279010779964,0.4879015732416711,0.5627995680929052,0.04621116043119844,-0.005542093396266892,0.0914201839881573,20,1000
relative_pooled,joint,lag_1,lightgbm,NVDA,0.5349952441344324,0.5188385119425069,0.49870114883953215,0.5789342417678286,0.016156732191925594,-0.027038772340619417,0.06977656505663297,20,1000
relative_pooled,joint,lag_1,lightgbm,TSLA,0.5091349299829865,0.49837717576233476,0.4586787654606103,0.556585404496992,0.010757754220651727,-0.021024515150844227,0.053377310388816934,20,1000
relative_pooled,joint,lag_1,lightgbm,macro,0.5121239326037499,0.49500761871488047,0.49239616235739503,0.5341641762746697,0.017116313888869417,-0.0026743236845685908,0.044579884029420806,20,1000
relative_pooled,joint,lag_1,logistic_regression,AAPL,0.46614459737383324,0.4694009386700417,0.41850393955641113,0.5148004333311578,-0.0032563412962084426,-0.02202825950093464,0.013472075913486046,20,1000
relative_pooled,joint,lag_1,logistic_regression,MSFT,0.5077547030226168,0.4948742337772141,0.4611287748599063,0.5377448659222211,0.012880469245402704,-0.013882146417499948,0.03027527996569535,20,1000
relative_pooled,joint,lag_1,logistic_regression,NVDA,0.5171343267808074,0.5191819911223843,0.4767143506572468,0.5617080552290292,-0.0020476643415768825,-0.016318173439022515,0.011323959296135581,20,1000
relative_pooled,joint,lag_1,logistic_regression,TSLA,0.5082319068184793,0.5007983248265934,0.4556768836207847,0.5524001227045917,0.007433581991885929,-0.00849935418153089,0.02132717366681647,20,1000
relative_pooled,joint,lag_1,logistic_regression,macro,0.4998163834989342,0.49606387209905833,0.4682603455393025,0.5260724097960812,0.0037525113998758686,-0.0068692738657362435,0.012019824257894652,20,1000
relative_pooled,joint,lag_1,random_forest,AAPL,0.4536597584770342,0.4947002056636608,0.4118131226555724,0.4957900268585265,-0.04104044718662658,-0.08404344047658958,-0.002659944499787337,20,1000
relative_pooled,joint,lag_1,random_forest,MSFT,0.5047558655675333,0.48645899387021774,0.4556912094449023,0.5477761196352432,0.01829687169731553,-0.04250482201346828,0.0798736716387814,20,1000
relative_pooled,joint,lag_1,random_forest,NVDA,0.5546924540266328,0.5309395476643416,0.5144388066595642,0.5947010049920691,0.023752906362291215,-0.0128947627456824,0.07021874301828375,20,1000
relative_pooled,joint,lag_1,random_forest,TSLA,0.526488679492213,0.5242245779348252,0.4755569135288815,0.5705461379150437,0.0022641015573877654,-0.039925622591367615,0.04439451443706545,20,1000
relative_pooled,joint,lag_1,random_forest,macro,0.5098991893908533,0.5090808312832613,0.48472795697766685,0.531876503923275,0.0008183581075920099,-0.022226076322239805,0.025743439357236643,20,1000
relative_pooled,joint,lag_1,xgboost,AAPL,0.44619126720455626,0.48832595053525285,0.39431389440561704,0.49778838832605254,-0.04213468333069659,-0.08484268034989932,-0.00039036332179071345,20,1000
relative_pooled,joint,lag_1,xgboost,MSFT,0.5050597125343479,0.49764848869160855,0.44931245264432595,0.5523011130987437,0.007411223842739345,-0.06645683547578812,0.07428352836410332,20,1000
relative_pooled,joint,lag_1,xgboost,NVDA,0.545286408793067,0.5035140562248996,0.5007093856160957,0.5912248737965784,0.04177235256816736,-0.005109299092024005,0.08272936907789542,20,1000
relative_pooled,joint,lag_1,xgboost,TSLA,0.5230074597565764,0.5089255333071587,0.47949274131640546,0.5643008958672008,0.014081926449417637,-0.024613597251698996,0.05892056664316048,20,1000
relative_pooled,joint,lag_1,xgboost,macro,0.5048862120721369,0.49960350718972996,0.47809530323044275,0.5287930597838474,0.005282704882406952,-0.01943071114778611,0.027501889029117883,20,1000
relative_ticker,relative_pooled,base,hist_gradient_boosting,AAPL,0.4521502399409376,0.4573050150292675,0.407098566806527,0.49313123956585025,-0.005154775088329899,-0.027077317481732713,0.01500070181919996,20,1000
relative_ticker,relative_pooled,base,hist_gradient_boosting,MSFT,0.49840150073980133,0.5098353942084126,0.45859557408893215,0.5432873108486167,-0.01143389346861129,-0.03520569886693299,0.017066081608160692,20,1000
relative_ticker,relative_pooled,base,hist_gradient_boosting,NVDA,0.5509538152610441,0.5418978545761995,0.5049836818167677,0.5936984383286426,0.0090559606848446,-0.010596464053089016,0.029944064261692743,20,1000
relative_ticker,relative_pooled,base,hist_gradient_boosting,TSLA,0.5027679623085983,0.5029511843999477,0.46353899570325274,0.5474156056561564,-0.0001832220913493554,-0.020087633957370253,0.017030519240409447,20,1000
relative_ticker,relative_pooled,base,hist_gradient_boosting,macro,0.5010683795625954,0.5029973620534568,0.47780340393663834,0.523796198130293,-0.001928982490861375,-0.013593571826685807,0.009077524098895852,20,1000
relative_ticker,relative_pooled,base,lightgbm,AAPL,0.4732109898222855,0.4581685387333228,0.4282772415243529,0.5130207837730466,0.015042451088962683,-0.01661729940299196,0.042081849925629244,20,1000
relative_ticker,relative_pooled,base,lightgbm,MSFT,0.48355263157894735,0.4827665926865356,0.4389821453459458,0.5202820072341449,0.0007860388924117445,-0.03588067369203249,0.03265332262346255,20,1000
relative_ticker,relative_pooled,base,lightgbm,NVDA,0.556634432466709,0.5467263792010146,0.5179732470568542,0.6006728939265865,0.009908053265694328,-0.01818683195087089,0.038979669765359604,20,1000
relative_ticker,relative_pooled,base,lightgbm,TSLA,0.49832482659337785,0.5056013610783929,0.461333398935592,0.5380274071838578,-0.007276534485015085,-0.037480352176230546,0.019666978051809805,20,1000
relative_ticker,relative_pooled,base,lightgbm,macro,0.5029307201153299,0.4983157179248165,0.47837511133257055,0.5235093395654445,0.0046150021905134175,-0.008722463559097223,0.01565066587110834,20,1000
relative_ticker,relative_pooled,base,logistic_regression,AAPL,0.4502847650688182,0.45037705004482415,0.4008337265245991,0.5130875719572351,-9.228497600594077e-05,-0.008261806741204643,0.006641233307004138,20,1000
relative_ticker,relative_pooled,base,logistic_regression,MSFT,0.518059078418939,0.5206615937433946,0.46656328744469977,0.5632780113611587,-0.0026025153244556565,-0.009631572742864119,0.004899344589453355,20,1000
relative_ticker,relative_pooled,base,logistic_regression,NVDA,0.5121010357218347,0.5134088987529064,0.4669765727529964,0.5635329162987956,-0.0013078630310716655,-0.005004871882653558,0.0015229811468142976,20,1000
relative_ticker,relative_pooled,base,logistic_regression,TSLA,0.5234786022771889,0.5231906818479256,0.47336661773220406,0.5776705292636969,0.00028792042926328865,-0.005109130997657784,0.003780566031625046,20,1000
relative_ticker,relative_pooled,base,logistic_regression,macro,0.5009808703716951,0.5019095560972627,0.47766220077545757,0.5293786417438217,-0.0009286857255675907,-0.004159113447261204,0.0016480352305071274,20,1000
relative_ticker,relative_pooled,base,random_forest,AAPL,0.4423087064283078,0.4632178452776459,0.39999618280963306,0.4869365550379267,-0.02090913884933815,-0.04371133205431001,0.0056700305908527334,20,1000
relative_ticker,relative_pooled,base,random_forest,MSFT,0.4836847389558233,0.4945043331219615,0.4379705262786933,0.5273529834688202,-0.010819594166138202,-0.04002139732912121,0.013807483208838687,20,1000
relative_ticker,relative_pooled,base,random_forest,NVDA,0.5525192876770239,0.5473208623969562,0.5149829740779751,0.597412228356272,0.005198425280067642,-0.029916666669933728,0.033268995276587235,20,1000
relative_ticker,relative_pooled,base,random_forest,TSLA,0.5176154953540113,0.5221698730532652,0.468118763356912,0.5708833983117085,-0.004554377699253931,-0.03278331177867928,0.025211313686687352,20,1000
relative_ticker,relative_pooled,base,random_forest,macro,0.49903205710379156,0.5068032284624572,0.4744161243902276,0.5229119530906146,-0.007771171358665618,-0.023360672265247042,0.006122534506457442,20,1000
relative_ticker,relative_pooled,base,xgboost,AAPL,0.4636001687496704,0.4539300216210515,0.41801259309668237,0.5175726914054115,0.009670147128618911,-0.014017314945780299,0.03449755916703666,20,1000
relative_ticker,relative_pooled,base,xgboost,MSFT,0.48653165292749945,0.511638659902769,0.44203314782845965,0.5302066415801647,-0.025107006975269575,-0.050322700205018805,0.002649269967898616,20,1000
relative_ticker,relative_pooled,base,xgboost,NVDA,0.5477634221094906,0.5412042908476009,0.511328573637247,0.5964026849791562,0.0065591312618896724,-0.014470927515733725,0.027697322224498663,20,1000
relative_ticker,relative_pooled,base,xgboost,TSLA,0.5052676351262924,0.5149064258604895,0.4660419992512134,0.5518287134883265,-0.009638790734197156,-0.030275089148084054,0.009724006817883896,20,1000
relative_ticker,relative_pooled,base,xgboost,macro,0.5007907197282382,0.5054198495579777,0.47697621534761336,0.5291804377529498,-0.004629129829739509,-0.01714706554857311,0.008731272136362355,20,1000
relative_ticker,relative_pooled,hybrid,hist_gradient_boosting,AAPL,0.46942730580604336,0.49564942255972155,0.4212496546811014,0.5320826741380411,-0.026222116753678193,-0.05028112763954998,0.005506080245614967,20,1000
relative_ticker,relative_pooled,hybrid,hist_gradient_boosting,MSFT,0.5014796026210103,0.5070479285563306,0.46026526489150227,0.5385288920111441,-0.005568325935320306,-0.026164768050381128,0.020099454981055285,20,1000
relative_ticker,relative_pooled,hybrid,hist_gradient_boosting,NVDA,0.5487410166983724,0.5492826569435637,0.49575466510921573,0.6021951800680414,-0.0005416402451913216,-0.028700328098719148,0.02301750884465346,20,1000
relative_ticker,relative_pooled,hybrid,hist_gradient_boosting,TSLA,0.49213453736421936,0.49892684203638266,0.4499573461236744,0.5382775369861943,-0.006792304672163296,-0.030573070249859495,0.016230631213542904,20,1000
relative_ticker,relative_pooled,hybrid,hist_gradient_boosting,macro,0.5029456156224114,0.5127267125239997,0.4792288971594348,0.5311922940000866,-0.009781096901588349,-0.021974445453524363,0.0037956830367927505,20,1000
relative_ticker,relative_pooled,hybrid,lightgbm,AAPL,0.4629409903496282,0.47819437852660446,0.4176663352412938,0.510111865258924,-0.015253388176976246,-0.0542075688285679,0.014306065938825108,20,1000
relative_ticker,relative_pooled,hybrid,lightgbm,MSFT,0.5193537307123229,0.4998150496723737,0.4639005506995771,0.5639872147858594,0.019538681039949213,-0.0316223577373014,0.06032561158490203,20,1000
relative_ticker,relative_pooled,hybrid,lightgbm,NVDA,0.5547056647643205,0.5283766645529486,0.5057478384307912,0.6019316858878617,0.026329000211371856,-0.017021675811277424,0.059855330674741566,20,1000
relative_ticker,relative_pooled,hybrid,lightgbm,TSLA,0.5043057191467085,0.4935872268027745,0.45746283364044704,0.5439193108838786,0.010718492343934016,-0.025461761527231286,0.04026032745442605,20,1000
relative_ticker,relative_pooled,hybrid,lightgbm,macro,0.510326526243245,0.49999332988867534,0.48725350784945026,0.5292481599338469,0.010333196354569696,-0.009578630222450743,0.021530062258784986,20,1000
relative_ticker,relative_pooled,hybrid,logistic_regression,AAPL,0.4640484100616991,0.4662368823498392,0.4173639923017966,0.5142383167525068,-0.0021884722881400642,-0.009178299910357766,0.004893220184003192,20,1000
relative_ticker,relative_pooled,hybrid,logistic_regression,MSFT,0.5034480025364616,0.5072262735151131,0.45958445978673185,0.539819836538108,-0.0037782709786514657,-0.007169311448788722,0.006216492765319699,20,1000
relative_ticker,relative_pooled,hybrid,logistic_regression,NVDA,0.5140430141619108,0.5182704502219404,0.4737543904766604,0.5579934984802828,-0.004227436060029621,-0.010287198172125908,0.0021251243355343242,20,1000
relative_ticker,relative_pooled,hybrid,logistic_regression,TSLA,0.5106007067137809,0.5083627797408716,0.4568654467070012,0.5547308898069921,0.0022379269729092544,-0.0015072522147170475,0.005537596307046797,20,1000
relative_ticker,relative_pooled,hybrid,logistic_regression,macro,0.4980350333684631,0.5000240964569411,0.46760251916999523,0.5254498037549918,-0.001989063088478016,-0.003993033942212909,0.0017571178570179352,20,1000
relative_ticker,relative_pooled,hybrid,random_forest,AAPL,0.4644966513737278,0.4595396298054105,0.42053626543728373,0.5159972415144782,0.004957021568317288,-0.021254881080212527,0.03357841453784357,20,1000
relative_ticker,relative_pooled,hybrid,random_forest,MSFT,0.5046898118790953,0.507292327203551,0.4518547462805634,0.5517734420286418,-0.0026025153244556565,-0.03450482424151729,0.023955898617602448,20,1000
relative_ticker,relative_pooled,hybrid,random_forest,NVDA,0.5717343056436271,0.5710869794969351,0.5313528138528139,0.6158336618052819,0.000647326146692051,-0.030703032165663464,0.03218682445847788,20,1000
relative_ticker,relative_pooled,hybrid,random_forest,TSLA,0.5145530689700301,0.5070409632247088,0.4620638108630549,0.5595299369400244,0.00751210574532124,-0.017590928120246034,0.03723139020287674,20,1000
relative_ticker,relative_pooled,hybrid,random_forest,macro,0.5138684594666201,0.5112399749326514,0.4869834074240771,0.537637863264008,0.002628484533968689,-0.011750238164024523,0.01625452021634676,20,1000
relative_ticker,relative_pooled,hybrid,xgboost,AAPL,0.45659310235722195,0.46553815324579445,0.40695253994688263,0.5125926022678066,-0.008945050888572503,-0.025597529711576958,0.012208838758764976,20,1000
relative_ticker,relative_pooled,hybrid,xgboost,MSFT,0.5083095540054957,0.5040953286831537,0.4532096279924501,0.550330976372854,0.004214225322342058,-0.027693592943523766,0.03434189344960282,20,1000
relative_ticker,relative_pooled,hybrid,xgboost,NVDA,0.5511387655886705,0.5512180300147961,0.5158981039348352,0.5924115017761291,-7.926442612560258e-05,-0.027058186328921027,0.028552781635752585,20,1000
relative_ticker,relative_pooled,hybrid,xgboost,TSLA,0.5217772542860882,0.5109278890197618,0.47323289288198656,0.5670321120183964,0.010849365266326405,-0.007991241723060562,0.02905213102245469,20,1000
relative_ticker,relative_pooled,hybrid,xgboost,macro,0.5094546690593691,0.5079448502408765,0.4825287453951848,0.534517696986336,0.0015098188184925476,-0.01132767124080468,0.015334852517215143,20,1000
relative_ticker,relative_pooled,lag_1,hist_gradient_boosting,AAPL,0.47322417339028633,0.4858078890470917,0.4244939431739828,0.530048954176708,-0.012583715656805383,-0.03573859784706851,0.007395692974306465,20,1000
relative_ticker,relative_pooled,lag_1,hist_gradient_boosting,MSFT,0.50946549355316,0.4898937856689918,0.4557787863007854,0.5551641313599207,0.019571707884168177,-0.0035606807544410683,0.045172856734507,20,1000
relative_ticker,relative_pooled,lag_1,hist_gradient_boosting,NVDA,0.5133692665398436,0.5408476009300359,0.4628860259151141,0.5721260154862,-0.027478334390192316,-0.04943166310356498,-0.006317100680511936,20,1000
relative_ticker,relative_pooled,lag_1,hist_gradient_boosting,TSLA,0.5011516817170527,0.4931095406360424,0.45416633163913683,0.5537385351533448,0.008042141081010312,-0.011611365398632438,0.02592921782720057,20,1000
relative_ticker,relative_pooled,lag_1,hist_gradient_boosting,macro,0.49930265380008565,0.5024147040705405,0.47493407898611945,0.5287928115531292,-0.0031120502704548025,-0.015029432222413274,0.008822003680811177,20,1000
relative_ticker,relative_pooled,lag_1,lightgbm,AAPL,0.45721932183726205,0.4778516057585825,0.4004485250435356,0.5075250689740478,-0.020632283921320438,-0.06988716261420161,0.011927764759477417,20,1000
relative_ticker,relative_pooled,lag_1,lightgbm,MSFT,0.4885991333756077,0.5265139505389981,0.4445458153687089,0.5260303771143153,-0.0379148171633904,-0.06875839002323962,-0.009303892771304091,20,1000
relative_ticker,relative_pooled,lag_1,lightgbm,NVDA,0.5542168674698795,0.5349952441344324,0.5153918386604337,0.5955996359742429,0.01922162333544708,-0.021490256181523917,0.05598065240283314,20,1000
relative_ticker,relative_pooled,lag_1,lightgbm,TSLA,0.48875801596649654,0.5091349299829865,0.4414917976397568,0.5290794626502482,-0.020376914016489944,-0.048117963555948245,0.006980634169834618,20,1000
relative_ticker,relative_pooled,lag_1,lightgbm,macro,0.49719833466231145,0.5121239326037499,0.47083716542027104,0.5202081445848332,-0.01492559794143844,-0.03455073302256142,2.7376534612104582e-05,20,1000
relative_ticker,relative_pooled,lag_1,logistic_regression,AAPL,0.4633496809576544,0.46614459737383324,0.4166817005934623,0.5142626453825452,-0.0027949164161788498,-0.010622580894349264,0.005254951642327144,20,1000
relative_ticker,relative_pooled,lag_1,logistic_regression,MSFT,0.5042538575354047,0.5077547030226168,0.46142735477283553,0.5398289676380564,-0.0035008454872120787,-0.0067112002520809,0.0060036810885244,20,1000
relative_ticker,relative_pooled,lag_1,logistic_regression,NVDA,0.5142411752272247,0.5171343267808074,0.47462472532752525,0.5567807420275858,-0.002893151553582718,-0.00938808734889994,0.003535946390169265,20,1000
relative_ticker,relative_pooled,lag_1,logistic_regression,TSLA,0.510548357544824,0.5082319068184793,0.4558646425655501,0.5554804970754311,0.0023164507263446765,-0.002938790953815461,0.0075344315231263,20,1000
relative_ticker,relative_pooled,lag_1,logistic_regression,macro,0.498098267816277,0.4998163834989342,0.4685225925924853,0.5258206873124469,-0.0017181156826572286,-0.004003933780001865,0.002562699649393735,20,1000
relative_ticker,relative_pooled,lag_1,random_forest,AAPL,0.4835996414069504,0.4536597584770342,0.43463894131449665,0.5301980995696931,0.029939882929916173,0.0035984303466317794,0.057593136639390696,20,1000
relative_ticker,relative_pooled,lag_1,random_forest,MSFT,0.5081246036778694,0.5047558655675333,0.4599922190918684,0.5505451034296459,0.0033687381103361114,-0.028185805744349687,0.030699955391277678,20,1000
relative_ticker,relative_pooled,lag_1,random_forest,NVDA,0.5499630099344748,0.5546924540266328,0.5029980263651365,0.5868413268187004,-0.0047294440921580305,-0.034886372860148264,0.017193101464331943,20,1000
relative_ticker,relative_pooled,lag_1,random_forest,TSLA,0.5210574532129303,0.526488679492213,0.4620805249896225,0.5692078171976104,-0.005431226279282719,-0.029981753241801037,0.0195770644874265,20,1000
relative_ticker,relative_pooled,lag_1,random_forest,macro,0.5156861770580562,0.5098991893908533,0.486332107839675,0.538616149623645,0.00578698766720287,-0.009932560307674426,0.019427781786542135,20,1000
relative_ticker,relative_pooled,lag_1,xgboost,AAPL,0.45474081105310343,0.44619126720455626,0.4073098829826935,0.5121261723714824,0.00854954384854717,-0.012678536933611628,0.038999717070356384,20,1000
relative_ticker,relative_pooled,lag_1,xgboost,MSFT,0.5042010145846544,0.5050597125343479,0.4540900836757232,0.5452352414253948,-0.0008586979496935099,-0.03336568043008122,0.0320139002343725,20,1000
relative_ticker,relative_pooled,lag_1,xgboost,NVDA,0.5413231874867893,0.545286408793067,0.5013609009586437,0.5830881471229046,-0.003963221306277687,-0.024825019950415566,0.021649130672010138,20,1000
relative_ticker,relative_pooled,lag_1,xgboost,TSLA,0.5324172228765869,0.5230074597565764,0.484739954210269,0.580411069780661,0.009409763120010517,-0.008261370881238825,0.03147563176895307,20,1000
relative_ticker,relative_pooled,lag_1,xgboost,macro,0.5081705590002834,0.5048862120721369,0.48280049019295923,0.5360535704915748,0.0032843469281464976,-0.006959172692887417,0.01725373198692794,20,1000
relative_ticker,joint,base,hist_gradient_boosting,AAPL,0.4521502399409376,0.46189948847756157,0.407098566806527,0.49313123956585025,-0.009749248536623956,-0.06366809369705727,0.035144738275089,20,1000
relative_ticker,joint,base,hist_gradient_boosting,MSFT,0.49840150073980133,0.4891209575142676,0.45859557408893215,0.5432873108486167,0.009280543225533733,-0.05196857421237057,0.06928831813321397,20,1000
relative_ticker,joint,base,hist_gradient_boosting,NVDA,0.5509538152610441,0.4741928239272881,0.5049836818167677,0.5936984383286426,0.07676099133375602,0.016762422306453834,0.12392567391247684,20,1000
relative_ticker,joint,base,hist_gradient_boosting,TSLA,0.5027679623085983,0.5133097762073027,0.46353899570325274,0.5474156056561564,-0.010541813898704344,-0.050784178298471754,0.04503247432030765,20,1000
relative_ticker,joint,base,hist_gradient_boosting,macro,0.5010683795625954,0.484630761531605,0.47780340393663834,0.523796198130293,0.01643761803099042,-0.009545970756388899,0.03943496415205974,20,1000
relative_ticker,joint,base,lightgbm,AAPL,0.4732109898222855,0.47458208089437326,0.4282772415243529,0.5130207837730466,-0.0013710910720877711,-0.05448829065484111,0.0421083983339865,20,1000
relative_ticker,joint,base,lightgbm,MSFT,0.48355263157894735,0.4775285351934052,0.4389821453459458,0.5202820072341449,0.0060240963855421326,-0.06798488054510629,0.07121158340468559,20,1000
relative_ticker,joint,base,lightgbm,NVDA,0.556634432466709,0.49208676812513213,0.5179732470568542,0.6006728939265865,0.06454766434157683,0.015068512538303065,0.11672221880783125,20,1000
relative_ticker,joint,base,lightgbm,TSLA,0.49832482659337785,0.5154757230728962,0.461333398935592,0.5380274071838578,-0.017150896479518396,-0.05853084994925952,0.03197029195265436,20,1000
relative_ticker,joint,base,lightgbm,macro,0.5029307201153299,0.4899182768214517,0.47837511133257055,0.5235093395654445,0.013012443293878184,-0.013904965096303056,0.038004386702000056,20,1000
relative_ticker,joint,base,logistic_regression,AAPL,0.4502847650688182,0.44945420028476507,0.4008337265245991,0.5130875719572351,0.0008305647840531338,-0.030836165462115726,0.03141225423885069,20,1000
relative_ticker,joint,base,logistic_regression,MSFT,0.518059078418939,0.5219562460367787,0.46656328744469977,0.5632780113611587,-0.0038971676178397585,-0.03839025672657663,0.03314503425114809,20,1000
relative_ticker,joint,base,logistic_regression,NVDA,0.5121010357218347,0.5180326569435637,0.4669765727529964,0.5635329162987956,-0.0059316212217289666,-0.021454003128350316,0.008155725750711131,20,1000
relative_ticker,joint,base,logistic_regression,TSLA,0.5234786022771889,0.5166993848972647,0.47336661773220406,0.5776705292636969,0.006779217379924152,-0.013146963558008045,0.019717292786765234,20,1000
relative_ticker,joint,base,logistic_regression,macro,0.5009808703716951,0.5015356220405931,0.47766220077545757,0.5293786417438217,-0.000554751668897957,-0.01481993189245242,0.011213466750207774,20,1000
relative_ticker,joint,base,random_forest,AAPL,0.4423087064283078,0.5291620524178664,0.39999618280963306,0.4869365550379267,-0.08685334598955863,-0.1484343495836363,-0.032007451622315004,20,1000
relative_ticker,joint,base,random_forest,MSFT,0.4836847389558233,0.48888976960473474,0.4379705262786933,0.5273529834688202,-0.005205030648911424,-0.08782958920002107,0.06630113661179401,20,1000
relative_ticker,joint,base,random_forest,NVDA,0.5525192876770239,0.4874894314098499,0.5149829740779751,0.597412228356272,0.06502985626717395,0.01596640393561535,0.12379477868634525,20,1000
relative_ticker,joint,base,random_forest,TSLA,0.5176154953540113,0.5173144876325089,0.468118763356912,0.5708833983117085,0.00030100772150243316,-0.053436332006297466,0.06771541002330005,20,1000
relative_ticker,joint,base,random_forest,macro,0.49903205710379156,0.50571393526624,0.4744161243902276,0.5229119530906146,-0.006681878162448418,-0.03261883958219118,0.021866272544002932,20,1000
relative_ticker,joint,base,xgboost,AAPL,0.4636001687496704,0.4585970046933502,0.41801259309668237,0.5175726914054115,0.005003164056320231,-0.035248516728123964,0.0504116366717592,20,1000
relative_ticker,joint,base,xgboost,MSFT,0.48653165292749945,0.5048351299936589,0.44203314782845965,0.5302066415801647,-0.018303477066159424,-0.10267678251988982,0.0658902323199249,20,1000
relative_ticker,joint,base,xgboost,NVDA,0.5477634221094906,0.48994662861974214,0.511328573637247,0.5964026849791562,0.05781679348974844,0.012601801686229661,0.10520489288388567,20,1000
relative_ticker,joint,base,xgboost,TSLA,0.5052676351262924,0.513852898835231,0.4660419992512134,0.5518287134883265,-0.00858526370893864,-0.0551010744735556,0.053861693337965845,20,1000
relative_ticker,joint,base,xgboost,macro,0.5007907197282382,0.4918079155354955,0.47697621534761336,0.5291804377529498,0.008982804192742666,-0.015592911799073518,0.03923345460195537,20,1000
relative_ticker,joint,hybrid,hist_gradient_boosting,AAPL,0.46942730580604336,0.4707061119021252,0.4212496546811014,0.5320826741380411,-0.0012788060960818304,-0.049993920724949265,0.04805887132473417,20,1000
relative_ticker,joint,hybrid,hist_gradient_boosting,MSFT,0.5014796026210103,0.4882556541957303,0.46026526489150227,0.5385288920111441,0.013223948425280019,-0.04843855502179297,0.07210594068331629,20,1000
relative_ticker,joint,hybrid,hist_gradient_boosting,NVDA,0.5487410166983724,0.4836847389558233,0.49575466510921573,0.6021951800680414,0.06505627774254907,0.008495146758497992,0.11162913503156845,20,1000
relative_ticker,joint,hybrid,hist_gradient_boosting,TSLA,0.49213453736421936,0.5418466169349562,0.4499573461236744,0.5382775369861943,-0.04971207957073681,-0.0848635418301679,0.0016184326205112513,20,1000
relative_ticker,joint,hybrid,hist_gradient_boosting,macro,0.5029456156224114,0.4961232804971587,0.4792288971594348,0.5311922940000866,0.006822335125252654,-0.017527895301760264,0.032326628893636536,20,1000
relative_ticker,joint,hybrid,lightgbm,AAPL,0.4629409903496282,0.4872778568791858,0.4176663352412938,0.510111865258924,-0.024336866529557577,-0.06589980126354113,0.018585754875610313,20,1000
relative_ticker,joint,hybrid,lightgbm,MSFT,0.5193537307123229,0.4861683576410907,0.4639005506995771,0.5639872147858594,0.03318537307123226,-0.03123686503988659,0.08338001871047551,20,1000
relative_ticker,joint,hybrid,lightgbm,NVDA,0.5547056647643205,0.49398911435214543,0.5057478384307912,0.6019316858878617,0.06071655041217505,0.0036717674905246077,0.11410737633060847,20,1000
relative_ticker,joint,hybrid,lightgbm,TSLA,0.5043057191467085,0.507773851590106,0.45746283364044704,0.5439193108838786,-0.003468132443397498,-0.034145369262195045,0.028655816780047604,20,1000
relative_ticker,joint,hybrid,lightgbm,macro,0.510326526243245,0.49380229511563195,0.48725350784945026,0.5292481599338469,0.016524231127613087,-0.01037706485022131,0.04123297997981405,20,1000
relative_ticker,joint,hybrid,logistic_regression,AAPL,0.4640484100616991,0.468781310974002,0.4173639923017966,0.5142383167525068,-0.004732900912302884,-0.020685528605240946,0.011933204650940697,20,1000
relative_ticker,joint,hybrid,logistic_regression,MSFT,0.5034480025364616,0.5038971676178398,0.45958445978673185,0.539819836538108,-0.0004491650813781556,-0.015978676865035103,0.01647862069748754,20,1000
relative_ticker,joint,hybrid,logistic_regression,NVDA,0.5140430141619108,0.5188913548932572,0.4737543904766604,0.5579934984802828,-0.004848340731346434,-0.013734504881617102,0.005854636448943584,20,1000
relative_ticker,joint,hybrid,logistic_regression,TSLA,0.5106007067137809,0.5032718230598089,0.4568654467070012,0.5547308898069921,0.007328883653971996,-0.007765187347276122,0.022451789069752884,20,1000
relative_ticker,joint,hybrid,logistic_regression,macro,0.4980350333684631,0.49871041413622696,0.46760251916999523,0.5254498037549918,-0.0006753807677638557,-0.008270523080388089,0.007574327351179211,20,1000
relative_ticker,joint,hybrid,random_forest,AAPL,0.4644966513737278,0.49259083478352583,0.42053626543728373,0.5159972415144782,-0.028094183409798024,-0.06271315669453147,0.009556234218822252,20,1000
relative_ticker,joint,hybrid,random_forest,MSFT,0.5046898118790953,0.4852303952652716,0.4518547462805634,0.5517734420286418,0.01945941661382372,-0.046381255209268744,0.07950817663869165,20,1000
relative_ticker,joint,hybrid,random_forest,NVDA,0.5717343056436271,0.5180194462058761,0.5313528138528139,0.6158336618052819,0.053714859437751006,0.014725498248611408,0.09798691197454465,20,1000
relative_ticker,joint,hybrid,random_forest,TSLA,0.5145530689700301,0.5255856563277058,0.4620638108630549,0.5595299369400244,-0.01103258735767576,-0.04863285356405675,0.026531644650676738,20,1000
relative_ticker,joint,hybrid,random_forest,macro,0.5138684594666201,0.5053565831455948,0.4869834074240771,0.537637863264008,0.008511876321025236,-0.014078263244314552,0.03273684474494598,20,1000
relative_ticker,joint,hybrid,xgboost,AAPL,0.45659310235722195,0.48017850551073143,0.40695253994688263,0.5125926022678066,-0.023585403153509488,-0.05555680899626395,0.013819368298872361,20,1000
relative_ticker,joint,hybrid,xgboost,MSFT,0.5083095540054957,0.5033555273726484,0.4532096279924501,0.550330976372854,0.004954026632847275,-0.07019749493762115,0.07031013520706911,20,1000
relative_ticker,joint,hybrid,xgboost,NVDA,0.5511387655886705,0.49199429296131897,0.5158981039348352,0.5924115017761291,0.05914447262735151,0.020225767507231193,0.10100999950052648,20,1000
relative_ticker,joint,hybrid,xgboost,TSLA,0.5217772542860882,0.519794529511844,0.47323289288198656,0.5670321120183964,0.0019827247742442156,-0.03086949578339766,0.04596543012723177,20,1000
relative_ticker,joint,hybrid,xgboost,macro,0.5094546690593691,0.49883071383913574,0.4825287453951848,0.534517696986336,0.01062395522023335,-0.00910918212393248,0.03355459280053935,20,1000
relative_ticker,joint,lag_1,hist_gradient_boosting,AAPL,0.47322417339028633,0.4851223435110478,0.4244939431739828,0.530048954176708,-0.011898170120761498,-0.045348392267023065,0.033069522748131616,20,1000
relative_ticker,joint,lag_1,hist_gradient_boosting,MSFT,0.50946549355316,0.47566582117945466,0.4557787863007854,0.5551641313599207,0.03379967237370529,-0.03527569976482959,0.08827704480524094,20,1000
relative_ticker,joint,lag_1,hist_gradient_boosting,NVDA,0.5133692665398436,0.4956140350877193,0.4628860259151141,0.5721260154862,0.01775523145212432,-0.05310108052336341,0.07194323164023718,20,1000
relative_ticker,joint,lag_1,hist_gradient_boosting,TSLA,0.5011516817170527,0.5172555948174322,0.45416633163913683,0.5537385351533448,-0.016103913100379508,-0.05044197375658042,0.03329532630294794,20,1000
relative_ticker,joint,lag_1,hist_gradient_boosting,macro,0.49930265380008565,0.4934144486489135,0.47493407898611945,0.5287928115531292,0.005888205151172166,-0.02148534073480406,0.03186393322083638,20,1000
relative_ticker,joint,lag_1,lightgbm,AAPL,0.45721932183726205,0.48251199704688075,0.4004485250435356,0.5075250689740478,-0.025292675209618698,-0.07166829675815552,0.01959522170334785,20,1000
relative_ticker,joint,lag_1,lightgbm,MSFT,0.4885991333756077,0.48030279010779964,0.4445458153687089,0.5260303771143153,0.008296343267808037,-0.05048309933609409,0.058577935836752665,20,1000
relative_ticker,joint,lag_1,lightgbm,NVDA,0.5542168674698795,0.5188385119425069,0.5153918386604337,0.5955996359742429,0.035378355527372674,-0.0031567603098056275,0.0826250791575396,20,1000
relative_ticker,joint,lag_1,lightgbm,TSLA,0.48875801596649654,0.49837717576233476,0.4414917976397568,0.5290794626502482,-0.009619159795838217,-0.045611025450165876,0.03583156667033533,20,1000
relative_ticker,joint,lag_1,lightgbm,macro,0.49719833466231145,0.49500761871488047,0.47083716542027104,0.5202081445848332,0.0021907159474309768,-0.019877242941634454,0.02733712323416429,20,1000
relative_ticker,joint,lag_1,logistic_regression,AAPL,0.4633496809576544,0.4694009386700417,0.4166817005934623,0.5142626453825452,-0.006051257712387292,-0.023673817690881893,0.010451046973437138,20,1000
relative_ticker,joint,lag_1,logistic_regression,MSFT,0.5042538575354047,0.4948742337772141,0.46142735477283553,0.5398289676380564,0.009379623758190625,-0.012417518381066932,0.030838027506382627,20,1000
relative_ticker,joint,lag_1,logistic_regression,NVDA,0.5142411752272247,0.5191819911223843,0.47462472532752525,0.5567807420275858,-0.0049408158951596,-0.01899912905696304,0.009026583217924265,20,1000
relative_ticker,joint,lag_1,logistic_regression,TSLA,0.510548357544824,0.5007983248265934,0.4558646425655501,0.5554804970754311,0.009750032718230606,-0.006764233985331365,0.024684575092568342,20,1000
relative_ticker,joint,lag_1,logistic_regression,macro,0.498098267816277,0.49606387209905833,0.4685225925924853,0.5258206873124469,0.00203439571721864,-0.0072611309357846834,0.011327374955199192,20,1000
relative_ticker,joint,lag_1,random_forest,AAPL,0.4835996414069504,0.4947002056636608,0.43463894131449665,0.5301980995696931,-0.01110056425671041,-0.05471938055506852,0.027627531998394617,20,1000
relative_ticker,joint,lag_1,random_forest,MSFT,0.5081246036778694,0.48645899387021774,0.4599922190918684,0.5505451034296459,0.021665609807651642,-0.037526325748082595,0.07584602972455949,20,1000
relative_ticker,joint,lag_1,random_forest,NVDA,0.5499630099344748,0.5309395476643416,0.5029980263651365,0.5868413268187004,0.019023462270133185,-0.0235046591198146,0.062002361523750535,20,1000
relative_ticker,joint,lag_1,random_forest,TSLA,0.5210574532129303,0.5242245779348252,0.4620805249896225,0.5692078171976104,-0.003167124721894954,-0.042523098937122014,0.03850113266766942,20,1000
relative_ticker,joint,lag_1,random_forest,macro,0.5156861770580562,0.5090808312832613,0.486332107839675,0.538616149623645,0.00660534577479488,-0.016326114368478275,0.029361563894662282,20,1000
relative_ticker,joint,lag_1,xgboost,AAPL,0.45474081105310343,0.48832595053525285,0.4073098829826935,0.5121261723714824,-0.03358513948214942,-0.06646014662689557,0.007538382624673051,20,1000
relative_ticker,joint,lag_1,xgboost,MSFT,0.5042010145846544,0.49764848869160855,0.4540900836757232,0.5452352414253948,0.006552525893045835,-0.06084871280309199,0.06382582414964721,20,1000
relative_ticker,joint,lag_1,xgboost,NVDA,0.5413231874867893,0.5035140562248996,0.5013609009586437,0.5830881471229046,0.03780913126188967,-0.009941107245357074,0.07954690718470434,20,1000
relative_ticker,joint,lag_1,xgboost,TSLA,0.5324172228765869,0.5089255333071587,0.484739954210269,0.580411069780661,0.023491689569428154,-0.012100463880708057,0.07260318725928167,20,1000
relative_ticker,joint,lag_1,xgboost,macro,0.5081705590002834,0.49960350718972996,0.48280049019295923,0.5360535704915748,0.00856705181055345,-0.011623608210850062,0.0314577450826012,20,1000
raw_interactions,raw_ticker,base,logistic_regression,AAPL,0.4377735590360175,0.4510889627168697,0.38003615713041783,0.49913267043012044,-0.013315403680852211,-0.058465356852114826,0.031249276192614826,20,1000
raw_interactions,raw_ticker,base,logistic_regression,MSFT,0.49804481082223634,0.5001453181145635,0.4528637517555157,0.544541424739344,-0.0021005072923271917,-0.05302073524398438,0.04872204797314564,20,1000
raw_interactions,raw_ticker,base,logistic_regression,NVDA,0.4906467977171845,0.5144525470302261,0.4557433709463867,0.5251093504192128,-0.023805749313041635,-0.08116589323271532,0.023066445075421056,20,1000
raw_interactions,raw_ticker,base,logistic_regression,TSLA,0.5285172097892946,0.5266326397068447,0.48776777773589514,0.5732366279417616,0.00188457008244991,-0.03364273855739234,0.03446713725482297,20,1000
raw_interactions,raw_ticker,base,logistic_regression,macro,0.48874559434118325,0.498079866892126,0.467639998669543,0.5131942650636481,-0.009334272550942768,-0.03259242074759558,0.010270187870153788,20,1000
raw_interactions,raw_ticker,hybrid,logistic_regression,AAPL,0.45297421294099033,0.463718820861678,0.41027288340768936,0.4944331541680006,-0.010744607920687654,-0.05362990423971076,0.027111708390845302,20,1000
raw_interactions,raw_ticker,hybrid,logistic_regression,MSFT,0.49413443246670896,0.5008586979496935,0.444700278566661,0.5428046722347127,-0.006724265482984548,-0.042075162480548496,0.034907219016580636,20,1000
raw_interactions,raw_ticker,hybrid,logistic_regression,NVDA,0.5139241175227225,0.5146110758824772,0.471983117398202,0.5576837284082001,-0.0006869583597547413,-0.051605107281174484,0.04583836158252976,20,1000
raw_interactions,raw_ticker,hybrid,logistic_regression,TSLA,0.529982986520089,0.5062688129825939,0.48948714894562323,0.5708296958759166,0.023714173537495165,-0.010527747091515547,0.06232897801176601,20,1000
raw_interactions,raw_ticker,hybrid,logistic_regression,macro,0.49775393736262774,0.4963643519191106,0.4714342316777112,0.5215668251713039,0.0013895854435171384,-0.02348770530873772,0.027536921272486057,20,1000
raw_interactions,raw_ticker,lag_1,logistic_regression,AAPL,0.4592627748773928,0.4622158941095818,0.4127379844555272,0.5028936683549533,-0.0029531192321889943,-0.04540010342165443,0.03421366504441039,20,1000
raw_interactions,raw_ticker,lag_1,logistic_regression,MSFT,0.49102990911012473,0.4965387867258508,0.44224296655920714,0.5399489238487453,-0.005508877615726049,-0.03866529848453245,0.030468639079533122,20,1000
raw_interactions,raw_ticker,lag_1,logistic_regression,NVDA,0.5082567110547453,0.5133824772775312,0.4682608083172534,0.5490444843098359,-0.005125766222785821,-0.052916457322624136,0.04346242023131571,20,1000
raw_interactions,raw_ticker,lag_1,logistic_regression,TSLA,0.5361340138725298,0.5045282031147755,0.49816020101809927,0.5771137688062368,0.03160581075775426,-0.0026867416170328062,0.07538242640447212,20,1000
raw_interactions,raw_ticker,lag_1,logistic_regression,macro,0.4986708522286982,0.4941663403069348,0.4728019621119892,0.5226187874030885,0.004504511921763432,-0.020154375318980844,0.028547394296719077,20,1000
relative_interactions,relative_ticker,base,logistic_regression,AAPL,0.43507092759584454,0.4502847650688182,0.39062198879567134,0.490591476648958,-0.015213837472973668,-0.04937994069938876,0.019580465440030455,20,1000
relative_interactions,relative_ticker,base,logistic_regression,MSFT,0.5045312830268442,0.518059078418939,0.44874652462171843,0.5674842376496939,-0.0135277953920947,-0.061094889734544466,0.0312599067396252,20,1000
relative_interactions,relative_ticker,base,logistic_regression,NVDA,0.5304375396322131,0.5121010357218347,0.4843267535679239,0.5825112737892494,0.018336503910378332,-0.011689216690348028,0.045197149588042565,20,1000
relative_interactions,relative_ticker,base,logistic_regression,TSLA,0.5213453736421935,0.5234786022771889,0.47952453865806477,0.5651259609002486,-0.002133228634995432,-0.024527132198315878,0.025081559646429295,20,1000
relative_interactions,relative_ticker,base,logistic_regression,macro,0.49784628097427386,0.5009808703716951,0.47447667565776896,0.5257441440806062,-0.0031345893974212835,-0.019903862571562264,0.013286123461326462,20,1000
relative_interactions,relative_ticker,hybrid,logistic_regression,AAPL,0.45634920634920634,0.4640484100616991,0.40963522270774466,0.5049532847309353,-0.007699203712492775,-0.03358809989706079,0.01853717692717365,20,1000
relative_interactions,relative_ticker,hybrid,logistic_regression,MSFT,0.5038971676178398,0.5034480025364616,0.44978270848824015,0.549025605121721,0.0004491650813781556,-0.03838981099032066,0.03994819238284036,20,1000
relative_interactions,relative_ticker,hybrid,logistic_regression,NVDA,0.5308867047135912,0.5140430141619108,0.49270963899250925,0.5719881244086874,0.016843690551680446,-0.018624908988516375,0.05485572805529498,20,1000
relative_interactions,relative_ticker,hybrid,logistic_regression,TSLA,0.5324041355843476,0.5106007067137809,0.49096495126758927,0.570419351892775,0.021803428870566743,-0.01159076602072221,0.06100295530590349,20,1000
relative_interactions,relative_ticker,hybrid,logistic_regression,macro,0.5058843035662463,0.4980350333684631,0.4798739196740514,0.52798287111444,0.007849270197783142,-0.011495729799563202,0.02783986306125562,20,1000
relative_interactions,relative_ticker,lag_1,logistic_regression,AAPL,0.46059431524547806,0.4633496809576544,0.41491837277739957,0.5075102619745236,-0.0027553657121763275,-0.0296533759463767,0.02292355469317168,20,1000
relative_interactions,relative_ticker,lag_1,logistic_regression,MSFT,0.5031573663073347,0.5042538575354047,0.4481293057566626,0.5474229783379915,-0.0010964912280700956,-0.039420348675748056,0.03531506073686904,20,1000
relative_interactions,relative_ticker,lag_1,logistic_regression,NVDA,0.5345989220038047,0.5142411752272247,0.4957174106253362,0.5749560915275201,0.020357746776579977,-0.01521192311511072,0.057930717358375544,20,1000
relative_interactions,relative_ticker,lag_1,logistic_regression,TSLA,0.5319722549404529,0.510548357544824,0.49101490454926816,0.5680205345233048,0.021423897395628888,-0.013304588263325711,0.06095590882710146,20,1000
relative_interactions,relative_ticker,lag_1,logistic_regression,macro,0.5075807146242676,0.498098267816277,0.48123635474655835,0.5293056108059246,0.009482446807990597,-0.009856913838697651,0.028095967166962554,20,1000
relative_ticker,individual,base,hist_gradient_boosting,AAPL,0.4521502399409376,0.4512405737488794,0.407098566806527,0.49313123956585025,0.0009096661920582338,-0.05478702587951518,0.06174424738398482,20,1000
relative_ticker,individual,base,hist_gradient_boosting,MSFT,0.49840150073980133,0.5141090678503487,0.45859557408893215,0.5432873108486167,-0.015707567110547382,-0.08411524518494473,0.048634949058895656,20,1000
relative_ticker,individual,base,hist_gradient_boosting,NVDA,0.5509538152610441,0.5223855950116254,0.5049836818167677,0.5936984383286426,0.02856822024941874,-0.033568744522889306,0.08115058284931617,20,1000
relative_ticker,individual,base,hist_gradient_boosting,TSLA,0.5027679623085983,0.4983837194084544,0.46353899570325274,0.5474156056561564,0.004384242900143942,-0.05085286457186198,0.0724536195571891,20,1000
relative_ticker,individual,base,hist_gradient_boosting,macro,0.5010683795625954,0.49652973900482694,0.47780340393663834,0.523796198130293,0.004538640557768481,-0.024783678448034994,0.033733053432350855,20,1000
relative_ticker,individual,base,lightgbm,AAPL,0.4732109898222855,0.4632376206296472,0.4282772415243529,0.5130207837730466,0.009973369192638304,-0.04412170072369837,0.0673648521193374,20,1000
relative_ticker,individual,base,lightgbm,MSFT,0.48355263157894735,0.5097363136757557,0.4389821453459458,0.5202820072341449,-0.026183682096808325,-0.10061258936088234,0.03780934414065099,20,1000
relative_ticker,individual,base,lightgbm,NVDA,0.556634432466709,0.5106082223631367,0.5179732470568542,0.6006728939265865,0.04602621010357222,-0.01475812402883237,0.10350411528426902,20,1000
relative_ticker,individual,base,lightgbm,TSLA,0.49832482659337785,0.5052283732495747,0.461333398935592,0.5380274071838578,-0.006903546656196857,-0.051437796544387286,0.05046387319553479,20,1000
relative_ticker,individual,base,lightgbm,macro,0.5029307201153299,0.49720263247952856,0.47837511133257055,0.5235093395654445,0.005728087635801349,-0.025268663341821193,0.03527265307518911,20,1000
relative_ticker,individual,base,logistic_regression,AAPL,0.4502847650688182,0.427015767547329,0.4008337265245991,0.5130875719572351,0.0232689975214892,-0.028281490776373933,0.07743611793354874,20,1000
relative_ticker,individual,base,logistic_regression,MSFT,0.518059078418939,0.4945043331219615,0.46656328744469977,0.5632780113611587,0.02355474529697743,-0.018141342960867286,0.0605295394542092,20,1000
relative_ticker,individual,base,logistic_regression,NVDA,0.5121010357218347,0.4879253857535405,0.4669765727529964,0.5635329162987956,0.024175649968294244,-0.02604705960440733,0.08169158239785536,20,1000
relative_ticker,individual,base,logistic_regression,TSLA,0.5234786022771889,0.5259651878026437,0.47336661773220406,0.5776705292636969,-0.0024865855254547764,-0.04143363036711338,0.032606459682246375,20,1000
relative_ticker,individual,base,logistic_regression,macro,0.5009808703716951,0.4838526685563687,0.47766220077545757,0.5293786417438217,0.017128201815326427,-0.008446270502803097,0.04014821434004304,20,1000
relative_ticker,individual,base,random_forest,AAPL,0.4423087064283078,0.4412869799082424,0.39999618280963306,0.4869365550379267,0.0010217265200653802,-0.053740062781163264,0.060430352670684494,20,1000
relative_ticker,individual,base,random_forest,MSFT,0.4836847389558233,0.5057863031071655,0.4379705262786933,0.5273529834688202,-0.022101564151342235,-0.10726433706165422,0.04677855244071513,20,1000
relative_ticker,individual,base,random_forest,NVDA,0.5525192876770239,0.49696813570069753,0.5149829740779751,0.597412228356272,0.05555115197632632,-0.0043760089087752614,0.11643474939909412,20,1000
relative_ticker,individual,base,random_forest,TSLA,0.5176154953540113,0.5097304017798717,0.468118763356912,0.5708833983117085,0.007885093574139579,-0.05041893591628776,0.08121669618704459,20,1000
relative_ticker,individual,base,random_forest,macro,0.49903205710379156,0.48844295512399427,0.4744161243902276,0.5229119530906146,0.010589101979797289,-0.02366332899650157,0.04533831896639891,20,1000
relative_ticker,individual,base,xgboost,AAPL,0.4636001687496704,0.4663423508938459,0.41801259309668237,0.5175726914054115,-0.0027421821441754868,-0.05864415337183355,0.06447243572784195,20,1000
relative_ticker,individual,base,xgboost,MSFT,0.48653165292749945,0.492284929190446,0.44203314782845965,0.5302066415801647,-0.005753276262946527,-0.07539227290076021,0.05262202732886612,20,1000
relative_ticker,individual,base,xgboost,NVDA,0.5477634221094906,0.5189904354259142,0.511328573637247,0.5964026849791562,0.028772986683576418,-0.03375596930277538,0.09716355692577447,20,1000
relative_ticker,individual,base,xgboost,TSLA,0.5052676351262924,0.5192514068839157,0.4660419992512134,0.5518287134883265,-0.013983771757623331,-0.06273863059538036,0.05247006810204644,20,1000
relative_ticker,individual,base,xgboost,macro,0.5007907197282382,0.49921728059853043,0.47697621534761336,0.5291804377529498,0.0015734391297077543,-0.02993112071405701,0.03516522134474131,20,1000
relative_ticker,individual,hybrid,hist_gradient_boosting,AAPL,0.46942730580604336,0.47093023255813954,0.4212496546811014,0.5320826741380411,-0.0015029267520961787,-0.059705379534405474,0.06523698324606932,20,1000
relative_ticker,individual,hybrid,hist_gradient_boosting,MSFT,0.5014796026210103,0.5123388290002113,0.46026526489150227,0.5385288920111441,-0.010859226379201004,-0.07175262743666444,0.04315370397325733,20,1000
relative_ticker,individual,hybrid,hist_gradient_boosting,NVDA,0.5487410166983724,0.5047756816740647,0.49575466510921573,0.6021951800680414,0.04396533502430766,-0.026061763515669068,0.11059400789418568,20,1000
relative_ticker,individual,hybrid,hist_gradient_boosting,TSLA,0.49213453736421936,0.5117785630153121,0.4499573461236744,0.5382775369861943,-0.019644025651092745,-0.065418339462417,0.04105760951171023,20,1000
relative_ticker,individual,hybrid,hist_gradient_boosting,macro,0.5029456156224114,0.49995582656193194,0.4792288971594348,0.5311922940000866,0.0029897890604794197,-0.030554204291725447,0.04154387855581093,20,1000
relative_ticker,individual,hybrid,lightgbm,AAPL,0.4629409903496282,0.43551916890787323,0.4176663352412938,0.510111865258924,0.02742182144175498,-0.032169414688334945,0.08880497086723677,20,1000
relative_ticker,individual,hybrid,lightgbm,MSFT,0.5193537307123229,0.5028403086028324,0.4639005506995771,0.5639872147858594,0.016513422109490583,-0.050569495947826754,0.06680315334862487,20,1000
relative_ticker,individual,hybrid,lightgbm,NVDA,0.5547056647643205,0.5112027055590784,0.5057478384307912,0.6019316858878617,0.04350295920524205,-0.023789040194549176,0.1100965369565808,20,1000
relative_ticker,individual,hybrid,lightgbm,TSLA,0.5043057191467085,0.5221175238843083,0.45746283364044704,0.5439193108838786,-0.0178118047375998,-0.06259461274645083,0.02886752736448643,20,1000
relative_ticker,individual,hybrid,lightgbm,macro,0.510326526243245,0.4929199267385231,0.48725350784945026,0.5292481599338469,0.017406599504721953,-0.01668876970368955,0.048527537189205855,20,1000
relative_ticker,individual,hybrid,logistic_regression,AAPL,0.4640484100616991,0.44582871908453303,0.4173639923017966,0.5142383167525068,0.01821969097716608,-0.016083243772070824,0.05144791004344829,20,1000
relative_ticker,individual,hybrid,logistic_regression,MSFT,0.5034480025364616,0.4938834284506447,0.45958445978673185,0.539819836538108,0.009564574085816901,-0.029453508085183468,0.04034231120987961,20,1000
relative_ticker,individual,hybrid,logistic_regression,NVDA,0.5140430141619108,0.5109781230183893,0.4737543904766604,0.5579934984802828,0.0030648911435214865,-0.038653923275458885,0.051042265216782,20,1000
relative_ticker,individual,hybrid,logistic_regression,TSLA,0.5106007067137809,0.5227326266195524,0.4568654467070012,0.5547308898069921,-0.01213191990577156,-0.0567024418568368,0.025821601118651737,20,1000
relative_ticker,individual,hybrid,logistic_regression,macro,0.4980350333684631,0.49335572429327984,0.46760251916999523,0.5254498037549918,0.004679309075183269,-0.017913999735632322,0.02789080695733257,20,1000
relative_ticker,individual,hybrid,random_forest,AAPL,0.4644966513737278,0.44137267310024786,0.42053626543728373,0.5159972415144782,0.02312397827347995,-0.029283260203867376,0.08204167870096299,20,1000
relative_ticker,individual,hybrid,random_forest,MSFT,0.5046898118790953,0.5068695835975481,0.4518547462805634,0.5517734420286418,-0.0021797717184527388,-0.06874429506220064,0.05227652443529705,20,1000
relative_ticker,individual,hybrid,random_forest,NVDA,0.5717343056436271,0.5025760938490805,0.5313528138528139,0.6158336618052819,0.06915821179454662,0.018127584567322018,0.1261946848087806,20,1000
relative_ticker,individual,hybrid,random_forest,TSLA,0.5145530689700301,0.5266849888758016,0.4620638108630549,0.5595299369400244,-0.01213191990577156,-0.054023217789404915,0.03326457188906451,20,1000
relative_ticker,individual,hybrid,random_forest,macro,0.5138684594666201,0.4943758348556695,0.4869834074240771,0.537637863264008,0.019492624610950582,-0.011195199510763485,0.04949413388058354,20,1000
relative_ticker,individual,hybrid,xgboost,AAPL,0.45659310235722195,0.45074618994884774,0.40695253994688263,0.5125926022678066,0.005846912408374205,-0.047341067059234784,0.0714196868433671,20,1000
relative_ticker,individual,hybrid,xgboost,MSFT,0.5083095540054957,0.49480818008877614,0.4532096279924501,0.550330976372854,0.013501373916719572,-0.05516507426940583,0.07257384876818199,20,1000
relative_ticker,individual,hybrid,xgboost,NVDA,0.5511387655886705,0.5304375396322131,0.5158981039348352,0.5924115017761291,0.020701225956457403,-0.03284533380010993,0.07364817920638232,20,1000
relative_ticker,individual,hybrid,xgboost,TSLA,0.5217772542860882,0.5304083235178642,0.47323289288198656,0.5670321120183964,-0.008631069231775923,-0.055248584819254924,0.047240652654129064,20,1000
relative_ticker,individual,hybrid,xgboost,macro,0.5094546690593691,0.5016000582969252,0.4825287453951848,0.534517696986336,0.00785461076244387,-0.020816565337661422,0.0393120494893831,20,1000
relative_ticker,individual,lag_1,hist_gradient_boosting,AAPL,0.47322417339028633,0.47021172810209355,0.4244939431739828,0.530048954176708,0.0030124452881927777,-0.0460248857751418,0.06677815123169405,20,1000
relative_ticker,individual,lag_1,hist_gradient_boosting,MSFT,0.50946549355316,0.4996036778693722,0.4557787863007854,0.5551641313599207,0.009861815683787745,-0.06284845017682542,0.07429012341658262,20,1000
relative_ticker,individual,lag_1,hist_gradient_boosting,NVDA,0.5133692665398436,0.5193074931304164,0.4628860259151141,0.5721260154862,-0.005938226590572748,-0.08034777505814926,0.06215867816228581,20,1000
relative_ticker,individual,lag_1,hist_gradient_boosting,TSLA,0.5011516817170527,0.4949417615495354,0.45416633163913683,0.5537385351533448,0.006209920167517313,-0.03834846223629572,0.06918948369180396,20,1000
relative_ticker,individual,lag_1,hist_gradient_boosting,macro,0.49930265380008565,0.4960161651628544,0.47493407898611945,0.5287928115531292,0.003286488637231244,-0.027700919357833167,0.03956515437269647,20,1000
relative_ticker,individual,lag_1,lightgbm,AAPL,0.45721932183726205,0.4667642250698729,0.4004485250435356,0.5075250689740478,-0.009544903232610868,-0.06855106586579009,0.045060011017393944,20,1000
relative_ticker,individual,lag_1,lightgbm,MSFT,0.4885991333756077,0.5075036990065526,0.4445458153687089,0.5260303771143153,-0.01890456563094489,-0.08771593038265012,0.034609349182828514,20,1000
relative_ticker,individual,lag_1,lightgbm,NVDA,0.5542168674698795,0.5158000422743606,0.5153918386604337,0.5955996359742429,0.03841682519551892,-0.012853520123370309,0.08956597617179642,20,1000
relative_ticker,individual,lag_1,lightgbm,TSLA,0.48875801596649654,0.5210181913362125,0.4414917976397568,0.5290794626502482,-0.03226017536971598,-0.0739858892034228,0.021712260760244212,20,1000
relative_ticker,individual,lag_1,lightgbm,macro,0.49719833466231145,0.5027715394217497,0.47083716542027104,0.5202081445848332,-0.005573204759438233,-0.03452932168952442,0.02391090522735171,20,1000
relative_ticker,individual,lag_1,logistic_regression,AAPL,0.4633496809576544,0.4536465749090334,0.4166817005934623,0.5142626453825452,0.009703106048621013,-0.028097860806486435,0.047359094514759316,20,1000
relative_ticker,individual,lag_1,logistic_regression,MSFT,0.5042538575354047,0.49462322976114986,0.46142735477283553,0.5398289676380564,0.009630627774254885,-0.02557990538825272,0.039723303040801614,20,1000
relative_ticker,individual,lag_1,logistic_regression,NVDA,0.5142411752272247,0.5067242654829845,0.47462472532752525,0.5567807420275858,0.00751690974424013,-0.03571702675811279,0.0530798372337921,20,1000
relative_ticker,individual,lag_1,logistic_regression,TSLA,0.510548357544824,0.5323648737076299,0.4558646425655501,0.5554804970754311,-0.021816516162805888,-0.07282615250575122,0.019423814917988884,20,1000
relative_ticker,individual,lag_1,logistic_regression,macro,0.498098267816277,0.4968397359651994,0.4685225925924853,0.5258206873124469,0.001258531851077549,-0.022029444447920148,0.02380861108728971,20,1000
relative_ticker,individual,lag_1,random_forest,AAPL,0.4835996414069504,0.44113536887623267,0.43463894131449665,0.5301980995696931,0.04246427253071772,-0.016547541601388494,0.09933848997831063,20,1000
relative_ticker,individual,lag_1,random_forest,MSFT,0.5081246036778694,0.5024175649968294,0.4599922190918684,0.5505451034296459,0.005707038681039944,-0.05777481717193059,0.05916774777814616,20,1000
relative_ticker,individual,lag_1,random_forest,NVDA,0.5499630099344748,0.5012285986049461,0.5029980263651365,0.5868413268187004,0.048734411329528715,-0.002447776306081173,0.0953176417619049,20,1000
relative_ticker,individual,lag_1,random_forest,TSLA,0.5210574532129303,0.5195524146054181,0.4620805249896225,0.5692078171976104,0.0015050386075121658,-0.04399947841026527,0.05273511497484353,20,1000
relative_ticker,individual,lag_1,random_forest,macro,0.5156861770580562,0.49108348677085656,0.486332107839675,0.538616149623645,0.024602690287199636,-0.005882230631594365,0.05457330779874487,20,1000
relative_ticker,individual,lag_1,xgboost,AAPL,0.45474081105310343,0.46389020724568897,0.4073098829826935,0.5121261723714824,-0.009149396192585535,-0.060442865279339744,0.056972873559372694,20,1000
relative_ticker,individual,lag_1,xgboost,MSFT,0.5042010145846544,0.49412122172902134,0.4540900836757232,0.5452352414253948,0.01007979285563304,-0.064054741383038,0.07260962344154377,20,1000
relative_ticker,individual,lag_1,xgboost,NVDA,0.5413231874867893,0.5242284929190446,0.5013609009586437,0.5830881471229046,0.017094694567744706,-0.038278901765285304,0.07616520094083604,20,1000
relative_ticker,individual,lag_1,xgboost,TSLA,0.5324172228765869,0.5088470095537233,0.484739954210269,0.580411069780661,0.023570213322863576,-0.022853838423272925,0.08442981451925839,20,1000
relative_ticker,individual,lag_1,xgboost,macro,0.5081705590002834,0.4977717328618696,0.48280049019295923,0.5360535704915748,0.010398826138413808,-0.018108197788957624,0.046968442378342114,20,1000
