approach,dataset_type,model_name,outer_fold,window_years,train_start,train_end,train_target_end,train_rows,valid_start,valid_end,valid_rows,selection_metric,inner_score,features,params
reference,base,dummy,1,all,2015-01-02,2023-10-12,2023-10-13,8840,2023-10-16,2024-07-11,740,pooled_auc,0.5,9,{}
reference,base,logistic_regression,1,all,2015-01-02,2023-10-12,2023-10-13,8840,2023-10-16,2024-07-11,740,pooled_auc,0.5015333179030799,9,"{""model__C"": 0.1}"
reference,base,random_forest,1,all,2015-01-02,2023-10-12,2023-10-13,8840,2023-10-16,2024-07-11,740,pooled_auc,0.5028756128708378,9,"{""model__max_depth"": 8, ""model__min_samples_leaf"": 20, ""model__n_estimators"": 100}"
reference,base,hist_gradient_boosting,1,all,2015-01-02,2023-10-12,2023-10-13,8840,2023-10-16,2024-07-11,740,pooled_auc,0.5040198039453792,9,"{""model__early_stopping"": false, ""model__max_iter"": 100, ""model__max_leaf_nodes"": 15}"
reference,hybrid,logistic_regression,1,all,2015-01-02,2023-10-12,2023-10-13,8840,2023-10-16,2024-07-11,740,pooled_auc,0.510882885017684,22,"{""model__C"": 0.1}"
reference,hybrid,random_forest,1,all,2015-01-02,2023-10-12,2023-10-13,8840,2023-10-16,2024-07-11,740,pooled_auc,0.50306002234913,22,"{""model__max_depth"": 8, ""model__min_samples_leaf"": 20, ""model__n_estimators"": 100}"
reference,hybrid,hist_gradient_boosting,1,all,2015-01-02,2023-10-12,2023-10-13,8840,2023-10-16,2024-07-11,740,pooled_auc,0.50408643533899,22,"{""model__early_stopping"": false, ""model__max_iter"": 100, ""model__max_leaf_nodes"": 15}"
reference,lag_1,logistic_regression,1,all,2015-01-02,2023-10-12,2023-10-13,8840,2023-10-16,2024-07-11,740,pooled_auc,0.5110373602039658,24,"{""model__C"": 0.1}"
reference,lag_1,random_forest,1,all,2015-01-02,2023-10-12,2023-10-13,8840,2023-10-16,2024-07-11,740,pooled_auc,0.5064097915649816,24,"{""model__max_depth"": 4, ""model__min_samples_leaf"": 20, ""model__n_estimators"": 100}"
reference,lag_1,hist_gradient_boosting,1,all,2015-01-02,2023-10-12,2023-10-13,8840,2023-10-16,2024-07-11,740,pooled_auc,0.5023191719570059,24,"{""model__early_stopping"": false, ""model__max_iter"": 100, ""model__max_leaf_nodes"": 7}"
reference,base,dummy,2,all,2015-01-02,2024-07-10,2024-07-11,9580,2024-07-12,2025-04-04,736,pooled_auc,0.5,9,{}
reference,base,logistic_regression,2,all,2015-01-02,2024-07-10,2024-07-11,9580,2024-07-12,2025-04-04,736,pooled_auc,0.5033160632913615,9,"{""model__C"": 0.1}"
reference,base,random_forest,2,all,2015-01-02,2024-07-10,2024-07-11,9580,2024-07-12,2025-04-04,736,pooled_auc,0.5049663466787623,9,"{""model__max_depth"": 8, ""model__min_samples_leaf"": 20, ""model__n_estimators"": 100}"
reference,base,hist_gradient_boosting,2,all,2015-01-02,2024-07-10,2024-07-11,9580,2024-07-12,2025-04-04,736,pooled_auc,0.5006621394050003,9,"{""model__early_stopping"": false, ""model__max_iter"": 100, ""model__max_leaf_nodes"": 15}"
reference,hybrid,logistic_regression,2,all,2015-01-02,2024-07-10,2024-07-11,9580,2024-07-12,2025-04-04,736,pooled_auc,0.5126035122951457,22,"{""model__C"": 0.1}"
reference,hybrid,random_forest,2,all,2015-01-02,2024-07-10,2024-07-11,9580,2024-07-12,2025-04-04,736,pooled_auc,0.5109757207618207,22,"{""model__max_depth"": 8, ""model__min_samples_leaf"": 20, ""model__n_estimators"": 100}"
reference,hybrid,hist_gradient_boosting,2,all,2015-01-02,2024-07-10,2024-07-11,9580,2024-07-12,2025-04-04,736,pooled_auc,0.5075647014485204,22,"{""model__early_stopping"": false, ""model__max_iter"": 100, ""model__max_leaf_nodes"": 15}"
reference,lag_1,logistic_regression,2,all,2015-01-02,2024-07-10,2024-07-11,9580,2024-07-12,2025-04-04,736,pooled_auc,0.5126497291563421,24,"{""model__C"": 0.1}"
reference,lag_1,random_forest,2,all,2015-01-02,2024-07-10,2024-07-11,9580,2024-07-12,2025-04-04,736,pooled_auc,0.5104804889862279,24,"{""model__max_depth"": 8, ""model__min_samples_leaf"": 20, ""model__n_estimators"": 100}"
reference,lag_1,hist_gradient_boosting,2,all,2015-01-02,2024-07-10,2024-07-11,9580,2024-07-12,2025-04-04,736,pooled_auc,0.49902231731628244,24,"{""model__early_stopping"": false, ""model__max_iter"": 100, ""model__max_leaf_nodes"": 15}"
reference,base,dummy,3,all,2015-01-02,2025-04-03,2025-04-04,10316,2025-04-07,2025-12-29,736,pooled_auc,0.5,9,{}
reference,base,logistic_regression,3,all,2015-01-02,2025-04-03,2025-04-04,10316,2025-04-07,2025-12-29,736,pooled_auc,0.5055561205658033,9,"{""model__C"": 10.0}"
reference,base,random_forest,3,all,2015-01-02,2025-04-03,2025-04-04,10316,2025-04-07,2025-12-29,736,pooled_auc,0.510317251103037,9,"{""model__max_depth"": 4, ""model__min_samples_leaf"": 20, ""model__n_estimators"": 100}"
reference,base,hist_gradient_boosting,3,all,2015-01-02,2025-04-03,2025-04-04,10316,2025-04-07,2025-12-29,736,pooled_auc,0.51137966080714,9,"{""model__early_stopping"": false, ""model__max_iter"": 100, ""model__max_leaf_nodes"": 15}"
reference,hybrid,logistic_regression,3,all,2015-01-02,2025-04-03,2025-04-04,10316,2025-04-07,2025-12-29,736,pooled_auc,0.5071322070654264,22,"{""model__C"": 10.0}"
reference,hybrid,random_forest,3,all,2015-01-02,2025-04-03,2025-04-04,10316,2025-04-07,2025-12-29,736,pooled_auc,0.5090101566334074,22,"{""model__max_depth"": 8, ""model__min_samples_leaf"": 20, ""model__n_estimators"": 100}"
reference,hybrid,hist_gradient_boosting,3,all,2015-01-02,2025-04-03,2025-04-04,10316,2025-04-07,2025-12-29,736,pooled_auc,0.5156150251989401,22,"{""model__early_stopping"": false, ""model__max_iter"": 100, ""model__max_leaf_nodes"": 15}"
reference,lag_1,logistic_regression,3,all,2015-01-02,2025-04-03,2025-04-04,10316,2025-04-07,2025-12-29,736,pooled_auc,0.5068143409922347,24,"{""model__C"": 10.0}"
reference,lag_1,random_forest,3,all,2015-01-02,2025-04-03,2025-04-04,10316,2025-04-07,2025-12-29,736,pooled_auc,0.5096910719071713,24,"{""model__max_depth"": 8, ""model__min_samples_leaf"": 20, ""model__n_estimators"": 100}"
reference,lag_1,hist_gradient_boosting,3,all,2015-01-02,2025-04-03,2025-04-04,10316,2025-04-07,2025-12-29,736,pooled_auc,0.5089242215347141,24,"{""model__early_stopping"": false, ""model__max_iter"": 100, ""model__max_leaf_nodes"": 15}"
deduplicated,base,dummy,1,all,2015-01-02,2023-10-12,2023-10-13,8840,2023-10-16,2024-07-11,740,pooled_auc,0.5,9,{}
deduplicated,base,logistic_regression,1,all,2015-01-02,2023-10-12,2023-10-13,8840,2023-10-16,2024-07-11,740,pooled_auc,0.5015333179030799,9,"{""model__C"": 0.1}"
deduplicated,base,random_forest,1,all,2015-01-02,2023-10-12,2023-10-13,8840,2023-10-16,2024-07-11,740,pooled_auc,0.5028756128708378,9,"{""model__max_depth"": 8, ""model__min_samples_leaf"": 20, ""model__n_estimators"": 100}"
deduplicated,base,hist_gradient_boosting,1,all,2015-01-02,2023-10-12,2023-10-13,8840,2023-10-16,2024-07-11,740,pooled_auc,0.5040198039453792,9,"{""model__early_stopping"": false, ""model__max_iter"": 100, ""model__max_leaf_nodes"": 15}"
deduplicated,hybrid,logistic_regression,1,all,2015-01-02,2023-10-12,2023-10-13,8840,2023-10-16,2024-07-11,740,pooled_auc,0.5119691129786722,22,"{""model__C"": 0.1}"
deduplicated,hybrid,random_forest,1,all,2015-01-02,2023-10-12,2023-10-13,8840,2023-10-16,2024-07-11,740,pooled_auc,0.5052808576130204,22,"{""model__max_depth"": 8, ""model__min_samples_leaf"": 20, ""model__n_estimators"": 100}"
deduplicated,hybrid,hist_gradient_boosting,1,all,2015-01-02,2023-10-12,2023-10-13,8840,2023-10-16,2024-07-11,740,pooled_auc,0.5094109357127644,22,"{""model__early_stopping"": false, ""model__max_iter"": 100, ""model__max_leaf_nodes"": 15}"
deduplicated,lag_1,logistic_regression,1,all,2015-01-02,2023-10-12,2023-10-13,8840,2023-10-16,2024-07-11,740,pooled_auc,0.5120002068360381,24,"{""model__C"": 0.1}"
deduplicated,lag_1,random_forest,1,all,2015-01-02,2023-10-12,2023-10-13,8840,2023-10-16,2024-07-11,740,pooled_auc,0.5087898980388084,24,"{""model__max_depth"": 8, ""model__min_samples_leaf"": 20, ""model__n_estimators"": 100}"
deduplicated,lag_1,hist_gradient_boosting,1,all,2015-01-02,2023-10-12,2023-10-13,8840,2023-10-16,2024-07-11,740,pooled_auc,0.5020711526087924,24,"{""model__early_stopping"": false, ""model__max_iter"": 100, ""model__max_leaf_nodes"": 7}"
deduplicated,base,dummy,2,all,2015-01-02,2024-07-10,2024-07-11,9580,2024-07-12,2025-04-04,736,pooled_auc,0.5,9,{}
deduplicated,base,logistic_regression,2,all,2015-01-02,2024-07-10,2024-07-11,9580,2024-07-12,2025-04-04,736,pooled_auc,0.5033160632913615,9,"{""model__C"": 0.1}"
deduplicated,base,random_forest,2,all,2015-01-02,2024-07-10,2024-07-11,9580,2024-07-12,2025-04-04,736,pooled_auc,0.5049663466787623,9,"{""model__max_depth"": 8, ""model__min_samples_leaf"": 20, ""model__n_estimators"": 100}"
deduplicated,base,hist_gradient_boosting,2,all,2015-01-02,2024-07-10,2024-07-11,9580,2024-07-12,2025-04-04,736,pooled_auc,0.5006621394050003,9,"{""model__early_stopping"": false, ""model__max_iter"": 100, ""model__max_leaf_nodes"": 15}"
deduplicated,hybrid,logistic_regression,2,all,2015-01-02,2024-07-10,2024-07-11,9580,2024-07-12,2025-04-04,736,pooled_auc,0.5137027877028488,22,"{""model__C"": 0.1}"
deduplicated,hybrid,random_forest,2,all,2015-01-02,2024-07-10,2024-07-11,9580,2024-07-12,2025-04-04,736,pooled_auc,0.5120318812756698,22,"{""model__max_depth"": 8, ""model__min_samples_leaf"": 20, ""model__n_estimators"": 100}"
deduplicated,hybrid,hist_gradient_boosting,2,all,2015-01-02,2024-07-10,2024-07-11,9580,2024-07-12,2025-04-04,736,pooled_auc,0.5066589757020947,22,"{""model__early_stopping"": false, ""model__max_iter"": 100, ""model__max_leaf_nodes"": 7}"
deduplicated,lag_1,logistic_regression,2,all,2015-01-02,2024-07-10,2024-07-11,9580,2024-07-12,2025-04-04,736,pooled_auc,0.5137410401246714,24,"{""model__C"": 0.1}"
deduplicated,lag_1,random_forest,2,all,2015-01-02,2024-07-10,2024-07-11,9580,2024-07-12,2025-04-04,736,pooled_auc,0.5105212421048287,24,"{""model__max_depth"": 8, ""model__min_samples_leaf"": 20, ""model__n_estimators"": 100}"
deduplicated,lag_1,hist_gradient_boosting,2,all,2015-01-02,2024-07-10,2024-07-11,9580,2024-07-12,2025-04-04,736,pooled_auc,0.5007482340567694,24,"{""model__early_stopping"": false, ""model__max_iter"": 100, ""model__max_leaf_nodes"": 15}"
deduplicated,base,dummy,3,all,2015-01-02,2025-04-03,2025-04-04,10316,2025-04-07,2025-12-29,736,pooled_auc,0.5,9,{}
deduplicated,base,logistic_regression,3,all,2015-01-02,2025-04-03,2025-04-04,10316,2025-04-07,2025-12-29,736,pooled_auc,0.5055561205658033,9,"{""model__C"": 10.0}"
deduplicated,base,random_forest,3,all,2015-01-02,2025-04-03,2025-04-04,10316,2025-04-07,2025-12-29,736,pooled_auc,0.510317251103037,9,"{""model__max_depth"": 4, ""model__min_samples_leaf"": 20, ""model__n_estimators"": 100}"
deduplicated,base,hist_gradient_boosting,3,all,2015-01-02,2025-04-03,2025-04-04,10316,2025-04-07,2025-12-29,736,pooled_auc,0.51137966080714,9,"{""model__early_stopping"": false, ""model__max_iter"": 100, ""model__max_leaf_nodes"": 15}"
deduplicated,hybrid,logistic_regression,3,all,2015-01-02,2025-04-03,2025-04-04,10316,2025-04-07,2025-12-29,736,pooled_auc,0.5080700933562846,22,"{""model__C"": 10.0}"
deduplicated,hybrid,random_forest,3,all,2015-01-02,2025-04-03,2025-04-04,10316,2025-04-07,2025-12-29,736,pooled_auc,0.511849030622242,22,"{""model__max_depth"": 8, ""model__min_samples_leaf"": 20, ""model__n_estimators"": 100}"
deduplicated,hybrid,hist_gradient_boosting,3,all,2015-01-02,2025-04-03,2025-04-04,10316,2025-04-07,2025-12-29,736,pooled_auc,0.5120474102940062,22,"{""model__early_stopping"": false, ""model__max_iter"": 100, ""model__max_leaf_nodes"": 15}"
deduplicated,lag_1,logistic_regression,3,all,2015-01-02,2025-04-03,2025-04-04,10316,2025-04-07,2025-12-29,736,pooled_auc,0.507956454205297,24,"{""model__C"": 10.0}"
deduplicated,lag_1,random_forest,3,all,2015-01-02,2025-04-03,2025-04-04,10316,2025-04-07,2025-12-29,736,pooled_auc,0.5100337405408228,24,"{""model__max_depth"": 8, ""model__min_samples_leaf"": 20, ""model__n_estimators"": 100}"
deduplicated,lag_1,hist_gradient_boosting,3,all,2015-01-02,2025-04-03,2025-04-04,10316,2025-04-07,2025-12-29,736,pooled_auc,0.5074757601198256,24,"{""model__early_stopping"": false, ""model__max_iter"": 100, ""model__max_leaf_nodes"": 7}"
window_3y,base,dummy,1,all,2015-01-02,2023-10-12,2023-10-13,8840,2023-10-16,2024-07-11,740,pooled_auc,0.5,9,{}
window_3y,base,logistic_regression,1,3,2020-10-16,2023-10-12,2023-10-13,3008,2023-10-16,2024-07-11,740,pooled_auc,0.5014993008743087,9,"{""model__C"": 0.1}"
window_3y,base,random_forest,1,3,2020-10-16,2023-10-12,2023-10-13,3008,2023-10-16,2024-07-11,740,pooled_auc,0.5051664558988129,9,"{""model__max_depth"": 8, ""model__min_samples_leaf"": 20, ""model__n_estimators"": 100}"
window_3y,base,hist_gradient_boosting,1,3,2020-10-16,2023-10-12,2023-10-13,3008,2023-10-16,2024-07-11,740,pooled_auc,0.5027619490389316,9,"{""model__early_stopping"": false, ""model__max_iter"": 100, ""model__max_leaf_nodes"": 7}"
window_3y,hybrid,logistic_regression,1,3,2020-10-16,2023-10-12,2023-10-13,3008,2023-10-16,2024-07-11,740,pooled_auc,0.5122872877333534,22,"{""model__C"": 0.1}"
window_3y,hybrid,random_forest,1,3,2020-10-16,2023-10-12,2023-10-13,3008,2023-10-16,2024-07-11,740,pooled_auc,0.5028243208756037,22,"{""model__max_depth"": 8, ""model__min_samples_leaf"": 20, ""model__n_estimators"": 100}"
window_3y,hybrid,hist_gradient_boosting,1,3,2020-10-16,2023-10-12,2023-10-13,3008,2023-10-16,2024-07-11,740,pooled_auc,0.5055818549937934,22,"{""model__early_stopping"": false, ""model__max_iter"": 100, ""model__max_leaf_nodes"": 15}"
window_3y,lag_1,logistic_regression,1,3,2020-10-16,2023-10-12,2023-10-13,3008,2023-10-16,2024-07-11,740,pooled_auc,0.5121709752700455,24,"{""model__C"": 0.1}"
window_3y,lag_1,random_forest,1,3,2020-10-16,2023-10-12,2023-10-13,3008,2023-10-16,2024-07-11,740,pooled_auc,0.5039083580816823,24,"{""model__max_depth"": 8, ""model__min_samples_leaf"": 20, ""model__n_estimators"": 100}"
window_3y,lag_1,hist_gradient_boosting,1,3,2020-10-16,2023-10-12,2023-10-13,3008,2023-10-16,2024-07-11,740,pooled_auc,0.5022602883093116,24,"{""model__early_stopping"": false, ""model__max_iter"": 100, ""model__max_leaf_nodes"": 7}"
window_3y,base,dummy,2,all,2015-01-02,2024-07-10,2024-07-11,9580,2024-07-12,2025-04-04,736,pooled_auc,0.5,9,{}
window_3y,base,logistic_regression,2,3,2021-07-12,2024-07-10,2024-07-11,3016,2024-07-12,2025-04-04,736,pooled_auc,0.506306464197218,9,"{""model__C"": 0.1}"
window_3y,base,random_forest,2,3,2021-07-12,2024-07-10,2024-07-11,3016,2024-07-12,2025-04-04,736,pooled_auc,0.5047278234154638,9,"{""model__max_depth"": 8, ""model__min_samples_leaf"": 20, ""model__n_estimators"": 100}"
window_3y,base,hist_gradient_boosting,2,3,2021-07-12,2024-07-10,2024-07-11,3016,2024-07-12,2025-04-04,736,pooled_auc,0.5037539019458449,9,"{""model__early_stopping"": false, ""model__max_iter"": 100, ""model__max_leaf_nodes"": 15}"
window_3y,hybrid,logistic_regression,2,3,2021-07-12,2024-07-10,2024-07-11,3016,2024-07-12,2025-04-04,736,pooled_auc,0.5162560384174029,22,"{""model__C"": 0.1}"
window_3y,hybrid,random_forest,2,3,2021-07-12,2024-07-10,2024-07-11,3016,2024-07-12,2025-04-04,736,pooled_auc,0.5062895850615905,22,"{""model__max_depth"": 4, ""model__min_samples_leaf"": 20, ""model__n_estimators"": 100}"
window_3y,hybrid,hist_gradient_boosting,2,3,2021-07-12,2024-07-10,2024-07-11,3016,2024-07-12,2025-04-04,736,pooled_auc,0.5017817087331492,22,"{""model__early_stopping"": false, ""model__max_iter"": 100, ""model__max_leaf_nodes"": 7}"
window_3y,lag_1,logistic_regression,2,3,2021-07-12,2024-07-10,2024-07-11,3016,2024-07-12,2025-04-04,736,pooled_auc,0.5165364233310754,24,"{""model__C"": 0.1}"
window_3y,lag_1,random_forest,2,3,2021-07-12,2024-07-10,2024-07-11,3016,2024-07-12,2025-04-04,736,pooled_auc,0.509235207849138,24,"{""model__max_depth"": 8, ""model__min_samples_leaf"": 20, ""model__n_estimators"": 100}"
window_3y,lag_1,hist_gradient_boosting,2,3,2021-07-12,2024-07-10,2024-07-11,3016,2024-07-12,2025-04-04,736,pooled_auc,0.500584821893976,24,"{""model__early_stopping"": false, ""model__max_iter"": 100, ""model__max_leaf_nodes"": 15}"
window_3y,base,dummy,3,all,2015-01-02,2025-04-03,2025-04-04,10316,2025-04-07,2025-12-29,736,pooled_auc,0.5,9,{}
window_3y,base,logistic_regression,3,3,2022-04-07,2025-04-03,2025-04-04,3000,2025-04-07,2025-12-29,736,pooled_auc,0.5082093294057303,9,"{""model__C"": 10.0}"
window_3y,base,random_forest,3,3,2022-04-07,2025-04-03,2025-04-04,3000,2025-04-07,2025-12-29,736,pooled_auc,0.5140606360142133,9,"{""model__max_depth"": 8, ""model__min_samples_leaf"": 20, ""model__n_estimators"": 100}"
window_3y,base,hist_gradient_boosting,3,3,2022-04-07,2025-04-03,2025-04-04,3000,2025-04-07,2025-12-29,736,pooled_auc,0.5058876381639662,9,"{""model__early_stopping"": false, ""model__max_iter"": 100, ""model__max_leaf_nodes"": 15}"
window_3y,hybrid,logistic_regression,3,3,2022-04-07,2025-04-03,2025-04-04,3000,2025-04-07,2025-12-29,736,pooled_auc,0.512792050278151,22,"{""model__C"": 10.0}"
window_3y,hybrid,random_forest,3,3,2022-04-07,2025-04-03,2025-04-04,3000,2025-04-07,2025-12-29,736,pooled_auc,0.5071701924516354,22,"{""model__max_depth"": 8, ""model__min_samples_leaf"": 20, ""model__n_estimators"": 100}"
window_3y,hybrid,hist_gradient_boosting,3,3,2022-04-07,2025-04-03,2025-04-04,3000,2025-04-07,2025-12-29,736,pooled_auc,0.5086313725806585,22,"{""model__early_stopping"": false, ""model__max_iter"": 100, ""model__max_leaf_nodes"": 7}"
window_3y,lag_1,logistic_regression,3,3,2022-04-07,2025-04-03,2025-04-04,3000,2025-04-07,2025-12-29,736,pooled_auc,0.512561621577697,24,"{""model__C"": 10.0}"
window_3y,lag_1,random_forest,3,3,2022-04-07,2025-04-03,2025-04-04,3000,2025-04-07,2025-12-29,736,pooled_auc,0.5096391383860512,24,"{""model__max_depth"": 8, ""model__min_samples_leaf"": 20, ""model__n_estimators"": 100}"
window_3y,lag_1,hist_gradient_boosting,3,3,2022-04-07,2025-04-03,2025-04-04,3000,2025-04-07,2025-12-29,736,pooled_auc,0.504850473926871,24,"{""model__early_stopping"": false, ""model__max_iter"": 100, ""model__max_leaf_nodes"": 7}"
window_5y,base,dummy,1,all,2015-01-02,2023-10-12,2023-10-13,8840,2023-10-16,2024-07-11,740,pooled_auc,0.5,9,{}
window_5y,base,logistic_regression,1,5,2018-10-16,2023-10-12,2023-10-13,5024,2023-10-16,2024-07-11,740,pooled_auc,0.5020858980965183,9,"{""model__C"": 0.1}"
window_5y,base,random_forest,1,5,2018-10-16,2023-10-12,2023-10-13,5024,2023-10-16,2024-07-11,740,pooled_auc,0.4992907726488707,9,"{""model__max_depth"": 8, ""model__min_samples_leaf"": 20, ""model__n_estimators"": 100}"
window_5y,base,hist_gradient_boosting,1,5,2018-10-16,2023-10-12,2023-10-13,5024,2023-10-16,2024-07-11,740,pooled_auc,0.5079869383346217,9,"{""model__early_stopping"": false, ""model__max_iter"": 100, ""model__max_leaf_nodes"": 15}"
window_5y,hybrid,logistic_regression,1,5,2018-10-16,2023-10-12,2023-10-13,5024,2023-10-16,2024-07-11,740,pooled_auc,0.5125687154905881,22,"{""model__C"": 0.1}"
window_5y,hybrid,random_forest,1,5,2018-10-16,2023-10-12,2023-10-13,5024,2023-10-16,2024-07-11,740,pooled_auc,0.5030112832818788,22,"{""model__max_depth"": 8, ""model__min_samples_leaf"": 20, ""model__n_estimators"": 100}"
window_5y,hybrid,hist_gradient_boosting,1,5,2018-10-16,2023-10-12,2023-10-13,5024,2023-10-16,2024-07-11,740,pooled_auc,0.5097683596942555,22,"{""model__early_stopping"": false, ""model__max_iter"": 100, ""model__max_leaf_nodes"": 15}"
window_5y,lag_1,logistic_regression,1,5,2018-10-16,2023-10-12,2023-10-13,5024,2023-10-16,2024-07-11,740,pooled_auc,0.5126248154363929,24,"{""model__C"": 0.1}"
window_5y,lag_1,random_forest,1,5,2018-10-16,2023-10-12,2023-10-13,5024,2023-10-16,2024-07-11,740,pooled_auc,0.5051129158170501,24,"{""model__max_depth"": 8, ""model__min_samples_leaf"": 20, ""model__n_estimators"": 100}"
window_5y,lag_1,hist_gradient_boosting,1,5,2018-10-16,2023-10-12,2023-10-13,5024,2023-10-16,2024-07-11,740,pooled_auc,0.5046141630809073,24,"{""model__early_stopping"": false, ""model__max_iter"": 100, ""model__max_leaf_nodes"": 7}"
window_5y,base,dummy,2,all,2015-01-02,2024-07-10,2024-07-11,9580,2024-07-12,2025-04-04,736,pooled_auc,0.5,9,{}
window_5y,base,logistic_regression,2,5,2019-07-12,2024-07-10,2024-07-11,5028,2024-07-12,2025-04-04,736,pooled_auc,0.5043760161679604,9,"{""model__C"": 0.1}"
window_5y,base,random_forest,2,5,2019-07-12,2024-07-10,2024-07-11,5028,2024-07-12,2025-04-04,736,pooled_auc,0.500855995065692,9,"{""model__max_depth"": 8, ""model__min_samples_leaf"": 20, ""model__n_estimators"": 100}"
window_5y,base,hist_gradient_boosting,2,5,2019-07-12,2024-07-10,2024-07-11,5028,2024-07-12,2025-04-04,736,pooled_auc,0.504958011668773,9,"{""model__early_stopping"": false, ""model__max_iter"": 100, ""model__max_leaf_nodes"": 15}"
window_5y,hybrid,logistic_regression,2,5,2019-07-12,2024-07-10,2024-07-11,5028,2024-07-12,2025-04-04,736,pooled_auc,0.5155621554207298,22,"{""model__C"": 0.1}"
window_5y,hybrid,random_forest,2,5,2019-07-12,2024-07-10,2024-07-11,5028,2024-07-12,2025-04-04,736,pooled_auc,0.5109640507623311,22,"{""model__max_depth"": 4, ""model__min_samples_leaf"": 20, ""model__n_estimators"": 100}"
window_5y,hybrid,hist_gradient_boosting,2,5,2019-07-12,2024-07-10,2024-07-11,5028,2024-07-12,2025-04-04,736,pooled_auc,0.5067604630113264,22,"{""model__early_stopping"": false, ""model__max_iter"": 100, ""model__max_leaf_nodes"": 7}"
window_5y,lag_1,logistic_regression,2,5,2019-07-12,2024-07-10,2024-07-11,5028,2024-07-12,2025-04-04,736,pooled_auc,0.5153763959914238,24,"{""model__C"": 0.1}"
window_5y,lag_1,random_forest,2,5,2019-07-12,2024-07-10,2024-07-11,5028,2024-07-12,2025-04-04,736,pooled_auc,0.5074169788055988,24,"{""model__max_depth"": 8, ""model__min_samples_leaf"": 20, ""model__n_estimators"": 100}"
window_5y,lag_1,hist_gradient_boosting,2,5,2019-07-12,2024-07-10,2024-07-11,5028,2024-07-12,2025-04-04,736,pooled_auc,0.5003906011014589,24,"{""model__early_stopping"": false, ""model__max_iter"": 100, ""model__max_leaf_nodes"": 15}"
window_5y,base,dummy,3,all,2015-01-02,2025-04-03,2025-04-04,10316,2025-04-07,2025-12-29,736,pooled_auc,0.5,9,{}
window_5y,base,logistic_regression,3,5,2020-04-07,2025-04-03,2025-04-04,5020,2025-04-07,2025-12-29,736,pooled_auc,0.5074224333503157,9,"{""model__C"": 10.0}"
window_5y,base,random_forest,3,5,2020-04-07,2025-04-03,2025-04-04,5020,2025-04-07,2025-12-29,736,pooled_auc,0.5078739707936136,9,"{""model__max_depth"": 8, ""model__min_samples_leaf"": 20, ""model__n_estimators"": 100}"
window_5y,base,hist_gradient_boosting,3,5,2020-04-07,2025-04-03,2025-04-04,5020,2025-04-07,2025-12-29,736,pooled_auc,0.5080122459370566,9,"{""model__early_stopping"": false, ""model__max_iter"": 100, ""model__max_leaf_nodes"": 15}"
window_5y,hybrid,logistic_regression,3,5,2020-04-07,2025-04-03,2025-04-04,5020,2025-04-07,2025-12-29,736,pooled_auc,0.509645294042762,22,"{""model__C"": 10.0}"
window_5y,hybrid,random_forest,3,5,2020-04-07,2025-04-03,2025-04-04,5020,2025-04-07,2025-12-29,736,pooled_auc,0.5062053386999844,22,"{""model__max_depth"": 8, ""model__min_samples_leaf"": 20, ""model__n_estimators"": 100}"
window_5y,hybrid,hist_gradient_boosting,3,5,2020-04-07,2025-04-03,2025-04-04,5020,2025-04-07,2025-12-29,736,pooled_auc,0.5084575080983054,22,"{""model__early_stopping"": false, ""model__max_iter"": 100, ""model__max_leaf_nodes"": 7}"
window_5y,lag_1,logistic_regression,3,5,2020-04-07,2025-04-03,2025-04-04,5020,2025-04-07,2025-12-29,736,pooled_auc,0.5095024320889316,24,"{""model__C"": 10.0}"
window_5y,lag_1,random_forest,3,5,2020-04-07,2025-04-03,2025-04-04,5020,2025-04-07,2025-12-29,736,pooled_auc,0.5039273100691982,24,"{""model__max_depth"": 8, ""model__min_samples_leaf"": 20, ""model__n_estimators"": 100}"
window_5y,lag_1,hist_gradient_boosting,3,5,2020-04-07,2025-04-03,2025-04-04,5020,2025-04-07,2025-12-29,736,pooled_auc,0.5056652337930574,24,"{""model__early_stopping"": false, ""model__max_iter"": 100, ""model__max_leaf_nodes"": 15}"
enhanced,base,dummy,1,all,2015-01-02,2023-10-12,2023-10-13,8840,2023-10-16,2024-07-11,740,pooled_auc,0.5,9,{}
enhanced,base,logistic_regression,1,all,2015-01-02,2023-10-12,2023-10-13,8840,2023-10-16,2024-07-11,740,pooled_auc,0.5015333179030799,9,"{""model__C"": 0.1}"
enhanced,base,random_forest,1,all,2015-01-02,2023-10-12,2023-10-13,8840,2023-10-16,2024-07-11,740,pooled_auc,0.5028756128708378,9,"{""model__max_depth"": 8, ""model__min_samples_leaf"": 20, ""model__n_estimators"": 100}"
enhanced,base,hist_gradient_boosting,1,all,2015-01-02,2023-10-12,2023-10-13,8840,2023-10-16,2024-07-11,740,pooled_auc,0.5040198039453792,9,"{""model__early_stopping"": false, ""model__max_iter"": 100, ""model__max_leaf_nodes"": 15}"
enhanced,hybrid,logistic_regression,1,all,2015-01-02,2023-10-12,2023-10-13,8840,2023-10-16,2024-07-11,740,pooled_auc,0.5104446085777682,27,"{""model__C"": 0.1}"
enhanced,hybrid,random_forest,1,all,2015-01-02,2023-10-12,2023-10-13,8840,2023-10-16,2024-07-11,740,pooled_auc,0.5130140285610533,27,"{""model__max_depth"": 4, ""model__min_samples_leaf"": 20, ""model__n_estimators"": 100}"
enhanced,hybrid,hist_gradient_boosting,1,all,2015-01-02,2023-10-12,2023-10-13,8840,2023-10-16,2024-07-11,740,pooled_auc,0.5068559927986582,27,"{""model__early_stopping"": false, ""model__max_iter"": 100, ""model__max_leaf_nodes"": 15}"
enhanced,lag_1,logistic_regression,1,all,2015-01-02,2023-10-12,2023-10-13,8840,2023-10-16,2024-07-11,740,pooled_auc,0.5062842072772412,34,"{""model__C"": 0.1}"
enhanced,lag_1,random_forest,1,all,2015-01-02,2023-10-12,2023-10-13,8840,2023-10-16,2024-07-11,740,pooled_auc,0.5007109353836386,34,"{""model__max_depth"": 4, ""model__min_samples_leaf"": 20, ""model__n_estimators"": 100}"
enhanced,lag_1,hist_gradient_boosting,1,all,2015-01-02,2023-10-12,2023-10-13,8840,2023-10-16,2024-07-11,740,pooled_auc,0.49874751240015797,34,"{""model__early_stopping"": false, ""model__max_iter"": 100, ""model__max_leaf_nodes"": 7}"
enhanced,base,dummy,2,all,2015-01-02,2024-07-10,2024-07-11,9580,2024-07-12,2025-04-04,736,pooled_auc,0.5,9,{}
enhanced,base,logistic_regression,2,all,2015-01-02,2024-07-10,2024-07-11,9580,2024-07-12,2025-04-04,736,pooled_auc,0.5033160632913615,9,"{""model__C"": 0.1}"
enhanced,base,random_forest,2,all,2015-01-02,2024-07-10,2024-07-11,9580,2024-07-12,2025-04-04,736,pooled_auc,0.5049663466787623,9,"{""model__max_depth"": 8, ""model__min_samples_leaf"": 20, ""model__n_estimators"": 100}"
enhanced,base,hist_gradient_boosting,2,all,2015-01-02,2024-07-10,2024-07-11,9580,2024-07-12,2025-04-04,736,pooled_auc,0.5006621394050003,9,"{""model__early_stopping"": false, ""model__max_iter"": 100, ""model__max_leaf_nodes"": 15}"
enhanced,hybrid,logistic_regression,2,all,2015-01-02,2024-07-10,2024-07-11,9580,2024-07-12,2025-04-04,736,pooled_auc,0.5112108641508919,27,"{""model__C"": 0.1}"
enhanced,hybrid,random_forest,2,all,2015-01-02,2024-07-10,2024-07-11,9580,2024-07-12,2025-04-04,736,pooled_auc,0.5156370376785518,27,"{""model__max_depth"": 4, ""model__min_samples_leaf"": 20, ""model__n_estimators"": 100}"
enhanced,hybrid,hist_gradient_boosting,2,all,2015-01-02,2024-07-10,2024-07-11,9580,2024-07-12,2025-04-04,736,pooled_auc,0.5160678618594629,27,"{""model__early_stopping"": false, ""model__max_iter"": 100, ""model__max_leaf_nodes"": 7}"
enhanced,lag_1,logistic_regression,2,all,2015-01-02,2024-07-10,2024-07-11,9580,2024-07-12,2025-04-04,736,pooled_auc,0.5071924571313402,34,"{""model__C"": 0.1}"
enhanced,lag_1,random_forest,2,all,2015-01-02,2024-07-10,2024-07-11,9580,2024-07-12,2025-04-04,736,pooled_auc,0.5044746092355498,34,"{""model__max_depth"": 4, ""model__min_samples_leaf"": 20, ""model__n_estimators"": 100}"
enhanced,lag_1,hist_gradient_boosting,2,all,2015-01-02,2024-07-10,2024-07-11,9580,2024-07-12,2025-04-04,736,pooled_auc,0.5008781101560932,34,"{""model__early_stopping"": false, ""model__max_iter"": 100, ""model__max_leaf_nodes"": 7}"
enhanced,base,dummy,3,all,2015-01-02,2025-04-03,2025-04-04,10316,2025-04-07,2025-12-29,736,pooled_auc,0.5,9,{}
enhanced,base,logistic_regression,3,all,2015-01-02,2025-04-03,2025-04-04,10316,2025-04-07,2025-12-29,736,pooled_auc,0.5055561205658033,9,"{""model__C"": 10.0}"
enhanced,base,random_forest,3,all,2015-01-02,2025-04-03,2025-04-04,10316,2025-04-07,2025-12-29,736,pooled_auc,0.510317251103037,9,"{""model__max_depth"": 4, ""model__min_samples_leaf"": 20, ""model__n_estimators"": 100}"
enhanced,base,hist_gradient_boosting,3,all,2015-01-02,2025-04-03,2025-04-04,10316,2025-04-07,2025-12-29,736,pooled_auc,0.51137966080714,9,"{""model__early_stopping"": false, ""model__max_iter"": 100, ""model__max_leaf_nodes"": 15}"
enhanced,hybrid,logistic_regression,3,all,2015-01-02,2025-04-03,2025-04-04,10316,2025-04-07,2025-12-29,736,pooled_auc,0.5074767232075904,27,"{""model__C"": 0.1}"
enhanced,hybrid,random_forest,3,all,2015-01-02,2025-04-03,2025-04-04,10316,2025-04-07,2025-12-29,736,pooled_auc,0.5087813062241989,27,"{""model__max_depth"": 4, ""model__min_samples_leaf"": 20, ""model__n_estimators"": 100}"
enhanced,hybrid,hist_gradient_boosting,3,all,2015-01-02,2025-04-03,2025-04-04,10316,2025-04-07,2025-12-29,736,pooled_auc,0.5144519666310856,27,"{""model__early_stopping"": false, ""model__max_iter"": 100, ""model__max_leaf_nodes"": 15}"
enhanced,lag_1,logistic_regression,3,all,2015-01-02,2025-04-03,2025-04-04,10316,2025-04-07,2025-12-29,736,pooled_auc,0.503528199409962,34,"{""model__C"": 10.0}"
enhanced,lag_1,random_forest,3,all,2015-01-02,2025-04-03,2025-04-04,10316,2025-04-07,2025-12-29,736,pooled_auc,0.5039398460731657,34,"{""model__max_depth"": 4, ""model__min_samples_leaf"": 20, ""model__n_estimators"": 100}"
enhanced,lag_1,hist_gradient_boosting,3,all,2015-01-02,2025-04-03,2025-04-04,10316,2025-04-07,2025-12-29,736,pooled_auc,0.5033370127943531,34,"{""model__early_stopping"": false, ""model__max_iter"": 100, ""model__max_leaf_nodes"": 15}"
macro,base,dummy,1,all,2015-01-02,2023-10-12,2023-10-13,8840,2023-10-16,2024-07-11,740,macro_auc,0.5,9,{}
macro,base,logistic_regression,1,all,2015-01-02,2023-10-12,2023-10-13,8840,2023-10-16,2024-07-11,740,macro_auc,0.5107239967409757,9,"{""model__C"": 0.1}"
macro,base,random_forest,1,all,2015-01-02,2023-10-12,2023-10-13,8840,2023-10-16,2024-07-11,740,macro_auc,0.5078345818702398,9,"{""model__max_depth"": 8, ""model__min_samples_leaf"": 20, ""model__n_estimators"": 100}"
macro,base,hist_gradient_boosting,1,all,2015-01-02,2023-10-12,2023-10-13,8840,2023-10-16,2024-07-11,740,macro_auc,0.5081154877277904,9,"{""model__early_stopping"": false, ""model__max_iter"": 100, ""model__max_leaf_nodes"": 15}"
macro,hybrid,logistic_regression,1,all,2015-01-02,2023-10-12,2023-10-13,8840,2023-10-16,2024-07-11,740,macro_auc,0.5177797248064953,27,"{""model__C"": 0.1}"
macro,hybrid,random_forest,1,all,2015-01-02,2023-10-12,2023-10-13,8840,2023-10-16,2024-07-11,740,macro_auc,0.5175387959804764,27,"{""model__max_depth"": 4, ""model__min_samples_leaf"": 20, ""model__n_estimators"": 100}"
macro,hybrid,hist_gradient_boosting,1,all,2015-01-02,2023-10-12,2023-10-13,8840,2023-10-16,2024-07-11,740,macro_auc,0.5087007022809232,27,"{""model__early_stopping"": false, ""model__max_iter"": 100, ""model__max_leaf_nodes"": 15}"
macro,lag_1,logistic_regression,1,all,2015-01-02,2023-10-12,2023-10-13,8840,2023-10-16,2024-07-11,740,macro_auc,0.5097752962990348,34,"{""model__C"": 0.1}"
macro,lag_1,random_forest,1,all,2015-01-02,2023-10-12,2023-10-13,8840,2023-10-16,2024-07-11,740,macro_auc,0.5039028991671236,34,"{""model__max_depth"": 4, ""model__min_samples_leaf"": 20, ""model__n_estimators"": 100}"
macro,lag_1,hist_gradient_boosting,1,all,2015-01-02,2023-10-12,2023-10-13,8840,2023-10-16,2024-07-11,740,macro_auc,0.5003190091669935,34,"{""model__early_stopping"": false, ""model__max_iter"": 100, ""model__max_leaf_nodes"": 7}"
macro,base,dummy,2,all,2015-01-02,2024-07-10,2024-07-11,9580,2024-07-12,2025-04-04,736,macro_auc,0.5,9,{}
macro,base,logistic_regression,2,all,2015-01-02,2024-07-10,2024-07-11,9580,2024-07-12,2025-04-04,736,macro_auc,0.5127278206543623,9,"{""model__C"": 0.1}"
macro,base,random_forest,2,all,2015-01-02,2024-07-10,2024-07-11,9580,2024-07-12,2025-04-04,736,macro_auc,0.5105125503053527,9,"{""model__max_depth"": 8, ""model__min_samples_leaf"": 20, ""model__n_estimators"": 100}"
macro,base,hist_gradient_boosting,2,all,2015-01-02,2024-07-10,2024-07-11,9580,2024-07-12,2025-04-04,736,macro_auc,0.5039534105014286,9,"{""model__early_stopping"": false, ""model__max_iter"": 100, ""model__max_leaf_nodes"": 15}"
macro,hybrid,logistic_regression,2,all,2015-01-02,2024-07-10,2024-07-11,9580,2024-07-12,2025-04-04,736,macro_auc,0.518147223490274,27,"{""model__C"": 0.1}"
macro,hybrid,random_forest,2,all,2015-01-02,2024-07-10,2024-07-11,9580,2024-07-12,2025-04-04,736,macro_auc,0.5215977780636599,27,"{""model__max_depth"": 4, ""model__min_samples_leaf"": 20, ""model__n_estimators"": 100}"
macro,hybrid,hist_gradient_boosting,2,all,2015-01-02,2024-07-10,2024-07-11,9580,2024-07-12,2025-04-04,736,macro_auc,0.5184230029555459,27,"{""model__early_stopping"": false, ""model__max_iter"": 100, ""model__max_leaf_nodes"": 7}"
macro,lag_1,logistic_regression,2,all,2015-01-02,2024-07-10,2024-07-11,9580,2024-07-12,2025-04-04,736,macro_auc,0.5117534419404105,34,"{""model__C"": 0.1}"
macro,lag_1,random_forest,2,all,2015-01-02,2024-07-10,2024-07-11,9580,2024-07-12,2025-04-04,736,macro_auc,0.5074097970081465,34,"{""model__max_depth"": 4, ""model__min_samples_leaf"": 20, ""model__n_estimators"": 100}"
macro,lag_1,hist_gradient_boosting,2,all,2015-01-02,2024-07-10,2024-07-11,9580,2024-07-12,2025-04-04,736,macro_auc,0.5028328961799161,34,"{""model__early_stopping"": false, ""model__max_iter"": 100, ""model__max_leaf_nodes"": 7}"
macro,base,dummy,3,all,2015-01-02,2025-04-03,2025-04-04,10316,2025-04-07,2025-12-29,736,macro_auc,0.5,9,{}
macro,base,logistic_regression,3,all,2015-01-02,2025-04-03,2025-04-04,10316,2025-04-07,2025-12-29,736,macro_auc,0.5110440527682444,9,"{""model__C"": 10.0}"
macro,base,random_forest,3,all,2015-01-02,2025-04-03,2025-04-04,10316,2025-04-07,2025-12-29,736,macro_auc,0.514192204023624,9,"{""model__max_depth"": 4, ""model__min_samples_leaf"": 20, ""model__n_estimators"": 100}"
macro,base,hist_gradient_boosting,3,all,2015-01-02,2025-04-03,2025-04-04,10316,2025-04-07,2025-12-29,736,macro_auc,0.5138995716994232,9,"{""model__early_stopping"": false, ""model__max_iter"": 100, ""model__max_leaf_nodes"": 15}"
macro,hybrid,logistic_regression,3,all,2015-01-02,2025-04-03,2025-04-04,10316,2025-04-07,2025-12-29,736,macro_auc,0.5117568541909822,27,"{""model__C"": 0.1}"
macro,hybrid,random_forest,3,all,2015-01-02,2025-04-03,2025-04-04,10316,2025-04-07,2025-12-29,736,macro_auc,0.5148314961315835,27,"{""model__max_depth"": 4, ""model__min_samples_leaf"": 20, ""model__n_estimators"": 100}"
macro,hybrid,hist_gradient_boosting,3,all,2015-01-02,2025-04-03,2025-04-04,10316,2025-04-07,2025-12-29,736,macro_auc,0.5174189000803304,27,"{""model__early_stopping"": false, ""model__max_iter"": 100, ""model__max_leaf_nodes"": 15}"
macro,lag_1,logistic_regression,3,all,2015-01-02,2025-04-03,2025-04-04,10316,2025-04-07,2025-12-29,736,macro_auc,0.50764751270301,34,"{""model__C"": 10.0}"
macro,lag_1,random_forest,3,all,2015-01-02,2025-04-03,2025-04-04,10316,2025-04-07,2025-12-29,736,macro_auc,0.5085662838662098,34,"{""model__max_depth"": 4, ""model__min_samples_leaf"": 20, ""model__n_estimators"": 100}"
macro,lag_1,hist_gradient_boosting,3,all,2015-01-02,2025-04-03,2025-04-04,10316,2025-04-07,2025-12-29,736,macro_auc,0.5051565873762938,34,"{""model__early_stopping"": false, ""model__max_iter"": 100, ""model__max_leaf_nodes"": 15}"
tuned,base,dummy,1,all,2015-01-02,2023-10-12,2023-10-13,8840,2023-10-16,2024-07-11,740,macro_auc,0.5,9,{}
tuned,base,logistic_regression,1,5,2018-10-16,2023-10-12,2023-10-13,5024,2023-10-16,2024-07-11,740,macro_auc,0.5113691375114252,9,"{""model__C"": 0.1}"
tuned,base,random_forest,1,3,2020-10-16,2023-10-12,2023-10-13,3008,2023-10-16,2024-07-11,740,macro_auc,0.5101722265991784,9,"{""model__max_depth"": 8, ""model__max_features"": 0.5, ""model__min_samples_leaf"": 20, ""model__n_estimators"": 100}"
tuned,base,hist_gradient_boosting,1,all,2015-01-02,2023-10-12,2023-10-13,8840,2023-10-16,2024-07-11,740,macro_auc,0.5103599991150479,9,"{""model__early_stopping"": false, ""model__l2_regularization"": 1.0, ""model__learning_rate"": 0.05, ""model__max_iter"": 100, ""model__max_leaf_nodes"": 31, ""model__min_samples_leaf"": 20}"
tuned,hybrid,logistic_regression,1,5,2018-10-16,2023-10-12,2023-10-13,5024,2023-10-16,2024-07-11,740,macro_auc,0.5179078380717016,27,"{""model__C"": 0.1}"
tuned,hybrid,random_forest,1,all,2015-01-02,2023-10-12,2023-10-13,8840,2023-10-16,2024-07-11,740,macro_auc,0.5175387959804764,27,"{""model__max_depth"": 4, ""model__min_samples_leaf"": 20, ""model__n_estimators"": 100}"
tuned,hybrid,hist_gradient_boosting,1,5,2018-10-16,2023-10-12,2023-10-13,5024,2023-10-16,2024-07-11,740,macro_auc,0.5165921175145423,27,"{""model__early_stopping"": false, ""model__l2_regularization"": 10.0, ""model__learning_rate"": 0.1, ""model__max_iter"": 200, ""model__max_leaf_nodes"": 31, ""model__min_samples_leaf"": 80}"
tuned,lag_1,logistic_regression,1,all,2015-01-02,2023-10-12,2023-10-13,8840,2023-10-16,2024-07-11,740,macro_auc,0.5097752962990348,34,"{""model__C"": 0.1}"
tuned,lag_1,random_forest,1,3,2020-10-16,2023-10-12,2023-10-13,3008,2023-10-16,2024-07-11,740,macro_auc,0.5083397500802657,34,"{""model__max_depth"": 4, ""model__max_features"": ""sqrt"", ""model__min_samples_leaf"": 40, ""model__n_estimators"": 100}"
tuned,lag_1,hist_gradient_boosting,1,5,2018-10-16,2023-10-12,2023-10-13,5024,2023-10-16,2024-07-11,740,macro_auc,0.5084619701518207,34,"{""model__early_stopping"": false, ""model__l2_regularization"": 10.0, ""model__learning_rate"": 0.1, ""model__max_iter"": 200, ""model__max_leaf_nodes"": 31, ""model__min_samples_leaf"": 80}"
tuned,base,dummy,2,all,2015-01-02,2024-07-10,2024-07-11,9580,2024-07-12,2025-04-04,736,macro_auc,0.5,9,{}
tuned,base,logistic_regression,2,3,2021-07-12,2024-07-10,2024-07-11,3016,2024-07-12,2025-04-04,736,macro_auc,0.5152859272044408,9,"{""model__C"": 0.1}"
tuned,base,random_forest,2,3,2021-07-12,2024-07-10,2024-07-11,3016,2024-07-12,2025-04-04,736,macro_auc,0.5128421244429161,9,"{""model__max_depth"": 8, ""model__max_features"": 0.5, ""model__min_samples_leaf"": 20, ""model__n_estimators"": 100}"
tuned,base,hist_gradient_boosting,2,5,2019-07-12,2024-07-10,2024-07-11,5028,2024-07-12,2025-04-04,736,macro_auc,0.5151399287320604,9,"{""model__early_stopping"": false, ""model__l2_regularization"": 0.0, ""model__learning_rate"": 0.1, ""model__max_iter"": 100, ""model__max_leaf_nodes"": 31, ""model__min_samples_leaf"": 20}"
tuned,hybrid,logistic_regression,2,3,2021-07-12,2024-07-10,2024-07-11,3016,2024-07-12,2025-04-04,736,macro_auc,0.5200884084378724,27,"{""model__C"": 0.1}"
tuned,hybrid,random_forest,2,all,2015-01-02,2024-07-10,2024-07-11,9580,2024-07-12,2025-04-04,736,macro_auc,0.5215977780636599,27,"{""model__max_depth"": 4, ""model__min_samples_leaf"": 20, ""model__n_estimators"": 100}"
tuned,hybrid,hist_gradient_boosting,2,all,2015-01-02,2024-07-10,2024-07-11,9580,2024-07-12,2025-04-04,736,macro_auc,0.5190453232728877,27,"{""model__early_stopping"": false, ""model__l2_regularization"": 1.0, ""model__learning_rate"": 0.05, ""model__max_iter"": 200, ""model__max_leaf_nodes"": 15, ""model__min_samples_leaf"": 80}"
tuned,lag_1,logistic_regression,2,5,2019-07-12,2024-07-10,2024-07-11,5028,2024-07-12,2025-04-04,736,macro_auc,0.5127038446367315,34,"{""model__C"": 0.1}"
tuned,lag_1,random_forest,2,3,2021-07-12,2024-07-10,2024-07-11,3016,2024-07-12,2025-04-04,736,macro_auc,0.5106849461750785,34,"{""model__max_depth"": 4, ""model__max_features"": ""sqrt"", ""model__min_samples_leaf"": 40, ""model__n_estimators"": 100}"
tuned,lag_1,hist_gradient_boosting,2,all,2015-01-02,2024-07-10,2024-07-11,9580,2024-07-12,2025-04-04,736,macro_auc,0.5122822192776669,34,"{""model__early_stopping"": false, ""model__l2_regularization"": 10.0, ""model__learning_rate"": 0.025, ""model__max_iter"": 100, ""model__max_leaf_nodes"": 3, ""model__min_samples_leaf"": 40}"
tuned,base,dummy,3,all,2015-01-02,2025-04-03,2025-04-04,10316,2025-04-07,2025-12-29,736,macro_auc,0.5,9,{}
tuned,base,logistic_regression,3,3,2022-04-07,2025-04-03,2025-04-04,3000,2025-04-07,2025-12-29,736,macro_auc,0.5130042037576404,9,"{""model__C"": 10.0}"
tuned,base,random_forest,3,3,2022-04-07,2025-04-03,2025-04-04,3000,2025-04-07,2025-12-29,736,macro_auc,0.5147156358596973,9,"{""model__max_depth"": 8, ""model__max_features"": 0.5, ""model__min_samples_leaf"": 20, ""model__n_estimators"": 100}"
tuned,base,hist_gradient_boosting,3,all,2015-01-02,2025-04-03,2025-04-04,10316,2025-04-07,2025-12-29,736,macro_auc,0.5138995716994232,9,"{""model__early_stopping"": false, ""model__max_iter"": 100, ""model__max_leaf_nodes"": 15}"
tuned,hybrid,logistic_regression,3,3,2022-04-07,2025-04-03,2025-04-04,3000,2025-04-07,2025-12-29,736,macro_auc,0.516433535780587,27,"{""model__C"": 0.1}"
tuned,hybrid,random_forest,3,3,2022-04-07,2025-04-03,2025-04-04,3000,2025-04-07,2025-12-29,736,macro_auc,0.5198285559582169,27,"{""model__max_depth"": 8, ""model__max_features"": 1.0, ""model__min_samples_leaf"": 5, ""model__n_estimators"": 100}"
tuned,hybrid,hist_gradient_boosting,3,3,2022-04-07,2025-04-03,2025-04-04,3000,2025-04-07,2025-12-29,736,macro_auc,0.5202281357821316,27,"{""model__early_stopping"": false, ""model__l2_regularization"": 1.0, ""model__learning_rate"": 0.025, ""model__max_iter"": 200, ""model__max_leaf_nodes"": 7, ""model__min_samples_leaf"": 80}"
tuned,lag_1,logistic_regression,3,3,2022-04-07,2025-04-03,2025-04-04,3000,2025-04-07,2025-12-29,736,macro_auc,0.5104843734990797,34,"{""model__C"": 10.0}"
tuned,lag_1,random_forest,3,3,2022-04-07,2025-04-03,2025-04-04,3000,2025-04-07,2025-12-29,736,macro_auc,0.5116367353473823,34,"{""model__max_depth"": 8, ""model__max_features"": 0.5, ""model__min_samples_leaf"": 20, ""model__n_estimators"": 100}"
tuned,lag_1,hist_gradient_boosting,3,5,2020-04-07,2025-04-03,2025-04-04,5020,2025-04-07,2025-12-29,736,macro_auc,0.5110597720415219,34,"{""model__early_stopping"": false, ""model__l2_regularization"": 10.0, ""model__learning_rate"": 0.1, ""model__max_iter"": 200, ""model__max_leaf_nodes"": 31, ""model__min_samples_leaf"": 80}"
